2026-03-26 17:38:34,754 [ERROR] __main__ - 缺少必填配置项: LINKEDIN_EMAIL, LINKEDIN_PASSWORD, TARGET_PROFILE_URL, NOTIFY_EMAIL_SENDER, NOTIFY_EMAIL_APP_PASSWORD, NOTIFY_EMAIL_RECIPIENT
请将 .env.example 复制为 .env 并填写相应信息。
2026-03-27 15:09:53,786 [INFO] __main__ - ============================================================
2026-03-27 15:09:53,788 [INFO] __main__ - LinkedIn 动态追踪器已启动
2026-03-27 15:09:53,789 [INFO] __main__ - 监控目标: https://www.linkedin.com/in/%E4%B8%80%E4%B9%9F-%E5%94%90-297422295/
2026-03-27 15:09:53,790 [INFO] __main__ - 检查间隔: 5 分钟
2026-03-27 15:09:53,790 [INFO] __main__ - 通知邮箱: 360142420@qq.com
2026-03-27 15:09:53,790 [INFO] __main__ - ============================================================
2026-03-27 15:09:53,791 [INFO] __main__ - ▶ 开始检查新动态 …
2026-03-27 15:10:55,047 [INFO] __main__ - ============================================================
2026-03-27 15:10:55,047 [INFO] __main__ - LinkedIn 动态追踪器已启动
2026-03-27 15:10:55,047 [INFO] __main__ - 监控目标: https://www.linkedin.com/in/%E4%B8%80%E4%B9%9F-%E5%94%90-297422295/
2026-03-27 15:10:55,048 [INFO] __main__ - 检查间隔: 5 分钟
2026-03-27 15:10:55,048 [INFO] __main__ - 通知邮箱: 360142420@qq.com
2026-03-27 15:10:55,048 [INFO] __main__ - ============================================================
2026-03-27 15:10:55,048 [INFO] __main__ - ▶ 开始检查新动态 …
2026-03-27 15:11:35,557 [INFO] undetected_chromedriver.patcher - patching driver executable C:\Users\ANGUTANG\appdata\roaming\undetected_chromedriver\undetected_chromedriver.exe
2026-03-27 15:11:39,800 [ERROR] __main__ - 抓取过程出现未预期错误: Binary Location Must be a String
Traceback (most recent call last):
  File "C:\autoGeneratedApp\linkedInInformationCollection\main.py", line 42, in check_for_new_posts
    with LinkedInScraper(
         ~~~~~~~~~~~~~~~^
        email=config.LINKEDIN_EMAIL,
        ^^^^^^^^^^^^^^^^^^^^^^^^^^^^
        password=config.LINKEDIN_PASSWORD,
        ^^^^^^^^^^^^^^^^^^^^^^^^^^^^^^^^^^
        headless=config.HEADLESS,
        ^^^^^^^^^^^^^^^^^^^^^^^^^
    ) as scraper:
    ^
  File "C:\autoGeneratedApp\linkedInInformationCollection\scraper.py", line 73, in __enter__
    self._init_driver()
    ~~~~~~~~~~~~~~~~~^^
  File "C:\autoGeneratedApp\linkedInInformationCollection\scraper.py", line 173, in _init_driver
    self._driver = uc.Chrome(options=options)
                   ~~~~~~~~~^^^^^^^^^^^^^^^^^
  File "C:\autoGeneratedApp\linkedInInformationCollection\.venv\Lib\site-packages\undetected_chromedriver\__init__.py", line 372, in __init__
    options.binary_location = (
    ^^^^^^^^^^^^^^^^^^^^^^^
  File "C:\autoGeneratedApp\linkedInInformationCollection\.venv\Lib\site-packages\selenium\webdriver\chromium\options.py", line 52, in binary_location
    raise TypeError(self.BINARY_LOCATION_ERROR)
TypeError: Binary Location Must be a String
2026-03-27 15:11:39,807 [INFO] __main__ - 定时任务已设置，按 Ctrl+C 停止程序
2026-03-27 15:22:22,156 [INFO] __main__ - ============================================================
2026-03-27 15:22:22,157 [INFO] __main__ - LinkedIn 动态追踪器已启动
2026-03-27 15:22:22,157 [INFO] __main__ - 监控目标: https://www.linkedin.com/in/%E4%B8%80%E4%B9%9F-%E5%94%90-297422295/
2026-03-27 15:22:22,157 [INFO] __main__ - 检查间隔: 5 分钟
2026-03-27 15:22:22,157 [INFO] __main__ - 通知邮箱: 360142420@qq.com
2026-03-27 15:22:22,157 [INFO] __main__ - ============================================================
2026-03-27 15:22:22,158 [INFO] __main__ - ▶ 开始检查新动态 …
2026-03-27 15:22:22,183 [WARNING] scraper - 未检测到 Chrome 可执行文件，将使用默认方式启动浏览器
2026-03-27 15:22:56,304 [INFO] undetected_chromedriver.patcher - patching driver executable C:\Users\ANGUTANG\appdata\roaming\undetected_chromedriver\undetected_chromedriver.exe
2026-03-27 15:22:58,861 [ERROR] __main__ - 抓取过程出现未预期错误: Binary Location Must be a String
Traceback (most recent call last):
  File "C:\autoGeneratedApp\linkedInInformationCollection\main.py", line 42, in check_for_new_posts
    with LinkedInScraper(
         ~~~~~~~~~~~~~~~^
        email=config.LINKEDIN_EMAIL,
        ^^^^^^^^^^^^^^^^^^^^^^^^^^^^
        password=config.LINKEDIN_PASSWORD,
        ^^^^^^^^^^^^^^^^^^^^^^^^^^^^^^^^^^
        headless=config.HEADLESS,
        ^^^^^^^^^^^^^^^^^^^^^^^^^
    ) as scraper:
    ^
  File "C:\autoGeneratedApp\linkedInInformationCollection\scraper.py", line 75, in __enter__
    self._init_driver()
    ~~~~~~~~~~~~~~~~~^^
  File "C:\autoGeneratedApp\linkedInInformationCollection\scraper.py", line 178, in _init_driver
    self._driver = uc.Chrome(options=options)
                   ~~~~~~~~~^^^^^^^^^^^^^^^^^
  File "C:\autoGeneratedApp\linkedInInformationCollection\.venv\Lib\site-packages\undetected_chromedriver\__init__.py", line 372, in __init__
    options.binary_location = (
    ^^^^^^^^^^^^^^^^^^^^^^^
  File "C:\autoGeneratedApp\linkedInInformationCollection\.venv\Lib\site-packages\selenium\webdriver\chromium\options.py", line 52, in binary_location
    raise TypeError(self.BINARY_LOCATION_ERROR)
TypeError: Binary Location Must be a String
2026-03-27 15:22:58,865 [INFO] __main__ - 定时任务已设置，按 Ctrl+C 停止程序
2026-03-27 15:28:28,863 [INFO] __main__ - ▶ 开始检查新动态 …
2026-03-27 15:28:28,889 [WARNING] scraper - 未检测到 Chrome 可执行文件，将使用默认方式启动浏览器
2026-03-27 15:29:03,523 [INFO] undetected_chromedriver.patcher - patching driver executable C:\Users\ANGUTANG\appdata\roaming\undetected_chromedriver\undetected_chromedriver.exe
2026-03-27 15:29:05,946 [ERROR] __main__ - 抓取过程出现未预期错误: Binary Location Must be a String
Traceback (most recent call last):
  File "C:\autoGeneratedApp\linkedInInformationCollection\main.py", line 42, in check_for_new_posts
    with LinkedInScraper(
         ~~~~~~~~~~~~~~~^
        email=config.LINKEDIN_EMAIL,
        ^^^^^^^^^^^^^^^^^^^^^^^^^^^^
        password=config.LINKEDIN_PASSWORD,
        ^^^^^^^^^^^^^^^^^^^^^^^^^^^^^^^^^^
        headless=config.HEADLESS,
        ^^^^^^^^^^^^^^^^^^^^^^^^^
    ) as scraper:
    ^
  File "C:\autoGeneratedApp\linkedInInformationCollection\scraper.py", line 75, in __enter__
    def __enter__(self) -> "LinkedInScraper":
        ^^^^^^^^^^^^^^^^^^^
  File "C:\autoGeneratedApp\linkedInInformationCollection\scraper.py", line 178, in _init_driver
  File "C:\autoGeneratedApp\linkedInInformationCollection\.venv\Lib\site-packages\undetected_chromedriver\__init__.py", line 372, in __init__
    options.binary_location = (
    ^^^^^^^^^^^^^^^^^^^^^^^
  File "C:\autoGeneratedApp\linkedInInformationCollection\.venv\Lib\site-packages\selenium\webdriver\chromium\options.py", line 52, in binary_location
    raise TypeError(self.BINARY_LOCATION_ERROR)
TypeError: Binary Location Must be a String
2026-03-27 15:29:44,655 [INFO] __main__ - 程序已手动停止
2026-03-27 15:29:46,341 [INFO] __main__ - ============================================================
2026-03-27 15:29:46,342 [INFO] __main__ - LinkedIn 动态追踪器已启动
2026-03-27 15:29:46,342 [INFO] __main__ - 监控目标: https://www.linkedin.com/in/%E4%B8%80%E4%B9%9F-%E5%94%90-297422295/
2026-03-27 15:29:46,343 [INFO] __main__ - 检查间隔: 5 分钟
2026-03-27 15:29:46,343 [INFO] __main__ - 通知邮箱: 360142420@qq.com
2026-03-27 15:29:46,344 [INFO] __main__ - ============================================================
2026-03-27 15:29:46,344 [INFO] __main__ - ▶ 开始检查新动态 …
2026-03-27 15:29:46,402 [WARNING] scraper - 未检测到 Chrome 可执行文件，将使用默认方式启动浏览器
2026-03-27 15:30:21,238 [INFO] undetected_chromedriver.patcher - patching driver executable C:\Users\ANGUTANG\appdata\roaming\undetected_chromedriver\undetected_chromedriver.exe
2026-03-27 15:30:23,405 [WARNING] scraper - undetected_chromedriver 初始化失败，回退到 Selenium Chrome 驱动: Binary Location Must be a String
2026-03-27 15:32:08,331 [ERROR] __main__ - 抓取过程出现未预期错误: Message: Unable to obtain driver for chrome; For documentation on this error, please visit: https://www.selenium.dev/documentation/webdriver/troubleshooting/errors/driver_location
Traceback (most recent call last):
  File "C:\autoGeneratedApp\linkedInInformationCollection\scraper.py", line 174, in _init_driver
    self._driver = uc.Chrome(options=options)
                   ~~~~~~~~~^^^^^^^^^^^^^^^^^
  File "C:\autoGeneratedApp\linkedInInformationCollection\.venv\Lib\site-packages\undetected_chromedriver\__init__.py", line 372, in __init__
    options.binary_location = (
    ^^^^^^^^^^^^^^^^^^^^^^^
  File "C:\autoGeneratedApp\linkedInInformationCollection\.venv\Lib\site-packages\selenium\webdriver\chromium\options.py", line 52, in binary_location
    raise TypeError(self.BINARY_LOCATION_ERROR)
TypeError: Binary Location Must be a String

During handling of the above exception, another exception occurred:

Traceback (most recent call last):
  File "C:\autoGeneratedApp\linkedInInformationCollection\.venv\Lib\site-packages\selenium\webdriver\common\driver_finder.py", line 75, in _binary_paths
    raise ValueError(f"The browser path is not a valid file: {output['browser_path']}")
ValueError: The browser path is not a valid file: 

The above exception was the direct cause of the following exception:

Traceback (most recent call last):
  File "C:\autoGeneratedApp\linkedInInformationCollection\main.py", line 42, in check_for_new_posts
    with LinkedInScraper(
         ~~~~~~~~~~~~~~~^
        email=config.LINKEDIN_EMAIL,
        ^^^^^^^^^^^^^^^^^^^^^^^^^^^^
        password=config.LINKEDIN_PASSWORD,
        ^^^^^^^^^^^^^^^^^^^^^^^^^^^^^^^^^^
        headless=config.HEADLESS,
        ^^^^^^^^^^^^^^^^^^^^^^^^^
    ) as scraper:
    ^
  File "C:\autoGeneratedApp\linkedInInformationCollection\scraper.py", line 76, in __enter__
    self._init_driver()
    ~~~~~~~~~~~~~~~~~^^
  File "C:\autoGeneratedApp\linkedInInformationCollection\scraper.py", line 185, in _init_driver
    self._driver = webdriver.Chrome(options=fallback_options)
                   ~~~~~~~~~~~~~~~~^^^^^^^^^^^^^^^^^^^^^^^^^^
  File "C:\autoGeneratedApp\linkedInInformationCollection\.venv\Lib\site-packages\selenium\webdriver\chrome\webdriver.py", line 45, in __init__
    super().__init__(
    ~~~~~~~~~~~~~~~~^
        browser_name=DesiredCapabilities.CHROME["browserName"],
        ^^^^^^^^^^^^^^^^^^^^^^^^^^^^^^^^^^^^^^^^^^^^^^^^^^^^^^^
    ...<3 lines>...
        keep_alive=keep_alive,
        ^^^^^^^^^^^^^^^^^^^^^^
    )
    ^
  File "C:\autoGeneratedApp\linkedInInformationCollection\.venv\Lib\site-packages\selenium\webdriver\chromium\webdriver.py", line 50, in __init__
    if finder.get_browser_path():
       ~~~~~~~~~~~~~~~~~~~~~~~^^
  File "C:\autoGeneratedApp\linkedInInformationCollection\.venv\Lib\site-packages\selenium\webdriver\common\driver_finder.py", line 47, in get_browser_path
    return self._binary_paths()["browser_path"]
           ~~~~~~~~~~~~~~~~~~^^
  File "C:\autoGeneratedApp\linkedInInformationCollection\.venv\Lib\site-packages\selenium\webdriver\common\driver_finder.py", line 78, in _binary_paths
    raise NoSuchDriverException(msg) from err
selenium.common.exceptions.NoSuchDriverException: Message: Unable to obtain driver for chrome; For documentation on this error, please visit: https://www.selenium.dev/documentation/webdriver/troubleshooting/errors/driver_location

2026-03-27 15:32:08,422 [INFO] __main__ - 定时任务已设置，按 Ctrl+C 停止程序
2026-03-27 15:37:08,425 [INFO] __main__ - ▶ 开始检查新动态 …
2026-03-27 15:37:08,465 [WARNING] scraper - 未检测到 Chrome 可执行文件，将使用默认方式启动浏览器
2026-03-27 15:37:42,645 [INFO] undetected_chromedriver.patcher - patching driver executable C:\Users\ANGUTANG\appdata\roaming\undetected_chromedriver\undetected_chromedriver.exe
2026-03-27 15:37:44,878 [WARNING] scraper - undetected_chromedriver 初始化失败，回退到 Selenium Chrome 驱动: Binary Location Must be a String
2026-03-27 15:37:45,201 [ERROR] __main__ - 抓取过程出现未预期错误: Message: Unable to obtain driver for chrome; For documentation on this error, please visit: https://www.selenium.dev/documentation/webdriver/troubleshooting/errors/driver_location
Traceback (most recent call last):
  File "C:\autoGeneratedApp\linkedInInformationCollection\scraper.py", line 174, in _init_driver
    self._driver = uc.Chrome(options=options)
                   ~~~~~~~~~^^^^^^^^^^^^^^^^^
  File "C:\autoGeneratedApp\linkedInInformationCollection\.venv\Lib\site-packages\undetected_chromedriver\__init__.py", line 372, in __init__
    options.binary_location = (
    ^^^^^^^^^^^^^^^^^^^^^^^
  File "C:\autoGeneratedApp\linkedInInformationCollection\.venv\Lib\site-packages\selenium\webdriver\chromium\options.py", line 52, in binary_location
    raise TypeError(self.BINARY_LOCATION_ERROR)
TypeError: Binary Location Must be a String

During handling of the above exception, another exception occurred:

Traceback (most recent call last):
  File "C:\autoGeneratedApp\linkedInInformationCollection\.venv\Lib\site-packages\selenium\webdriver\common\driver_finder.py", line 75, in _binary_paths
    raise ValueError(f"The browser path is not a valid file: {output['browser_path']}")
ValueError: The browser path is not a valid file: 

The above exception was the direct cause of the following exception:

Traceback (most recent call last):
  File "C:\autoGeneratedApp\linkedInInformationCollection\main.py", line 42, in check_for_new_posts
    with LinkedInScraper(
         ~~~~~~~~~~~~~~~^
        email=config.LINKEDIN_EMAIL,
        ^^^^^^^^^^^^^^^^^^^^^^^^^^^^
        password=config.LINKEDIN_PASSWORD,
        ^^^^^^^^^^^^^^^^^^^^^^^^^^^^^^^^^^
        headless=config.HEADLESS,
        ^^^^^^^^^^^^^^^^^^^^^^^^^
    ) as scraper:
    ^
  File "C:\autoGeneratedApp\linkedInInformationCollection\scraper.py", line 76, in __enter__
    self._init_driver()
    ~~~~~~~~~~~~~~~~~^^
  File "C:\autoGeneratedApp\linkedInInformationCollection\scraper.py", line 185, in _init_driver
    self._driver = webdriver.Chrome(options=fallback_options)
                   ~~~~~~~~~~~~~~~~^^^^^^^^^^^^^^^^^^^^^^^^^^
  File "C:\autoGeneratedApp\linkedInInformationCollection\.venv\Lib\site-packages\selenium\webdriver\chrome\webdriver.py", line 45, in __init__
    super().__init__(
    ~~~~~~~~~~~~~~~~^
        browser_name=DesiredCapabilities.CHROME["browserName"],
        ^^^^^^^^^^^^^^^^^^^^^^^^^^^^^^^^^^^^^^^^^^^^^^^^^^^^^^^
    ...<3 lines>...
        keep_alive=keep_alive,
        ^^^^^^^^^^^^^^^^^^^^^^
    )
    ^
  File "C:\autoGeneratedApp\linkedInInformationCollection\.venv\Lib\site-packages\selenium\webdriver\chromium\webdriver.py", line 50, in __init__
    if finder.get_browser_path():
       ~~~~~~~~~~~~~~~~~~~~~~~^^
  File "C:\autoGeneratedApp\linkedInInformationCollection\.venv\Lib\site-packages\selenium\webdriver\common\driver_finder.py", line 47, in get_browser_path
    return self._binary_paths()["browser_path"]
           ~~~~~~~~~~~~~~~~~~^^
  File "C:\autoGeneratedApp\linkedInInformationCollection\.venv\Lib\site-packages\selenium\webdriver\common\driver_finder.py", line 78, in _binary_paths
    raise NoSuchDriverException(msg) from err
selenium.common.exceptions.NoSuchDriverException: Message: Unable to obtain driver for chrome; For documentation on this error, please visit: https://www.selenium.dev/documentation/webdriver/troubleshooting/errors/driver_location

2026-03-27 15:43:15,205 [INFO] __main__ - ▶ 开始检查新动态 …
2026-03-27 15:43:15,225 [WARNING] scraper - 未检测到 Chrome 可执行文件，将使用默认方式启动浏览器
2026-03-27 15:43:45,957 [INFO] undetected_chromedriver.patcher - patching driver executable C:\Users\ANGUTANG\appdata\roaming\undetected_chromedriver\undetected_chromedriver.exe
2026-03-27 15:43:47,540 [WARNING] scraper - undetected_chromedriver 初始化失败，回退到 Selenium Chrome 驱动: Binary Location Must be a String
2026-03-27 15:43:47,763 [ERROR] __main__ - 抓取过程出现未预期错误: Message: Unable to obtain driver for chrome; For documentation on this error, please visit: https://www.selenium.dev/documentation/webdriver/troubleshooting/errors/driver_location
Traceback (most recent call last):
  File "C:\autoGeneratedApp\linkedInInformationCollection\scraper.py", line 174, in _init_driver
    self._driver = uc.Chrome(options=options)
                   ~~~~~~~~~^^^^^^^^^^^^^^^^^
  File "C:\autoGeneratedApp\linkedInInformationCollection\.venv\Lib\site-packages\undetected_chromedriver\__init__.py", line 372, in __init__
    options.binary_location = (
    ^^^^^^^^^^^^^^^^^^^^^^^
  File "C:\autoGeneratedApp\linkedInInformationCollection\.venv\Lib\site-packages\selenium\webdriver\chromium\options.py", line 52, in binary_location
    raise TypeError(self.BINARY_LOCATION_ERROR)
TypeError: Binary Location Must be a String

During handling of the above exception, another exception occurred:

Traceback (most recent call last):
  File "C:\autoGeneratedApp\linkedInInformationCollection\.venv\Lib\site-packages\selenium\webdriver\common\driver_finder.py", line 75, in _binary_paths
    raise ValueError(f"The browser path is not a valid file: {output['browser_path']}")
ValueError: The browser path is not a valid file: 

The above exception was the direct cause of the following exception:

Traceback (most recent call last):
  File "C:\autoGeneratedApp\linkedInInformationCollection\main.py", line 42, in check_for_new_posts
    with LinkedInScraper(
         ~~~~~~~~~~~~~~~^
        email=config.LINKEDIN_EMAIL,
        ^^^^^^^^^^^^^^^^^^^^^^^^^^^^
        password=config.LINKEDIN_PASSWORD,
        ^^^^^^^^^^^^^^^^^^^^^^^^^^^^^^^^^^
        headless=config.HEADLESS,
        ^^^^^^^^^^^^^^^^^^^^^^^^^
    ) as scraper:
    ^
  File "C:\autoGeneratedApp\linkedInInformationCollection\scraper.py", line 76, in __enter__
    self._init_driver()
    ~~~~~~~~~~~~~~~~~^^
  File "C:\autoGeneratedApp\linkedInInformationCollection\scraper.py", line 185, in _init_driver
    self._driver = webdriver.Chrome(options=fallback_options)
                   ~~~~~~~~~~~~~~~~^^^^^^^^^^^^^^^^^^^^^^^^^^
  File "C:\autoGeneratedApp\linkedInInformationCollection\.venv\Lib\site-packages\selenium\webdriver\chrome\webdriver.py", line 45, in __init__
    super().__init__(
    ~~~~~~~~~~~~~~~~^
        browser_name=DesiredCapabilities.CHROME["browserName"],
        ^^^^^^^^^^^^^^^^^^^^^^^^^^^^^^^^^^^^^^^^^^^^^^^^^^^^^^^
    ...<3 lines>...
        keep_alive=keep_alive,
        ^^^^^^^^^^^^^^^^^^^^^^
    )
    ^
  File "C:\autoGeneratedApp\linkedInInformationCollection\.venv\Lib\site-packages\selenium\webdriver\chromium\webdriver.py", line 50, in __init__
    if finder.get_browser_path():
       ~~~~~~~~~~~~~~~~~~~~~~~^^
  File "C:\autoGeneratedApp\linkedInInformationCollection\.venv\Lib\site-packages\selenium\webdriver\common\driver_finder.py", line 47, in get_browser_path
    return self._binary_paths()["browser_path"]
           ~~~~~~~~~~~~~~~~~~^^
  File "C:\autoGeneratedApp\linkedInInformationCollection\.venv\Lib\site-packages\selenium\webdriver\common\driver_finder.py", line 78, in _binary_paths
    raise NoSuchDriverException(msg) from err
selenium.common.exceptions.NoSuchDriverException: Message: Unable to obtain driver for chrome; For documentation on this error, please visit: https://www.selenium.dev/documentation/webdriver/troubleshooting/errors/driver_location

2026-03-27 15:49:17,765 [INFO] __main__ - ▶ 开始检查新动态 …
2026-03-27 15:49:17,783 [WARNING] scraper - 未检测到 Chrome 可执行文件，将使用默认方式启动浏览器
2026-03-27 15:49:48,512 [INFO] undetected_chromedriver.patcher - patching driver executable C:\Users\ANGUTANG\appdata\roaming\undetected_chromedriver\undetected_chromedriver.exe
2026-03-27 15:49:49,878 [WARNING] scraper - undetected_chromedriver 初始化失败，回退到 Selenium Chrome 驱动: Binary Location Must be a String
2026-03-27 15:49:50,113 [ERROR] __main__ - 抓取过程出现未预期错误: Message: Unable to obtain driver for chrome; For documentation on this error, please visit: https://www.selenium.dev/documentation/webdriver/troubleshooting/errors/driver_location
Traceback (most recent call last):
  File "C:\autoGeneratedApp\linkedInInformationCollection\scraper.py", line 174, in _init_driver
    self._driver = uc.Chrome(options=options)
                   ~~~~~~~~~^^^^^^^^^^^^^^^^^
  File "C:\autoGeneratedApp\linkedInInformationCollection\.venv\Lib\site-packages\undetected_chromedriver\__init__.py", line 372, in __init__
    options.binary_location = (
    ^^^^^^^^^^^^^^^^^^^^^^^
  File "C:\autoGeneratedApp\linkedInInformationCollection\.venv\Lib\site-packages\selenium\webdriver\chromium\options.py", line 52, in binary_location
    raise TypeError(self.BINARY_LOCATION_ERROR)
TypeError: Binary Location Must be a String

During handling of the above exception, another exception occurred:

Traceback (most recent call last):
  File "C:\autoGeneratedApp\linkedInInformationCollection\.venv\Lib\site-packages\selenium\webdriver\common\driver_finder.py", line 75, in _binary_paths
    raise ValueError(f"The browser path is not a valid file: {output['browser_path']}")
ValueError: The browser path is not a valid file: 

The above exception was the direct cause of the following exception:

Traceback (most recent call last):
  File "C:\autoGeneratedApp\linkedInInformationCollection\main.py", line 42, in check_for_new_posts
    with LinkedInScraper(
         ~~~~~~~~~~~~~~~^
        email=config.LINKEDIN_EMAIL,
        ^^^^^^^^^^^^^^^^^^^^^^^^^^^^
        password=config.LINKEDIN_PASSWORD,
        ^^^^^^^^^^^^^^^^^^^^^^^^^^^^^^^^^^
        headless=config.HEADLESS,
        ^^^^^^^^^^^^^^^^^^^^^^^^^
    ) as scraper:
    ^
  File "C:\autoGeneratedApp\linkedInInformationCollection\scraper.py", line 76, in __enter__
    self._init_driver()
    ~~~~~~~~~~~~~~~~~^^
  File "C:\autoGeneratedApp\linkedInInformationCollection\scraper.py", line 185, in _init_driver
    self._driver = webdriver.Chrome(options=fallback_options)
                   ~~~~~~~~~~~~~~~~^^^^^^^^^^^^^^^^^^^^^^^^^^
  File "C:\autoGeneratedApp\linkedInInformationCollection\.venv\Lib\site-packages\selenium\webdriver\chrome\webdriver.py", line 45, in __init__
    super().__init__(
    ~~~~~~~~~~~~~~~~^
        browser_name=DesiredCapabilities.CHROME["browserName"],
        ^^^^^^^^^^^^^^^^^^^^^^^^^^^^^^^^^^^^^^^^^^^^^^^^^^^^^^^
    ...<3 lines>...
        keep_alive=keep_alive,
        ^^^^^^^^^^^^^^^^^^^^^^
    )
    ^
  File "C:\autoGeneratedApp\linkedInInformationCollection\.venv\Lib\site-packages\selenium\webdriver\chromium\webdriver.py", line 50, in __init__
    if finder.get_browser_path():
       ~~~~~~~~~~~~~~~~~~~~~~~^^
  File "C:\autoGeneratedApp\linkedInInformationCollection\.venv\Lib\site-packages\selenium\webdriver\common\driver_finder.py", line 47, in get_browser_path
    return self._binary_paths()["browser_path"]
           ~~~~~~~~~~~~~~~~~~^^
  File "C:\autoGeneratedApp\linkedInInformationCollection\.venv\Lib\site-packages\selenium\webdriver\common\driver_finder.py", line 78, in _binary_paths
    raise NoSuchDriverException(msg) from err
selenium.common.exceptions.NoSuchDriverException: Message: Unable to obtain driver for chrome; For documentation on this error, please visit: https://www.selenium.dev/documentation/webdriver/troubleshooting/errors/driver_location

2026-03-27 15:55:20,116 [INFO] __main__ - ▶ 开始检查新动态 …
2026-03-27 15:55:20,136 [WARNING] scraper - 未检测到 Chrome 可执行文件，将使用默认方式启动浏览器
2026-03-27 15:55:54,263 [INFO] undetected_chromedriver.patcher - patching driver executable C:\Users\ANGUTANG\appdata\roaming\undetected_chromedriver\undetected_chromedriver.exe
2026-03-27 15:55:55,669 [WARNING] scraper - undetected_chromedriver 初始化失败，回退到 Selenium Chrome 驱动: Binary Location Must be a String
2026-03-27 15:55:55,909 [ERROR] __main__ - 抓取过程出现未预期错误: Message: Unable to obtain driver for chrome; For documentation on this error, please visit: https://www.selenium.dev/documentation/webdriver/troubleshooting/errors/driver_location
Traceback (most recent call last):
  File "C:\autoGeneratedApp\linkedInInformationCollection\scraper.py", line 174, in _init_driver
    self._driver = uc.Chrome(options=options)
                   ~~~~~~~~~^^^^^^^^^^^^^^^^^
  File "C:\autoGeneratedApp\linkedInInformationCollection\.venv\Lib\site-packages\undetected_chromedriver\__init__.py", line 372, in __init__
    options.binary_location = (
    ^^^^^^^^^^^^^^^^^^^^^^^
  File "C:\autoGeneratedApp\linkedInInformationCollection\.venv\Lib\site-packages\selenium\webdriver\chromium\options.py", line 52, in binary_location
    raise TypeError(self.BINARY_LOCATION_ERROR)
TypeError: Binary Location Must be a String

During handling of the above exception, another exception occurred:

Traceback (most recent call last):
  File "C:\autoGeneratedApp\linkedInInformationCollection\.venv\Lib\site-packages\selenium\webdriver\common\driver_finder.py", line 75, in _binary_paths
    raise ValueError(f"The browser path is not a valid file: {output['browser_path']}")
ValueError: The browser path is not a valid file: 

The above exception was the direct cause of the following exception:

Traceback (most recent call last):
  File "C:\autoGeneratedApp\linkedInInformationCollection\main.py", line 42, in check_for_new_posts
    with LinkedInScraper(
         ~~~~~~~~~~~~~~~^
        email=config.LINKEDIN_EMAIL,
        ^^^^^^^^^^^^^^^^^^^^^^^^^^^^
        password=config.LINKEDIN_PASSWORD,
        ^^^^^^^^^^^^^^^^^^^^^^^^^^^^^^^^^^
        headless=config.HEADLESS,
        ^^^^^^^^^^^^^^^^^^^^^^^^^
    ) as scraper:
    ^
  File "C:\autoGeneratedApp\linkedInInformationCollection\scraper.py", line 76, in __enter__
    self._init_driver()
    ~~~~~~~~~~~~~~~~~^^
  File "C:\autoGeneratedApp\linkedInInformationCollection\scraper.py", line 185, in _init_driver
    self._driver = webdriver.Chrome(options=fallback_options)
                   ~~~~~~~~~~~~~~~~^^^^^^^^^^^^^^^^^^^^^^^^^^
  File "C:\autoGeneratedApp\linkedInInformationCollection\.venv\Lib\site-packages\selenium\webdriver\chrome\webdriver.py", line 45, in __init__
    super().__init__(
    ~~~~~~~~~~~~~~~~^
        browser_name=DesiredCapabilities.CHROME["browserName"],
        ^^^^^^^^^^^^^^^^^^^^^^^^^^^^^^^^^^^^^^^^^^^^^^^^^^^^^^^
    ...<3 lines>...
        keep_alive=keep_alive,
        ^^^^^^^^^^^^^^^^^^^^^^
    )
    ^
  File "C:\autoGeneratedApp\linkedInInformationCollection\.venv\Lib\site-packages\selenium\webdriver\chromium\webdriver.py", line 50, in __init__
    if finder.get_browser_path():
       ~~~~~~~~~~~~~~~~~~~~~~~^^
  File "C:\autoGeneratedApp\linkedInInformationCollection\.venv\Lib\site-packages\selenium\webdriver\common\driver_finder.py", line 47, in get_browser_path
    return self._binary_paths()["browser_path"]
           ~~~~~~~~~~~~~~~~~~^^
  File "C:\autoGeneratedApp\linkedInInformationCollection\.venv\Lib\site-packages\selenium\webdriver\common\driver_finder.py", line 78, in _binary_paths
    raise NoSuchDriverException(msg) from err
selenium.common.exceptions.NoSuchDriverException: Message: Unable to obtain driver for chrome; For documentation on this error, please visit: https://www.selenium.dev/documentation/webdriver/troubleshooting/errors/driver_location

2026-03-27 16:00:55,915 [INFO] __main__ - ▶ 开始检查新动态 …
2026-03-27 16:00:55,937 [WARNING] scraper - 未检测到 Chrome 可执行文件，将使用默认方式启动浏览器
2026-03-27 16:01:35,090 [INFO] undetected_chromedriver.patcher - patching driver executable C:\Users\ANGUTANG\appdata\roaming\undetected_chromedriver\undetected_chromedriver.exe
2026-03-27 16:01:36,396 [WARNING] scraper - undetected_chromedriver 初始化失败，回退到 Selenium Chrome 驱动: Binary Location Must be a String
2026-03-27 16:01:36,579 [ERROR] __main__ - 抓取过程出现未预期错误: Message: Unable to obtain driver for chrome; For documentation on this error, please visit: https://www.selenium.dev/documentation/webdriver/troubleshooting/errors/driver_location
Traceback (most recent call last):
  File "C:\autoGeneratedApp\linkedInInformationCollection\scraper.py", line 174, in _init_driver
    self._driver = uc.Chrome(options=options)
                   ~~~~~~~~~^^^^^^^^^^^^^^^^^
  File "C:\autoGeneratedApp\linkedInInformationCollection\.venv\Lib\site-packages\undetected_chromedriver\__init__.py", line 372, in __init__
    options.binary_location = (
    ^^^^^^^^^^^^^^^^^^^^^^^
  File "C:\autoGeneratedApp\linkedInInformationCollection\.venv\Lib\site-packages\selenium\webdriver\chromium\options.py", line 52, in binary_location
    raise TypeError(self.BINARY_LOCATION_ERROR)
TypeError: Binary Location Must be a String

During handling of the above exception, another exception occurred:

Traceback (most recent call last):
  File "C:\autoGeneratedApp\linkedInInformationCollection\.venv\Lib\site-packages\selenium\webdriver\common\driver_finder.py", line 75, in _binary_paths
    raise ValueError(f"The browser path is not a valid file: {output['browser_path']}")
ValueError: The browser path is not a valid file: 

The above exception was the direct cause of the following exception:

Traceback (most recent call last):
  File "C:\autoGeneratedApp\linkedInInformationCollection\main.py", line 42, in check_for_new_posts
    with LinkedInScraper(
         ~~~~~~~~~~~~~~~^
        email=config.LINKEDIN_EMAIL,
        ^^^^^^^^^^^^^^^^^^^^^^^^^^^^
        password=config.LINKEDIN_PASSWORD,
        ^^^^^^^^^^^^^^^^^^^^^^^^^^^^^^^^^^
        headless=config.HEADLESS,
        ^^^^^^^^^^^^^^^^^^^^^^^^^
    ) as scraper:
    ^
  File "C:\autoGeneratedApp\linkedInInformationCollection\scraper.py", line 76, in __enter__
    self._init_driver()
    ~~~~~~~~~~~~~~~~~^^
  File "C:\autoGeneratedApp\linkedInInformationCollection\scraper.py", line 185, in _init_driver
    self._driver = webdriver.Chrome(options=fallback_options)
                   ~~~~~~~~~~~~~~~~^^^^^^^^^^^^^^^^^^^^^^^^^^
  File "C:\autoGeneratedApp\linkedInInformationCollection\.venv\Lib\site-packages\selenium\webdriver\chrome\webdriver.py", line 45, in __init__
    super().__init__(
    ~~~~~~~~~~~~~~~~^
        browser_name=DesiredCapabilities.CHROME["browserName"],
        ^^^^^^^^^^^^^^^^^^^^^^^^^^^^^^^^^^^^^^^^^^^^^^^^^^^^^^^
    ...<3 lines>...
        keep_alive=keep_alive,
        ^^^^^^^^^^^^^^^^^^^^^^
    )
    ^
  File "C:\autoGeneratedApp\linkedInInformationCollection\.venv\Lib\site-packages\selenium\webdriver\chromium\webdriver.py", line 50, in __init__
    if finder.get_browser_path():
       ~~~~~~~~~~~~~~~~~~~~~~~^^
  File "C:\autoGeneratedApp\linkedInInformationCollection\.venv\Lib\site-packages\selenium\webdriver\common\driver_finder.py", line 47, in get_browser_path
    return self._binary_paths()["browser_path"]
           ~~~~~~~~~~~~~~~~~~^^
  File "C:\autoGeneratedApp\linkedInInformationCollection\.venv\Lib\site-packages\selenium\webdriver\common\driver_finder.py", line 78, in _binary_paths
    raise NoSuchDriverException(msg) from err
selenium.common.exceptions.NoSuchDriverException: Message: Unable to obtain driver for chrome; For documentation on this error, please visit: https://www.selenium.dev/documentation/webdriver/troubleshooting/errors/driver_location

2026-03-27 16:07:06,582 [INFO] __main__ - ▶ 开始检查新动态 …
2026-03-27 16:07:06,600 [WARNING] scraper - 未检测到 Chrome 可执行文件，将使用默认方式启动浏览器
2026-03-27 16:07:45,346 [INFO] undetected_chromedriver.patcher - patching driver executable C:\Users\ANGUTANG\appdata\roaming\undetected_chromedriver\undetected_chromedriver.exe
2026-03-27 16:07:47,209 [WARNING] scraper - undetected_chromedriver 初始化失败，回退到 Selenium Chrome 驱动: Binary Location Must be a String
2026-03-27 16:07:47,450 [ERROR] __main__ - 抓取过程出现未预期错误: Message: Unable to obtain driver for chrome; For documentation on this error, please visit: https://www.selenium.dev/documentation/webdriver/troubleshooting/errors/driver_location
Traceback (most recent call last):
  File "C:\autoGeneratedApp\linkedInInformationCollection\scraper.py", line 174, in _init_driver
    self._driver = uc.Chrome(options=options)
                   ~~~~~~~~~^^^^^^^^^^^^^^^^^
  File "C:\autoGeneratedApp\linkedInInformationCollection\.venv\Lib\site-packages\undetected_chromedriver\__init__.py", line 372, in __init__
    options.binary_location = (
    ^^^^^^^^^^^^^^^^^^^^^^^
  File "C:\autoGeneratedApp\linkedInInformationCollection\.venv\Lib\site-packages\selenium\webdriver\chromium\options.py", line 52, in binary_location
    raise TypeError(self.BINARY_LOCATION_ERROR)
TypeError: Binary Location Must be a String

During handling of the above exception, another exception occurred:

Traceback (most recent call last):
  File "C:\autoGeneratedApp\linkedInInformationCollection\.venv\Lib\site-packages\selenium\webdriver\common\driver_finder.py", line 75, in _binary_paths
    raise ValueError(f"The browser path is not a valid file: {output['browser_path']}")
ValueError: The browser path is not a valid file: 

The above exception was the direct cause of the following exception:

Traceback (most recent call last):
  File "C:\autoGeneratedApp\linkedInInformationCollection\main.py", line 42, in check_for_new_posts
    with LinkedInScraper(
         ~~~~~~~~~~~~~~~^
        email=config.LINKEDIN_EMAIL,
        ^^^^^^^^^^^^^^^^^^^^^^^^^^^^
        password=config.LINKEDIN_PASSWORD,
        ^^^^^^^^^^^^^^^^^^^^^^^^^^^^^^^^^^
        headless=config.HEADLESS,
        ^^^^^^^^^^^^^^^^^^^^^^^^^
    ) as scraper:
    ^
  File "C:\autoGeneratedApp\linkedInInformationCollection\scraper.py", line 76, in __enter__
    self._init_driver()
    ~~~~~~~~~~~~~~~~~^^
  File "C:\autoGeneratedApp\linkedInInformationCollection\scraper.py", line 185, in _init_driver
    self._driver = webdriver.Chrome(options=fallback_options)
                   ~~~~~~~~~~~~~~~~^^^^^^^^^^^^^^^^^^^^^^^^^^
  File "C:\autoGeneratedApp\linkedInInformationCollection\.venv\Lib\site-packages\selenium\webdriver\chrome\webdriver.py", line 45, in __init__
    super().__init__(
    ~~~~~~~~~~~~~~~~^
        browser_name=DesiredCapabilities.CHROME["browserName"],
        ^^^^^^^^^^^^^^^^^^^^^^^^^^^^^^^^^^^^^^^^^^^^^^^^^^^^^^^
    ...<3 lines>...
        keep_alive=keep_alive,
        ^^^^^^^^^^^^^^^^^^^^^^
    )
    ^
  File "C:\autoGeneratedApp\linkedInInformationCollection\.venv\Lib\site-packages\selenium\webdriver\chromium\webdriver.py", line 50, in __init__
    if finder.get_browser_path():
       ~~~~~~~~~~~~~~~~~~~~~~~^^
  File "C:\autoGeneratedApp\linkedInInformationCollection\.venv\Lib\site-packages\selenium\webdriver\common\driver_finder.py", line 47, in get_browser_path
    return self._binary_paths()["browser_path"]
           ~~~~~~~~~~~~~~~~~~^^
  File "C:\autoGeneratedApp\linkedInInformationCollection\.venv\Lib\site-packages\selenium\webdriver\common\driver_finder.py", line 78, in _binary_paths
    raise NoSuchDriverException(msg) from err
selenium.common.exceptions.NoSuchDriverException: Message: Unable to obtain driver for chrome; For documentation on this error, please visit: https://www.selenium.dev/documentation/webdriver/troubleshooting/errors/driver_location

2026-03-27 16:12:47,455 [INFO] __main__ - ▶ 开始检查新动态 …
2026-03-27 16:12:47,476 [WARNING] scraper - 未检测到 Chrome 可执行文件，将使用默认方式启动浏览器
2026-03-27 16:13:20,730 [INFO] undetected_chromedriver.patcher - patching driver executable C:\Users\ANGUTANG\appdata\roaming\undetected_chromedriver\undetected_chromedriver.exe
2026-03-27 16:13:22,234 [WARNING] scraper - undetected_chromedriver 初始化失败，回退到 Selenium Chrome 驱动: Binary Location Must be a String
2026-03-27 16:13:22,415 [ERROR] __main__ - 抓取过程出现未预期错误: Message: Unable to obtain driver for chrome; For documentation on this error, please visit: https://www.selenium.dev/documentation/webdriver/troubleshooting/errors/driver_location
Traceback (most recent call last):
  File "C:\autoGeneratedApp\linkedInInformationCollection\scraper.py", line 174, in _init_driver
    self._driver = uc.Chrome(options=options)
                   ~~~~~~~~~^^^^^^^^^^^^^^^^^
  File "C:\autoGeneratedApp\linkedInInformationCollection\.venv\Lib\site-packages\undetected_chromedriver\__init__.py", line 372, in __init__
    options.binary_location = (
    ^^^^^^^^^^^^^^^^^^^^^^^
  File "C:\autoGeneratedApp\linkedInInformationCollection\.venv\Lib\site-packages\selenium\webdriver\chromium\options.py", line 52, in binary_location
    raise TypeError(self.BINARY_LOCATION_ERROR)
TypeError: Binary Location Must be a String

During handling of the above exception, another exception occurred:

Traceback (most recent call last):
  File "C:\autoGeneratedApp\linkedInInformationCollection\.venv\Lib\site-packages\selenium\webdriver\common\driver_finder.py", line 75, in _binary_paths
    raise ValueError(f"The browser path is not a valid file: {output['browser_path']}")
ValueError: The browser path is not a valid file: 

The above exception was the direct cause of the following exception:

Traceback (most recent call last):
  File "C:\autoGeneratedApp\linkedInInformationCollection\main.py", line 42, in check_for_new_posts
    with LinkedInScraper(
         ~~~~~~~~~~~~~~~^
        email=config.LINKEDIN_EMAIL,
        ^^^^^^^^^^^^^^^^^^^^^^^^^^^^
        password=config.LINKEDIN_PASSWORD,
        ^^^^^^^^^^^^^^^^^^^^^^^^^^^^^^^^^^
        headless=config.HEADLESS,
        ^^^^^^^^^^^^^^^^^^^^^^^^^
    ) as scraper:
    ^
  File "C:\autoGeneratedApp\linkedInInformationCollection\scraper.py", line 76, in __enter__
    self._init_driver()
    ~~~~~~~~~~~~~~~~~^^
  File "C:\autoGeneratedApp\linkedInInformationCollection\scraper.py", line 185, in _init_driver
    self._driver = webdriver.Chrome(options=fallback_options)
                   ~~~~~~~~~~~~~~~~^^^^^^^^^^^^^^^^^^^^^^^^^^
  File "C:\autoGeneratedApp\linkedInInformationCollection\.venv\Lib\site-packages\selenium\webdriver\chrome\webdriver.py", line 45, in __init__
    super().__init__(
    ~~~~~~~~~~~~~~~~^
        browser_name=DesiredCapabilities.CHROME["browserName"],
        ^^^^^^^^^^^^^^^^^^^^^^^^^^^^^^^^^^^^^^^^^^^^^^^^^^^^^^^
    ...<3 lines>...
        keep_alive=keep_alive,
        ^^^^^^^^^^^^^^^^^^^^^^
    )
    ^
  File "C:\autoGeneratedApp\linkedInInformationCollection\.venv\Lib\site-packages\selenium\webdriver\chromium\webdriver.py", line 50, in __init__
    if finder.get_browser_path():
       ~~~~~~~~~~~~~~~~~~~~~~~^^
  File "C:\autoGeneratedApp\linkedInInformationCollection\.venv\Lib\site-packages\selenium\webdriver\common\driver_finder.py", line 47, in get_browser_path
    return self._binary_paths()["browser_path"]
           ~~~~~~~~~~~~~~~~~~^^
  File "C:\autoGeneratedApp\linkedInInformationCollection\.venv\Lib\site-packages\selenium\webdriver\common\driver_finder.py", line 78, in _binary_paths
    raise NoSuchDriverException(msg) from err
selenium.common.exceptions.NoSuchDriverException: Message: Unable to obtain driver for chrome; For documentation on this error, please visit: https://www.selenium.dev/documentation/webdriver/troubleshooting/errors/driver_location

2026-03-27 16:18:22,420 [INFO] __main__ - ▶ 开始检查新动态 …
2026-03-27 16:18:22,439 [WARNING] scraper - 未检测到 Chrome 可执行文件，将使用默认方式启动浏览器
2026-03-27 16:18:58,020 [INFO] undetected_chromedriver.patcher - patching driver executable C:\Users\ANGUTANG\appdata\roaming\undetected_chromedriver\undetected_chromedriver.exe
2026-03-27 16:18:59,357 [WARNING] scraper - undetected_chromedriver 初始化失败，回退到 Selenium Chrome 驱动: Binary Location Must be a String
2026-03-27 16:18:59,550 [ERROR] __main__ - 抓取过程出现未预期错误: Message: Unable to obtain driver for chrome; For documentation on this error, please visit: https://www.selenium.dev/documentation/webdriver/troubleshooting/errors/driver_location
Traceback (most recent call last):
  File "C:\autoGeneratedApp\linkedInInformationCollection\scraper.py", line 174, in _init_driver
    self._driver = uc.Chrome(options=options)
                   ~~~~~~~~~^^^^^^^^^^^^^^^^^
  File "C:\autoGeneratedApp\linkedInInformationCollection\.venv\Lib\site-packages\undetected_chromedriver\__init__.py", line 372, in __init__
    options.binary_location = (
    ^^^^^^^^^^^^^^^^^^^^^^^
  File "C:\autoGeneratedApp\linkedInInformationCollection\.venv\Lib\site-packages\selenium\webdriver\chromium\options.py", line 52, in binary_location
    raise TypeError(self.BINARY_LOCATION_ERROR)
TypeError: Binary Location Must be a String

During handling of the above exception, another exception occurred:

Traceback (most recent call last):
  File "C:\autoGeneratedApp\linkedInInformationCollection\.venv\Lib\site-packages\selenium\webdriver\common\driver_finder.py", line 75, in _binary_paths
    raise ValueError(f"The browser path is not a valid file: {output['browser_path']}")
ValueError: The browser path is not a valid file: 

The above exception was the direct cause of the following exception:

Traceback (most recent call last):
  File "C:\autoGeneratedApp\linkedInInformationCollection\main.py", line 42, in check_for_new_posts
    with LinkedInScraper(
         ~~~~~~~~~~~~~~~^
        email=config.LINKEDIN_EMAIL,
        ^^^^^^^^^^^^^^^^^^^^^^^^^^^^
        password=config.LINKEDIN_PASSWORD,
        ^^^^^^^^^^^^^^^^^^^^^^^^^^^^^^^^^^
        headless=config.HEADLESS,
        ^^^^^^^^^^^^^^^^^^^^^^^^^
    ) as scraper:
    ^
  File "C:\autoGeneratedApp\linkedInInformationCollection\scraper.py", line 76, in __enter__
    self._init_driver()
    ~~~~~~~~~~~~~~~~~^^
  File "C:\autoGeneratedApp\linkedInInformationCollection\scraper.py", line 185, in _init_driver
    self._driver = webdriver.Chrome(options=fallback_options)
                   ~~~~~~~~~~~~~~~~^^^^^^^^^^^^^^^^^^^^^^^^^^
  File "C:\autoGeneratedApp\linkedInInformationCollection\.venv\Lib\site-packages\selenium\webdriver\chrome\webdriver.py", line 45, in __init__
    super().__init__(
    ~~~~~~~~~~~~~~~~^
        browser_name=DesiredCapabilities.CHROME["browserName"],
        ^^^^^^^^^^^^^^^^^^^^^^^^^^^^^^^^^^^^^^^^^^^^^^^^^^^^^^^
    ...<3 lines>...
        keep_alive=keep_alive,
        ^^^^^^^^^^^^^^^^^^^^^^
    )
    ^
  File "C:\autoGeneratedApp\linkedInInformationCollection\.venv\Lib\site-packages\selenium\webdriver\chromium\webdriver.py", line 50, in __init__
    if finder.get_browser_path():
       ~~~~~~~~~~~~~~~~~~~~~~~^^
  File "C:\autoGeneratedApp\linkedInInformationCollection\.venv\Lib\site-packages\selenium\webdriver\common\driver_finder.py", line 47, in get_browser_path
    return self._binary_paths()["browser_path"]
           ~~~~~~~~~~~~~~~~~~^^
  File "C:\autoGeneratedApp\linkedInInformationCollection\.venv\Lib\site-packages\selenium\webdriver\common\driver_finder.py", line 78, in _binary_paths
    raise NoSuchDriverException(msg) from err
selenium.common.exceptions.NoSuchDriverException: Message: Unable to obtain driver for chrome; For documentation on this error, please visit: https://www.selenium.dev/documentation/webdriver/troubleshooting/errors/driver_location

2026-03-27 16:23:59,558 [INFO] __main__ - ▶ 开始检查新动态 …
2026-03-27 16:23:59,577 [WARNING] scraper - 未检测到 Chrome 可执行文件，将使用默认方式启动浏览器
2026-03-27 16:24:30,945 [INFO] undetected_chromedriver.patcher - patching driver executable C:\Users\ANGUTANG\appdata\roaming\undetected_chromedriver\undetected_chromedriver.exe
2026-03-27 16:24:32,258 [WARNING] scraper - undetected_chromedriver 初始化失败，回退到 Selenium Chrome 驱动: Binary Location Must be a String
2026-03-27 16:24:32,438 [ERROR] __main__ - 抓取过程出现未预期错误: Message: Unable to obtain driver for chrome; For documentation on this error, please visit: https://www.selenium.dev/documentation/webdriver/troubleshooting/errors/driver_location
Traceback (most recent call last):
  File "C:\autoGeneratedApp\linkedInInformationCollection\scraper.py", line 174, in _init_driver
    self._driver = uc.Chrome(options=options)
                   ~~~~~~~~~^^^^^^^^^^^^^^^^^
  File "C:\autoGeneratedApp\linkedInInformationCollection\.venv\Lib\site-packages\undetected_chromedriver\__init__.py", line 372, in __init__
    options.binary_location = (
    ^^^^^^^^^^^^^^^^^^^^^^^
  File "C:\autoGeneratedApp\linkedInInformationCollection\.venv\Lib\site-packages\selenium\webdriver\chromium\options.py", line 52, in binary_location
    raise TypeError(self.BINARY_LOCATION_ERROR)
TypeError: Binary Location Must be a String

During handling of the above exception, another exception occurred:

Traceback (most recent call last):
  File "C:\autoGeneratedApp\linkedInInformationCollection\.venv\Lib\site-packages\selenium\webdriver\common\driver_finder.py", line 75, in _binary_paths
    raise ValueError(f"The browser path is not a valid file: {output['browser_path']}")
ValueError: The browser path is not a valid file: 

The above exception was the direct cause of the following exception:

Traceback (most recent call last):
  File "C:\autoGeneratedApp\linkedInInformationCollection\main.py", line 42, in check_for_new_posts
    with LinkedInScraper(
         ~~~~~~~~~~~~~~~^
        email=config.LINKEDIN_EMAIL,
        ^^^^^^^^^^^^^^^^^^^^^^^^^^^^
        password=config.LINKEDIN_PASSWORD,
        ^^^^^^^^^^^^^^^^^^^^^^^^^^^^^^^^^^
        headless=config.HEADLESS,
        ^^^^^^^^^^^^^^^^^^^^^^^^^
    ) as scraper:
    ^
  File "C:\autoGeneratedApp\linkedInInformationCollection\scraper.py", line 76, in __enter__
    self._init_driver()
    ~~~~~~~~~~~~~~~~~^^
  File "C:\autoGeneratedApp\linkedInInformationCollection\scraper.py", line 185, in _init_driver
    self._driver = webdriver.Chrome(options=fallback_options)
                   ~~~~~~~~~~~~~~~~^^^^^^^^^^^^^^^^^^^^^^^^^^
  File "C:\autoGeneratedApp\linkedInInformationCollection\.venv\Lib\site-packages\selenium\webdriver\chrome\webdriver.py", line 45, in __init__
    super().__init__(
    ~~~~~~~~~~~~~~~~^
        browser_name=DesiredCapabilities.CHROME["browserName"],
        ^^^^^^^^^^^^^^^^^^^^^^^^^^^^^^^^^^^^^^^^^^^^^^^^^^^^^^^
    ...<3 lines>...
        keep_alive=keep_alive,
        ^^^^^^^^^^^^^^^^^^^^^^
    )
    ^
  File "C:\autoGeneratedApp\linkedInInformationCollection\.venv\Lib\site-packages\selenium\webdriver\chromium\webdriver.py", line 50, in __init__
    if finder.get_browser_path():
       ~~~~~~~~~~~~~~~~~~~~~~~^^
  File "C:\autoGeneratedApp\linkedInInformationCollection\.venv\Lib\site-packages\selenium\webdriver\common\driver_finder.py", line 47, in get_browser_path
    return self._binary_paths()["browser_path"]
           ~~~~~~~~~~~~~~~~~~^^
  File "C:\autoGeneratedApp\linkedInInformationCollection\.venv\Lib\site-packages\selenium\webdriver\common\driver_finder.py", line 78, in _binary_paths
    raise NoSuchDriverException(msg) from err
selenium.common.exceptions.NoSuchDriverException: Message: Unable to obtain driver for chrome; For documentation on this error, please visit: https://www.selenium.dev/documentation/webdriver/troubleshooting/errors/driver_location

2026-03-27 16:29:32,443 [INFO] __main__ - ▶ 开始检查新动态 …
2026-03-27 16:29:32,462 [WARNING] scraper - 未检测到 Chrome 可执行文件，将使用默认方式启动浏览器
2026-03-27 16:30:08,567 [INFO] undetected_chromedriver.patcher - patching driver executable C:\Users\ANGUTANG\appdata\roaming\undetected_chromedriver\undetected_chromedriver.exe
2026-03-27 16:30:09,883 [WARNING] scraper - undetected_chromedriver 初始化失败，回退到 Selenium Chrome 驱动: Binary Location Must be a String
2026-03-27 16:30:10,124 [ERROR] __main__ - 抓取过程出现未预期错误: Message: Unable to obtain driver for chrome; For documentation on this error, please visit: https://www.selenium.dev/documentation/webdriver/troubleshooting/errors/driver_location
Traceback (most recent call last):
  File "C:\autoGeneratedApp\linkedInInformationCollection\scraper.py", line 174, in _init_driver
    self._driver = uc.Chrome(options=options)
                   ~~~~~~~~~^^^^^^^^^^^^^^^^^
  File "C:\autoGeneratedApp\linkedInInformationCollection\.venv\Lib\site-packages\undetected_chromedriver\__init__.py", line 372, in __init__
    options.binary_location = (
    ^^^^^^^^^^^^^^^^^^^^^^^
  File "C:\autoGeneratedApp\linkedInInformationCollection\.venv\Lib\site-packages\selenium\webdriver\chromium\options.py", line 52, in binary_location
    raise TypeError(self.BINARY_LOCATION_ERROR)
TypeError: Binary Location Must be a String

During handling of the above exception, another exception occurred:

Traceback (most recent call last):
  File "C:\autoGeneratedApp\linkedInInformationCollection\.venv\Lib\site-packages\selenium\webdriver\common\driver_finder.py", line 75, in _binary_paths
    raise ValueError(f"The browser path is not a valid file: {output['browser_path']}")
ValueError: The browser path is not a valid file: 

The above exception was the direct cause of the following exception:

Traceback (most recent call last):
  File "C:\autoGeneratedApp\linkedInInformationCollection\main.py", line 42, in check_for_new_posts
    with LinkedInScraper(
         ~~~~~~~~~~~~~~~^
        email=config.LINKEDIN_EMAIL,
        ^^^^^^^^^^^^^^^^^^^^^^^^^^^^
        password=config.LINKEDIN_PASSWORD,
        ^^^^^^^^^^^^^^^^^^^^^^^^^^^^^^^^^^
        headless=config.HEADLESS,
        ^^^^^^^^^^^^^^^^^^^^^^^^^
    ) as scraper:
    ^
  File "C:\autoGeneratedApp\linkedInInformationCollection\scraper.py", line 76, in __enter__
    self._init_driver()
    ~~~~~~~~~~~~~~~~~^^
  File "C:\autoGeneratedApp\linkedInInformationCollection\scraper.py", line 185, in _init_driver
    self._driver = webdriver.Chrome(options=fallback_options)
                   ~~~~~~~~~~~~~~~~^^^^^^^^^^^^^^^^^^^^^^^^^^
  File "C:\autoGeneratedApp\linkedInInformationCollection\.venv\Lib\site-packages\selenium\webdriver\chrome\webdriver.py", line 45, in __init__
    super().__init__(
    ~~~~~~~~~~~~~~~~^
        browser_name=DesiredCapabilities.CHROME["browserName"],
        ^^^^^^^^^^^^^^^^^^^^^^^^^^^^^^^^^^^^^^^^^^^^^^^^^^^^^^^
    ...<3 lines>...
        keep_alive=keep_alive,
        ^^^^^^^^^^^^^^^^^^^^^^
    )
    ^
  File "C:\autoGeneratedApp\linkedInInformationCollection\.venv\Lib\site-packages\selenium\webdriver\chromium\webdriver.py", line 50, in __init__
    if finder.get_browser_path():
       ~~~~~~~~~~~~~~~~~~~~~~~^^
  File "C:\autoGeneratedApp\linkedInInformationCollection\.venv\Lib\site-packages\selenium\webdriver\common\driver_finder.py", line 47, in get_browser_path
    return self._binary_paths()["browser_path"]
           ~~~~~~~~~~~~~~~~~~^^
  File "C:\autoGeneratedApp\linkedInInformationCollection\.venv\Lib\site-packages\selenium\webdriver\common\driver_finder.py", line 78, in _binary_paths
    raise NoSuchDriverException(msg) from err
selenium.common.exceptions.NoSuchDriverException: Message: Unable to obtain driver for chrome; For documentation on this error, please visit: https://www.selenium.dev/documentation/webdriver/troubleshooting/errors/driver_location

2026-03-27 16:35:10,130 [INFO] __main__ - ▶ 开始检查新动态 …
2026-03-27 16:35:10,155 [WARNING] scraper - 未检测到 Chrome 可执行文件，将使用默认方式启动浏览器
2026-03-27 16:35:52,669 [INFO] undetected_chromedriver.patcher - patching driver executable C:\Users\ANGUTANG\appdata\roaming\undetected_chromedriver\undetected_chromedriver.exe
2026-03-27 16:35:54,017 [WARNING] scraper - undetected_chromedriver 初始化失败，回退到 Selenium Chrome 驱动: Binary Location Must be a String
2026-03-27 16:35:54,819 [ERROR] __main__ - 抓取过程出现未预期错误: Message: Unable to obtain driver for chrome; For documentation on this error, please visit: https://www.selenium.dev/documentation/webdriver/troubleshooting/errors/driver_location
Traceback (most recent call last):
  File "C:\autoGeneratedApp\linkedInInformationCollection\scraper.py", line 174, in _init_driver
    self._driver = uc.Chrome(options=options)
                   ~~~~~~~~~^^^^^^^^^^^^^^^^^
  File "C:\autoGeneratedApp\linkedInInformationCollection\.venv\Lib\site-packages\undetected_chromedriver\__init__.py", line 372, in __init__
    options.binary_location = (
    ^^^^^^^^^^^^^^^^^^^^^^^
  File "C:\autoGeneratedApp\linkedInInformationCollection\.venv\Lib\site-packages\selenium\webdriver\chromium\options.py", line 52, in binary_location
    raise TypeError(self.BINARY_LOCATION_ERROR)
TypeError: Binary Location Must be a String

During handling of the above exception, another exception occurred:

Traceback (most recent call last):
  File "C:\autoGeneratedApp\linkedInInformationCollection\.venv\Lib\site-packages\selenium\webdriver\common\driver_finder.py", line 75, in _binary_paths
    raise ValueError(f"The browser path is not a valid file: {output['browser_path']}")
ValueError: The browser path is not a valid file: 

The above exception was the direct cause of the following exception:

Traceback (most recent call last):
  File "C:\autoGeneratedApp\linkedInInformationCollection\main.py", line 42, in check_for_new_posts
    with LinkedInScraper(
         ~~~~~~~~~~~~~~~^
        email=config.LINKEDIN_EMAIL,
        ^^^^^^^^^^^^^^^^^^^^^^^^^^^^
        password=config.LINKEDIN_PASSWORD,
        ^^^^^^^^^^^^^^^^^^^^^^^^^^^^^^^^^^
        headless=config.HEADLESS,
        ^^^^^^^^^^^^^^^^^^^^^^^^^
    ) as scraper:
    ^
  File "C:\autoGeneratedApp\linkedInInformationCollection\scraper.py", line 76, in __enter__
    self._init_driver()
    ~~~~~~~~~~~~~~~~~^^
  File "C:\autoGeneratedApp\linkedInInformationCollection\scraper.py", line 185, in _init_driver
    self._driver = webdriver.Chrome(options=fallback_options)
                   ~~~~~~~~~~~~~~~~^^^^^^^^^^^^^^^^^^^^^^^^^^
  File "C:\autoGeneratedApp\linkedInInformationCollection\.venv\Lib\site-packages\selenium\webdriver\chrome\webdriver.py", line 45, in __init__
    super().__init__(
    ~~~~~~~~~~~~~~~~^
        browser_name=DesiredCapabilities.CHROME["browserName"],
        ^^^^^^^^^^^^^^^^^^^^^^^^^^^^^^^^^^^^^^^^^^^^^^^^^^^^^^^
    ...<3 lines>...
        keep_alive=keep_alive,
        ^^^^^^^^^^^^^^^^^^^^^^
    )
    ^
  File "C:\autoGeneratedApp\linkedInInformationCollection\.venv\Lib\site-packages\selenium\webdriver\chromium\webdriver.py", line 50, in __init__
    if finder.get_browser_path():
       ~~~~~~~~~~~~~~~~~~~~~~~^^
  File "C:\autoGeneratedApp\linkedInInformationCollection\.venv\Lib\site-packages\selenium\webdriver\common\driver_finder.py", line 47, in get_browser_path
    return self._binary_paths()["browser_path"]
           ~~~~~~~~~~~~~~~~~~^^
  File "C:\autoGeneratedApp\linkedInInformationCollection\.venv\Lib\site-packages\selenium\webdriver\common\driver_finder.py", line 78, in _binary_paths
    raise NoSuchDriverException(msg) from err
selenium.common.exceptions.NoSuchDriverException: Message: Unable to obtain driver for chrome; For documentation on this error, please visit: https://www.selenium.dev/documentation/webdriver/troubleshooting/errors/driver_location

2026-03-27 16:40:54,823 [INFO] __main__ - ▶ 开始检查新动态 …
2026-03-27 16:40:54,850 [WARNING] scraper - 未检测到 Chrome 可执行文件，将使用默认方式启动浏览器
2026-03-27 16:41:32,456 [INFO] undetected_chromedriver.patcher - patching driver executable C:\Users\ANGUTANG\appdata\roaming\undetected_chromedriver\undetected_chromedriver.exe
2026-03-27 16:41:33,698 [WARNING] scraper - undetected_chromedriver 初始化失败，回退到 Selenium Chrome 驱动: Binary Location Must be a String
2026-03-27 16:41:33,883 [ERROR] __main__ - 抓取过程出现未预期错误: Message: Unable to obtain driver for chrome; For documentation on this error, please visit: https://www.selenium.dev/documentation/webdriver/troubleshooting/errors/driver_location
Traceback (most recent call last):
  File "C:\autoGeneratedApp\linkedInInformationCollection\scraper.py", line 174, in _init_driver
    self._driver = uc.Chrome(options=options)
                   ~~~~~~~~~^^^^^^^^^^^^^^^^^
  File "C:\autoGeneratedApp\linkedInInformationCollection\.venv\Lib\site-packages\undetected_chromedriver\__init__.py", line 372, in __init__
    options.binary_location = (
    ^^^^^^^^^^^^^^^^^^^^^^^
  File "C:\autoGeneratedApp\linkedInInformationCollection\.venv\Lib\site-packages\selenium\webdriver\chromium\options.py", line 52, in binary_location
    raise TypeError(self.BINARY_LOCATION_ERROR)
TypeError: Binary Location Must be a String

During handling of the above exception, another exception occurred:

Traceback (most recent call last):
  File "C:\autoGeneratedApp\linkedInInformationCollection\.venv\Lib\site-packages\selenium\webdriver\common\driver_finder.py", line 75, in _binary_paths
    raise ValueError(f"The browser path is not a valid file: {output['browser_path']}")
ValueError: The browser path is not a valid file: 

The above exception was the direct cause of the following exception:

Traceback (most recent call last):
  File "C:\autoGeneratedApp\linkedInInformationCollection\main.py", line 42, in check_for_new_posts
    with LinkedInScraper(
         ~~~~~~~~~~~~~~~^
        email=config.LINKEDIN_EMAIL,
        ^^^^^^^^^^^^^^^^^^^^^^^^^^^^
        password=config.LINKEDIN_PASSWORD,
        ^^^^^^^^^^^^^^^^^^^^^^^^^^^^^^^^^^
        headless=config.HEADLESS,
        ^^^^^^^^^^^^^^^^^^^^^^^^^
    ) as scraper:
    ^
  File "C:\autoGeneratedApp\linkedInInformationCollection\scraper.py", line 76, in __enter__
    self._init_driver()
    ~~~~~~~~~~~~~~~~~^^
  File "C:\autoGeneratedApp\linkedInInformationCollection\scraper.py", line 185, in _init_driver
    self._driver = webdriver.Chrome(options=fallback_options)
                   ~~~~~~~~~~~~~~~~^^^^^^^^^^^^^^^^^^^^^^^^^^
  File "C:\autoGeneratedApp\linkedInInformationCollection\.venv\Lib\site-packages\selenium\webdriver\chrome\webdriver.py", line 45, in __init__
    super().__init__(
    ~~~~~~~~~~~~~~~~^
        browser_name=DesiredCapabilities.CHROME["browserName"],
        ^^^^^^^^^^^^^^^^^^^^^^^^^^^^^^^^^^^^^^^^^^^^^^^^^^^^^^^
    ...<3 lines>...
        keep_alive=keep_alive,
        ^^^^^^^^^^^^^^^^^^^^^^
    )
    ^
  File "C:\autoGeneratedApp\linkedInInformationCollection\.venv\Lib\site-packages\selenium\webdriver\chromium\webdriver.py", line 50, in __init__
    if finder.get_browser_path():
       ~~~~~~~~~~~~~~~~~~~~~~~^^
  File "C:\autoGeneratedApp\linkedInInformationCollection\.venv\Lib\site-packages\selenium\webdriver\common\driver_finder.py", line 47, in get_browser_path
    return self._binary_paths()["browser_path"]
           ~~~~~~~~~~~~~~~~~~^^
  File "C:\autoGeneratedApp\linkedInInformationCollection\.venv\Lib\site-packages\selenium\webdriver\common\driver_finder.py", line 78, in _binary_paths
    raise NoSuchDriverException(msg) from err
selenium.common.exceptions.NoSuchDriverException: Message: Unable to obtain driver for chrome; For documentation on this error, please visit: https://www.selenium.dev/documentation/webdriver/troubleshooting/errors/driver_location

2026-03-27 16:46:33,888 [INFO] __main__ - ▶ 开始检查新动态 …
2026-03-27 16:46:33,906 [WARNING] scraper - 未检测到 Chrome 可执行文件，将使用默认方式启动浏览器
2026-03-27 16:47:06,621 [INFO] undetected_chromedriver.patcher - patching driver executable C:\Users\ANGUTANG\appdata\roaming\undetected_chromedriver\undetected_chromedriver.exe
2026-03-27 16:47:07,972 [WARNING] scraper - undetected_chromedriver 初始化失败，回退到 Selenium Chrome 驱动: Binary Location Must be a String
2026-03-27 16:47:08,128 [ERROR] __main__ - 抓取过程出现未预期错误: Message: Unable to obtain driver for chrome; For documentation on this error, please visit: https://www.selenium.dev/documentation/webdriver/troubleshooting/errors/driver_location
Traceback (most recent call last):
  File "C:\autoGeneratedApp\linkedInInformationCollection\scraper.py", line 174, in _init_driver
    self._driver = uc.Chrome(options=options)
                   ~~~~~~~~~^^^^^^^^^^^^^^^^^
  File "C:\autoGeneratedApp\linkedInInformationCollection\.venv\Lib\site-packages\undetected_chromedriver\__init__.py", line 372, in __init__
    options.binary_location = (
    ^^^^^^^^^^^^^^^^^^^^^^^
  File "C:\autoGeneratedApp\linkedInInformationCollection\.venv\Lib\site-packages\selenium\webdriver\chromium\options.py", line 52, in binary_location
    raise TypeError(self.BINARY_LOCATION_ERROR)
TypeError: Binary Location Must be a String

During handling of the above exception, another exception occurred:

Traceback (most recent call last):
  File "C:\autoGeneratedApp\linkedInInformationCollection\.venv\Lib\site-packages\selenium\webdriver\common\driver_finder.py", line 75, in _binary_paths
    raise ValueError(f"The browser path is not a valid file: {output['browser_path']}")
ValueError: The browser path is not a valid file: 

The above exception was the direct cause of the following exception:

Traceback (most recent call last):
  File "C:\autoGeneratedApp\linkedInInformationCollection\main.py", line 42, in check_for_new_posts
    with LinkedInScraper(
         ~~~~~~~~~~~~~~~^
        email=config.LINKEDIN_EMAIL,
        ^^^^^^^^^^^^^^^^^^^^^^^^^^^^
        password=config.LINKEDIN_PASSWORD,
        ^^^^^^^^^^^^^^^^^^^^^^^^^^^^^^^^^^
        headless=config.HEADLESS,
        ^^^^^^^^^^^^^^^^^^^^^^^^^
    ) as scraper:
    ^
  File "C:\autoGeneratedApp\linkedInInformationCollection\scraper.py", line 76, in __enter__
    self._init_driver()
    ~~~~~~~~~~~~~~~~~^^
  File "C:\autoGeneratedApp\linkedInInformationCollection\scraper.py", line 185, in _init_driver
    self._driver = webdriver.Chrome(options=fallback_options)
                   ~~~~~~~~~~~~~~~~^^^^^^^^^^^^^^^^^^^^^^^^^^
  File "C:\autoGeneratedApp\linkedInInformationCollection\.venv\Lib\site-packages\selenium\webdriver\chrome\webdriver.py", line 45, in __init__
    super().__init__(
    ~~~~~~~~~~~~~~~~^
        browser_name=DesiredCapabilities.CHROME["browserName"],
        ^^^^^^^^^^^^^^^^^^^^^^^^^^^^^^^^^^^^^^^^^^^^^^^^^^^^^^^
    ...<3 lines>...
        keep_alive=keep_alive,
        ^^^^^^^^^^^^^^^^^^^^^^
    )
    ^
  File "C:\autoGeneratedApp\linkedInInformationCollection\.venv\Lib\site-packages\selenium\webdriver\chromium\webdriver.py", line 50, in __init__
    if finder.get_browser_path():
       ~~~~~~~~~~~~~~~~~~~~~~~^^
  File "C:\autoGeneratedApp\linkedInInformationCollection\.venv\Lib\site-packages\selenium\webdriver\common\driver_finder.py", line 47, in get_browser_path
    return self._binary_paths()["browser_path"]
           ~~~~~~~~~~~~~~~~~~^^
  File "C:\autoGeneratedApp\linkedInInformationCollection\.venv\Lib\site-packages\selenium\webdriver\common\driver_finder.py", line 78, in _binary_paths
    raise NoSuchDriverException(msg) from err
selenium.common.exceptions.NoSuchDriverException: Message: Unable to obtain driver for chrome; For documentation on this error, please visit: https://www.selenium.dev/documentation/webdriver/troubleshooting/errors/driver_location

2026-03-27 16:52:08,134 [INFO] __main__ - ▶ 开始检查新动态 …
2026-03-27 16:52:08,152 [WARNING] scraper - 未检测到 Chrome 可执行文件，将使用默认方式启动浏览器
2026-03-27 16:52:42,249 [INFO] undetected_chromedriver.patcher - patching driver executable C:\Users\ANGUTANG\appdata\roaming\undetected_chromedriver\undetected_chromedriver.exe
2026-03-27 16:52:43,614 [WARNING] scraper - undetected_chromedriver 初始化失败，回退到 Selenium Chrome 驱动: Binary Location Must be a String
2026-03-27 16:52:43,811 [ERROR] __main__ - 抓取过程出现未预期错误: Message: Unable to obtain driver for chrome; For documentation on this error, please visit: https://www.selenium.dev/documentation/webdriver/troubleshooting/errors/driver_location
Traceback (most recent call last):
  File "C:\autoGeneratedApp\linkedInInformationCollection\scraper.py", line 174, in _init_driver
    self._driver = uc.Chrome(options=options)
                   ~~~~~~~~~^^^^^^^^^^^^^^^^^
  File "C:\autoGeneratedApp\linkedInInformationCollection\.venv\Lib\site-packages\undetected_chromedriver\__init__.py", line 372, in __init__
    options.binary_location = (
    ^^^^^^^^^^^^^^^^^^^^^^^
  File "C:\autoGeneratedApp\linkedInInformationCollection\.venv\Lib\site-packages\selenium\webdriver\chromium\options.py", line 52, in binary_location
    raise TypeError(self.BINARY_LOCATION_ERROR)
TypeError: Binary Location Must be a String

During handling of the above exception, another exception occurred:

Traceback (most recent call last):
  File "C:\autoGeneratedApp\linkedInInformationCollection\.venv\Lib\site-packages\selenium\webdriver\common\driver_finder.py", line 75, in _binary_paths
    raise ValueError(f"The browser path is not a valid file: {output['browser_path']}")
ValueError: The browser path is not a valid file: 

The above exception was the direct cause of the following exception:

Traceback (most recent call last):
  File "C:\autoGeneratedApp\linkedInInformationCollection\main.py", line 42, in check_for_new_posts
    with LinkedInScraper(
         ~~~~~~~~~~~~~~~^
        email=config.LINKEDIN_EMAIL,
        ^^^^^^^^^^^^^^^^^^^^^^^^^^^^
        password=config.LINKEDIN_PASSWORD,
        ^^^^^^^^^^^^^^^^^^^^^^^^^^^^^^^^^^
        headless=config.HEADLESS,
        ^^^^^^^^^^^^^^^^^^^^^^^^^
    ) as scraper:
    ^
  File "C:\autoGeneratedApp\linkedInInformationCollection\scraper.py", line 76, in __enter__
    self._init_driver()
    ~~~~~~~~~~~~~~~~~^^
  File "C:\autoGeneratedApp\linkedInInformationCollection\scraper.py", line 185, in _init_driver
    self._driver = webdriver.Chrome(options=fallback_options)
                   ~~~~~~~~~~~~~~~~^^^^^^^^^^^^^^^^^^^^^^^^^^
  File "C:\autoGeneratedApp\linkedInInformationCollection\.venv\Lib\site-packages\selenium\webdriver\chrome\webdriver.py", line 45, in __init__
    super().__init__(
    ~~~~~~~~~~~~~~~~^
        browser_name=DesiredCapabilities.CHROME["browserName"],
        ^^^^^^^^^^^^^^^^^^^^^^^^^^^^^^^^^^^^^^^^^^^^^^^^^^^^^^^
    ...<3 lines>...
        keep_alive=keep_alive,
        ^^^^^^^^^^^^^^^^^^^^^^
    )
    ^
  File "C:\autoGeneratedApp\linkedInInformationCollection\.venv\Lib\site-packages\selenium\webdriver\chromium\webdriver.py", line 50, in __init__
    if finder.get_browser_path():
       ~~~~~~~~~~~~~~~~~~~~~~~^^
  File "C:\autoGeneratedApp\linkedInInformationCollection\.venv\Lib\site-packages\selenium\webdriver\common\driver_finder.py", line 47, in get_browser_path
    return self._binary_paths()["browser_path"]
           ~~~~~~~~~~~~~~~~~~^^
  File "C:\autoGeneratedApp\linkedInInformationCollection\.venv\Lib\site-packages\selenium\webdriver\common\driver_finder.py", line 78, in _binary_paths
    raise NoSuchDriverException(msg) from err
selenium.common.exceptions.NoSuchDriverException: Message: Unable to obtain driver for chrome; For documentation on this error, please visit: https://www.selenium.dev/documentation/webdriver/troubleshooting/errors/driver_location

2026-03-27 16:57:43,818 [INFO] __main__ - ▶ 开始检查新动态 …
2026-03-27 16:57:43,833 [WARNING] scraper - 未检测到 Chrome 可执行文件，将使用默认方式启动浏览器
2026-03-27 16:58:33,998 [INFO] undetected_chromedriver.patcher - patching driver executable C:\Users\ANGUTANG\appdata\roaming\undetected_chromedriver\undetected_chromedriver.exe
2026-03-27 16:58:35,289 [WARNING] scraper - undetected_chromedriver 初始化失败，回退到 Selenium Chrome 驱动: Binary Location Must be a String
2026-03-27 16:58:35,500 [ERROR] __main__ - 抓取过程出现未预期错误: Message: Unable to obtain driver for chrome; For documentation on this error, please visit: https://www.selenium.dev/documentation/webdriver/troubleshooting/errors/driver_location
Traceback (most recent call last):
  File "C:\autoGeneratedApp\linkedInInformationCollection\scraper.py", line 174, in _init_driver
    self._driver = uc.Chrome(options=options)
                   ~~~~~~~~~^^^^^^^^^^^^^^^^^
  File "C:\autoGeneratedApp\linkedInInformationCollection\.venv\Lib\site-packages\undetected_chromedriver\__init__.py", line 372, in __init__
    options.binary_location = (
    ^^^^^^^^^^^^^^^^^^^^^^^
  File "C:\autoGeneratedApp\linkedInInformationCollection\.venv\Lib\site-packages\selenium\webdriver\chromium\options.py", line 52, in binary_location
    raise TypeError(self.BINARY_LOCATION_ERROR)
TypeError: Binary Location Must be a String

During handling of the above exception, another exception occurred:

Traceback (most recent call last):
  File "C:\autoGeneratedApp\linkedInInformationCollection\.venv\Lib\site-packages\selenium\webdriver\common\driver_finder.py", line 75, in _binary_paths
    raise ValueError(f"The browser path is not a valid file: {output['browser_path']}")
ValueError: The browser path is not a valid file: 

The above exception was the direct cause of the following exception:

Traceback (most recent call last):
  File "C:\autoGeneratedApp\linkedInInformationCollection\main.py", line 42, in check_for_new_posts
    with LinkedInScraper(
         ~~~~~~~~~~~~~~~^
        email=config.LINKEDIN_EMAIL,
        ^^^^^^^^^^^^^^^^^^^^^^^^^^^^
        password=config.LINKEDIN_PASSWORD,
        ^^^^^^^^^^^^^^^^^^^^^^^^^^^^^^^^^^
        headless=config.HEADLESS,
        ^^^^^^^^^^^^^^^^^^^^^^^^^
    ) as scraper:
    ^
  File "C:\autoGeneratedApp\linkedInInformationCollection\scraper.py", line 76, in __enter__
    self._init_driver()
    ~~~~~~~~~~~~~~~~~^^
  File "C:\autoGeneratedApp\linkedInInformationCollection\scraper.py", line 185, in _init_driver
    self._driver = webdriver.Chrome(options=fallback_options)
                   ~~~~~~~~~~~~~~~~^^^^^^^^^^^^^^^^^^^^^^^^^^
  File "C:\autoGeneratedApp\linkedInInformationCollection\.venv\Lib\site-packages\selenium\webdriver\chrome\webdriver.py", line 45, in __init__
    super().__init__(
    ~~~~~~~~~~~~~~~~^
        browser_name=DesiredCapabilities.CHROME["browserName"],
        ^^^^^^^^^^^^^^^^^^^^^^^^^^^^^^^^^^^^^^^^^^^^^^^^^^^^^^^
    ...<3 lines>...
        keep_alive=keep_alive,
        ^^^^^^^^^^^^^^^^^^^^^^
    )
    ^
  File "C:\autoGeneratedApp\linkedInInformationCollection\.venv\Lib\site-packages\selenium\webdriver\chromium\webdriver.py", line 50, in __init__
    if finder.get_browser_path():
       ~~~~~~~~~~~~~~~~~~~~~~~^^
  File "C:\autoGeneratedApp\linkedInInformationCollection\.venv\Lib\site-packages\selenium\webdriver\common\driver_finder.py", line 47, in get_browser_path
    return self._binary_paths()["browser_path"]
           ~~~~~~~~~~~~~~~~~~^^
  File "C:\autoGeneratedApp\linkedInInformationCollection\.venv\Lib\site-packages\selenium\webdriver\common\driver_finder.py", line 78, in _binary_paths
    raise NoSuchDriverException(msg) from err
selenium.common.exceptions.NoSuchDriverException: Message: Unable to obtain driver for chrome; For documentation on this error, please visit: https://www.selenium.dev/documentation/webdriver/troubleshooting/errors/driver_location

2026-03-27 17:03:35,505 [INFO] __main__ - ▶ 开始检查新动态 …
2026-03-27 17:03:35,522 [WARNING] scraper - 未检测到 Chrome 可执行文件，将使用默认方式启动浏览器
2026-03-27 17:04:20,614 [INFO] undetected_chromedriver.patcher - patching driver executable C:\Users\ANGUTANG\appdata\roaming\undetected_chromedriver\undetected_chromedriver.exe
2026-03-27 17:04:22,481 [WARNING] scraper - undetected_chromedriver 初始化失败，回退到 Selenium Chrome 驱动: Binary Location Must be a String
2026-03-27 17:04:23,140 [ERROR] __main__ - 抓取过程出现未预期错误: Message: Unable to obtain driver for chrome; For documentation on this error, please visit: https://www.selenium.dev/documentation/webdriver/troubleshooting/errors/driver_location
Traceback (most recent call last):
  File "C:\autoGeneratedApp\linkedInInformationCollection\scraper.py", line 174, in _init_driver
    self._apply_common_options(options, chrome_binary)
                   ^^^^^^^^^^^^^^^^^^^^^^^^^^
  File "C:\autoGeneratedApp\linkedInInformationCollection\.venv\Lib\site-packages\undetected_chromedriver\__init__.py", line 372, in __init__
    options.binary_location = (
    ^^^^^^^^^^^^^^^^^^^^^^^
  File "C:\autoGeneratedApp\linkedInInformationCollection\.venv\Lib\site-packages\selenium\webdriver\chromium\options.py", line 52, in binary_location
    raise TypeError(self.BINARY_LOCATION_ERROR)
TypeError: Binary Location Must be a String

During handling of the above exception, another exception occurred:

Traceback (most recent call last):
  File "C:\autoGeneratedApp\linkedInInformationCollection\.venv\Lib\site-packages\selenium\webdriver\common\driver_finder.py", line 75, in _binary_paths
    raise ValueError(f"The browser path is not a valid file: {output['browser_path']}")
ValueError: The browser path is not a valid file: 

The above exception was the direct cause of the following exception:

Traceback (most recent call last):
  File "C:\autoGeneratedApp\linkedInInformationCollection\main.py", line 42, in check_for_new_posts
    with LinkedInScraper(
         ~~~~~~~~~~~~~~~^
        email=config.LINKEDIN_EMAIL,
        ^^^^^^^^^^^^^^^^^^^^^^^^^^^^
        password=config.LINKEDIN_PASSWORD,
        ^^^^^^^^^^^^^^^^^^^^^^^^^^^^^^^^^^
        headless=config.HEADLESS,
        ^^^^^^^^^^^^^^^^^^^^^^^^^
    ) as scraper:
    ^
  File "C:\autoGeneratedApp\linkedInInformationCollection\scraper.py", line 76, in __enter__
    self._init_driver()
    ~~~~~~~~~~~~~~~~~^^
  File "C:\autoGeneratedApp\linkedInInformationCollection\scraper.py", line 185, in _init_driver
    )
    
  File "C:\autoGeneratedApp\linkedInInformationCollection\.venv\Lib\site-packages\selenium\webdriver\chrome\webdriver.py", line 45, in __init__
    super().__init__(
    ~~~~~~~~~~~~~~~~^
        browser_name=DesiredCapabilities.CHROME["browserName"],
        ^^^^^^^^^^^^^^^^^^^^^^^^^^^^^^^^^^^^^^^^^^^^^^^^^^^^^^^
    ...<3 lines>...
        keep_alive=keep_alive,
        ^^^^^^^^^^^^^^^^^^^^^^
    )
    ^
  File "C:\autoGeneratedApp\linkedInInformationCollection\.venv\Lib\site-packages\selenium\webdriver\chromium\webdriver.py", line 50, in __init__
    if finder.get_browser_path():
       ~~~~~~~~~~~~~~~~~~~~~~~^^
  File "C:\autoGeneratedApp\linkedInInformationCollection\.venv\Lib\site-packages\selenium\webdriver\common\driver_finder.py", line 47, in get_browser_path
    return self._binary_paths()["browser_path"]
           ~~~~~~~~~~~~~~~~~~^^
  File "C:\autoGeneratedApp\linkedInInformationCollection\.venv\Lib\site-packages\selenium\webdriver\common\driver_finder.py", line 78, in _binary_paths
    raise NoSuchDriverException(msg) from err
selenium.common.exceptions.NoSuchDriverException: Message: Unable to obtain driver for chrome; For documentation on this error, please visit: https://www.selenium.dev/documentation/webdriver/troubleshooting/errors/driver_location

2026-03-27 17:09:53,192 [INFO] __main__ - ▶ 开始检查新动态 …
2026-03-27 17:09:53,223 [WARNING] scraper - 未检测到 Chrome 可执行文件，将使用默认方式启动浏览器
2026-03-27 17:10:53,917 [INFO] undetected_chromedriver.patcher - patching driver executable C:\Users\ANGUTANG\appdata\roaming\undetected_chromedriver\undetected_chromedriver.exe
2026-03-27 17:10:55,613 [WARNING] scraper - undetected_chromedriver 初始化失败，回退到 Selenium Chrome 驱动: Binary Location Must be a String
2026-03-27 17:10:56,014 [ERROR] __main__ - 抓取过程出现未预期错误: Message: Unable to obtain driver for chrome; For documentation on this error, please visit: https://www.selenium.dev/documentation/webdriver/troubleshooting/errors/driver_location
Traceback (most recent call last):
  File "C:\autoGeneratedApp\linkedInInformationCollection\scraper.py", line 174, in _init_driver
    self._apply_common_options(options, chrome_binary)
                   ^^^^^^^^^^^^^^^^^^^^^^^^^^
  File "C:\autoGeneratedApp\linkedInInformationCollection\.venv\Lib\site-packages\undetected_chromedriver\__init__.py", line 372, in __init__
    options.binary_location = (
    ^^^^^^^^^^^^^^^^^^^^^^^
  File "C:\autoGeneratedApp\linkedInInformationCollection\.venv\Lib\site-packages\selenium\webdriver\chromium\options.py", line 52, in binary_location
    raise TypeError(self.BINARY_LOCATION_ERROR)
TypeError: Binary Location Must be a String

During handling of the above exception, another exception occurred:

Traceback (most recent call last):
  File "C:\autoGeneratedApp\linkedInInformationCollection\.venv\Lib\site-packages\selenium\webdriver\common\driver_finder.py", line 75, in _binary_paths
    raise ValueError(f"The browser path is not a valid file: {output['browser_path']}")
ValueError: The browser path is not a valid file: 

The above exception was the direct cause of the following exception:

Traceback (most recent call last):
  File "C:\autoGeneratedApp\linkedInInformationCollection\main.py", line 42, in check_for_new_posts
    with LinkedInScraper(
         ~~~~~~~~~~~~~~~^
        email=config.LINKEDIN_EMAIL,
        ^^^^^^^^^^^^^^^^^^^^^^^^^^^^
        password=config.LINKEDIN_PASSWORD,
        ^^^^^^^^^^^^^^^^^^^^^^^^^^^^^^^^^^
        headless=config.HEADLESS,
        ^^^^^^^^^^^^^^^^^^^^^^^^^
    ) as scraper:
    ^
  File "C:\autoGeneratedApp\linkedInInformationCollection\scraper.py", line 76, in __enter__
    self._init_driver()
    ~~~~~~~~~~~~~~~~~^^
  File "C:\autoGeneratedApp\linkedInInformationCollection\scraper.py", line 185, in _init_driver
    )
    
  File "C:\autoGeneratedApp\linkedInInformationCollection\.venv\Lib\site-packages\selenium\webdriver\chrome\webdriver.py", line 45, in __init__
    super().__init__(
    ~~~~~~~~~~~~~~~~^
        browser_name=DesiredCapabilities.CHROME["browserName"],
        ^^^^^^^^^^^^^^^^^^^^^^^^^^^^^^^^^^^^^^^^^^^^^^^^^^^^^^^
    ...<3 lines>...
        keep_alive=keep_alive,
        ^^^^^^^^^^^^^^^^^^^^^^
    )
    ^
  File "C:\autoGeneratedApp\linkedInInformationCollection\.venv\Lib\site-packages\selenium\webdriver\chromium\webdriver.py", line 50, in __init__
    if finder.get_browser_path():
       ~~~~~~~~~~~~~~~~~~~~~~~^^
  File "C:\autoGeneratedApp\linkedInInformationCollection\.venv\Lib\site-packages\selenium\webdriver\common\driver_finder.py", line 47, in get_browser_path
    return self._binary_paths()["browser_path"]
           ~~~~~~~~~~~~~~~~~~^^
  File "C:\autoGeneratedApp\linkedInInformationCollection\.venv\Lib\site-packages\selenium\webdriver\common\driver_finder.py", line 78, in _binary_paths
    raise NoSuchDriverException(msg) from err
selenium.common.exceptions.NoSuchDriverException: Message: Unable to obtain driver for chrome; For documentation on this error, please visit: https://www.selenium.dev/documentation/webdriver/troubleshooting/errors/driver_location

2026-03-27 17:16:26,004 [INFO] __main__ - ▶ 开始检查新动态 …
2026-03-27 17:16:26,026 [WARNING] scraper - 未检测到 Chrome 可执行文件，将使用默认方式启动浏览器
2026-03-27 17:17:10,311 [INFO] undetected_chromedriver.patcher - patching driver executable C:\Users\ANGUTANG\appdata\roaming\undetected_chromedriver\undetected_chromedriver.exe
2026-03-27 17:17:12,291 [WARNING] scraper - undetected_chromedriver 初始化失败，回退到 Selenium Chrome 驱动: Binary Location Must be a String
2026-03-27 17:17:12,662 [ERROR] __main__ - 抓取过程出现未预期错误: Message: Unable to obtain driver for chrome; For documentation on this error, please visit: https://www.selenium.dev/documentation/webdriver/troubleshooting/errors/driver_location
Traceback (most recent call last):
  File "C:\autoGeneratedApp\linkedInInformationCollection\scraper.py", line 174, in _init_driver
    self._apply_common_options(options, chrome_binary)
                   ^^^^^^^^^^^^^^^^^^^^^^^^^^
  File "C:\autoGeneratedApp\linkedInInformationCollection\.venv\Lib\site-packages\undetected_chromedriver\__init__.py", line 372, in __init__
    options.binary_location = (
    ^^^^^^^^^^^^^^^^^^^^^^^
  File "C:\autoGeneratedApp\linkedInInformationCollection\.venv\Lib\site-packages\selenium\webdriver\chromium\options.py", line 52, in binary_location
    raise TypeError(self.BINARY_LOCATION_ERROR)
TypeError: Binary Location Must be a String

During handling of the above exception, another exception occurred:

Traceback (most recent call last):
  File "C:\autoGeneratedApp\linkedInInformationCollection\.venv\Lib\site-packages\selenium\webdriver\common\driver_finder.py", line 75, in _binary_paths
    raise ValueError(f"The browser path is not a valid file: {output['browser_path']}")
ValueError: The browser path is not a valid file: 

The above exception was the direct cause of the following exception:

Traceback (most recent call last):
  File "C:\autoGeneratedApp\linkedInInformationCollection\main.py", line 42, in check_for_new_posts
    with LinkedInScraper(
         ~~~~~~~~~~~~~~~^
        email=config.LINKEDIN_EMAIL,
        ^^^^^^^^^^^^^^^^^^^^^^^^^^^^
        password=config.LINKEDIN_PASSWORD,
        ^^^^^^^^^^^^^^^^^^^^^^^^^^^^^^^^^^
        headless=config.HEADLESS,
        ^^^^^^^^^^^^^^^^^^^^^^^^^
    ) as scraper:
    ^
  File "C:\autoGeneratedApp\linkedInInformationCollection\scraper.py", line 76, in __enter__
    self._init_driver()
    ~~~~~~~~~~~~~~~~~^^
  File "C:\autoGeneratedApp\linkedInInformationCollection\scraper.py", line 185, in _init_driver
    )
    
  File "C:\autoGeneratedApp\linkedInInformationCollection\.venv\Lib\site-packages\selenium\webdriver\chrome\webdriver.py", line 45, in __init__
    super().__init__(
    ~~~~~~~~~~~~~~~~^
        browser_name=DesiredCapabilities.CHROME["browserName"],
        ^^^^^^^^^^^^^^^^^^^^^^^^^^^^^^^^^^^^^^^^^^^^^^^^^^^^^^^
    ...<3 lines>...
        keep_alive=keep_alive,
        ^^^^^^^^^^^^^^^^^^^^^^
    )
    ^
  File "C:\autoGeneratedApp\linkedInInformationCollection\.venv\Lib\site-packages\selenium\webdriver\chromium\webdriver.py", line 50, in __init__
    if finder.get_browser_path():
       ~~~~~~~~~~~~~~~~~~~~~~~^^
  File "C:\autoGeneratedApp\linkedInInformationCollection\.venv\Lib\site-packages\selenium\webdriver\common\driver_finder.py", line 47, in get_browser_path
    return self._binary_paths()["browser_path"]
           ~~~~~~~~~~~~~~~~~~^^
  File "C:\autoGeneratedApp\linkedInInformationCollection\.venv\Lib\site-packages\selenium\webdriver\common\driver_finder.py", line 78, in _binary_paths
    raise NoSuchDriverException(msg) from err
selenium.common.exceptions.NoSuchDriverException: Message: Unable to obtain driver for chrome; For documentation on this error, please visit: https://www.selenium.dev/documentation/webdriver/troubleshooting/errors/driver_location

2026-03-27 17:22:42,652 [INFO] __main__ - ▶ 开始检查新动态 …
2026-03-27 17:22:42,690 [WARNING] scraper - 未检测到 Chrome 可执行文件，将使用默认方式启动浏览器
2026-03-27 17:23:24,682 [INFO] undetected_chromedriver.patcher - patching driver executable C:\Users\ANGUTANG\appdata\roaming\undetected_chromedriver\undetected_chromedriver.exe
2026-03-27 17:23:27,767 [WARNING] scraper - undetected_chromedriver 初始化失败，回退到 Selenium Chrome 驱动: Binary Location Must be a String
2026-03-27 17:23:28,175 [ERROR] __main__ - 抓取过程出现未预期错误: Message: Unable to obtain driver for chrome; For documentation on this error, please visit: https://www.selenium.dev/documentation/webdriver/troubleshooting/errors/driver_location
Traceback (most recent call last):
  File "C:\autoGeneratedApp\linkedInInformationCollection\scraper.py", line 174, in _init_driver
    self._apply_common_options(options, chrome_binary)
                   ^^^^^^^^^^^^^^^^^^^^^^^^^^
  File "C:\autoGeneratedApp\linkedInInformationCollection\.venv\Lib\site-packages\undetected_chromedriver\__init__.py", line 372, in __init__
    options.binary_location = (
    ^^^^^^^^^^^^^^^^^^^^^^^
  File "C:\autoGeneratedApp\linkedInInformationCollection\.venv\Lib\site-packages\selenium\webdriver\chromium\options.py", line 52, in binary_location
    raise TypeError(self.BINARY_LOCATION_ERROR)
TypeError: Binary Location Must be a String

During handling of the above exception, another exception occurred:

Traceback (most recent call last):
  File "C:\autoGeneratedApp\linkedInInformationCollection\.venv\Lib\site-packages\selenium\webdriver\common\driver_finder.py", line 75, in _binary_paths
    raise ValueError(f"The browser path is not a valid file: {output['browser_path']}")
ValueError: The browser path is not a valid file: 

The above exception was the direct cause of the following exception:

Traceback (most recent call last):
  File "C:\autoGeneratedApp\linkedInInformationCollection\main.py", line 42, in check_for_new_posts
    with LinkedInScraper(
         ~~~~~~~~~~~~~~~^
        email=config.LINKEDIN_EMAIL,
        ^^^^^^^^^^^^^^^^^^^^^^^^^^^^
        password=config.LINKEDIN_PASSWORD,
        ^^^^^^^^^^^^^^^^^^^^^^^^^^^^^^^^^^
        headless=config.HEADLESS,
        ^^^^^^^^^^^^^^^^^^^^^^^^^
    ) as scraper:
    ^
  File "C:\autoGeneratedApp\linkedInInformationCollection\scraper.py", line 76, in __enter__
    self._init_driver()
    ~~~~~~~~~~~~~~~~~^^
  File "C:\autoGeneratedApp\linkedInInformationCollection\scraper.py", line 185, in _init_driver
    )
    
  File "C:\autoGeneratedApp\linkedInInformationCollection\.venv\Lib\site-packages\selenium\webdriver\chrome\webdriver.py", line 45, in __init__
    super().__init__(
    ~~~~~~~~~~~~~~~~^
        browser_name=DesiredCapabilities.CHROME["browserName"],
        ^^^^^^^^^^^^^^^^^^^^^^^^^^^^^^^^^^^^^^^^^^^^^^^^^^^^^^^
    ...<3 lines>...
        keep_alive=keep_alive,
        ^^^^^^^^^^^^^^^^^^^^^^
    )
    ^
  File "C:\autoGeneratedApp\linkedInInformationCollection\.venv\Lib\site-packages\selenium\webdriver\chromium\webdriver.py", line 50, in __init__
    if finder.get_browser_path():
       ~~~~~~~~~~~~~~~~~~~~~~~^^
  File "C:\autoGeneratedApp\linkedInInformationCollection\.venv\Lib\site-packages\selenium\webdriver\common\driver_finder.py", line 47, in get_browser_path
    return self._binary_paths()["browser_path"]
           ~~~~~~~~~~~~~~~~~~^^
  File "C:\autoGeneratedApp\linkedInInformationCollection\.venv\Lib\site-packages\selenium\webdriver\common\driver_finder.py", line 78, in _binary_paths
    raise NoSuchDriverException(msg) from err
selenium.common.exceptions.NoSuchDriverException: Message: Unable to obtain driver for chrome; For documentation on this error, please visit: https://www.selenium.dev/documentation/webdriver/troubleshooting/errors/driver_location

2026-03-27 17:28:58,172 [INFO] __main__ - ▶ 开始检查新动态 …
2026-03-27 17:28:58,222 [WARNING] scraper - 未检测到 Chrome 可执行文件，将使用默认方式启动浏览器
2026-03-27 17:29:46,574 [INFO] undetected_chromedriver.patcher - patching driver executable C:\Users\ANGUTANG\appdata\roaming\undetected_chromedriver\undetected_chromedriver.exe
2026-03-27 17:29:48,602 [WARNING] scraper - undetected_chromedriver 初始化失败，回退到 Selenium Chrome 驱动: Binary Location Must be a String
2026-03-27 17:29:48,968 [ERROR] __main__ - 抓取过程出现未预期错误: Message: Unable to obtain driver for chrome; For documentation on this error, please visit: https://www.selenium.dev/documentation/webdriver/troubleshooting/errors/driver_location
Traceback (most recent call last):
  File "C:\autoGeneratedApp\linkedInInformationCollection\scraper.py", line 174, in _init_driver
    self._apply_common_options(options, chrome_binary)
                   ^^^^^^^^^^^^^^^^^^^^^^^^^^
  File "C:\autoGeneratedApp\linkedInInformationCollection\.venv\Lib\site-packages\undetected_chromedriver\__init__.py", line 372, in __init__
    options.binary_location = (
    ^^^^^^^^^^^^^^^^^^^^^^^
  File "C:\autoGeneratedApp\linkedInInformationCollection\.venv\Lib\site-packages\selenium\webdriver\chromium\options.py", line 52, in binary_location
    raise TypeError(self.BINARY_LOCATION_ERROR)
TypeError: Binary Location Must be a String

During handling of the above exception, another exception occurred:

Traceback (most recent call last):
  File "C:\autoGeneratedApp\linkedInInformationCollection\.venv\Lib\site-packages\selenium\webdriver\common\driver_finder.py", line 75, in _binary_paths
    raise ValueError(f"The browser path is not a valid file: {output['browser_path']}")
ValueError: The browser path is not a valid file: 

The above exception was the direct cause of the following exception:

Traceback (most recent call last):
  File "C:\autoGeneratedApp\linkedInInformationCollection\main.py", line 42, in check_for_new_posts
    with LinkedInScraper(
         ~~~~~~~~~~~~~~~^
        email=config.LINKEDIN_EMAIL,
        ^^^^^^^^^^^^^^^^^^^^^^^^^^^^
        password=config.LINKEDIN_PASSWORD,
        ^^^^^^^^^^^^^^^^^^^^^^^^^^^^^^^^^^
        headless=config.HEADLESS,
        ^^^^^^^^^^^^^^^^^^^^^^^^^
    ) as scraper:
    ^
  File "C:\autoGeneratedApp\linkedInInformationCollection\scraper.py", line 76, in __enter__
    self._init_driver()
    ~~~~~~~~~~~~~~~~~^^
  File "C:\autoGeneratedApp\linkedInInformationCollection\scraper.py", line 185, in _init_driver
    )
    
  File "C:\autoGeneratedApp\linkedInInformationCollection\.venv\Lib\site-packages\selenium\webdriver\chrome\webdriver.py", line 45, in __init__
    super().__init__(
    ~~~~~~~~~~~~~~~~^
        browser_name=DesiredCapabilities.CHROME["browserName"],
        ^^^^^^^^^^^^^^^^^^^^^^^^^^^^^^^^^^^^^^^^^^^^^^^^^^^^^^^
    ...<3 lines>...
        keep_alive=keep_alive,
        ^^^^^^^^^^^^^^^^^^^^^^
    )
    ^
  File "C:\autoGeneratedApp\linkedInInformationCollection\.venv\Lib\site-packages\selenium\webdriver\chromium\webdriver.py", line 50, in __init__
    if finder.get_browser_path():
       ~~~~~~~~~~~~~~~~~~~~~~~^^
  File "C:\autoGeneratedApp\linkedInInformationCollection\.venv\Lib\site-packages\selenium\webdriver\common\driver_finder.py", line 47, in get_browser_path
    return self._binary_paths()["browser_path"]
           ~~~~~~~~~~~~~~~~~~^^
  File "C:\autoGeneratedApp\linkedInInformationCollection\.venv\Lib\site-packages\selenium\webdriver\common\driver_finder.py", line 78, in _binary_paths
    raise NoSuchDriverException(msg) from err
selenium.common.exceptions.NoSuchDriverException: Message: Unable to obtain driver for chrome; For documentation on this error, please visit: https://www.selenium.dev/documentation/webdriver/troubleshooting/errors/driver_location

2026-03-27 17:35:18,961 [INFO] __main__ - ▶ 开始检查新动态 …
2026-03-27 17:35:18,979 [WARNING] scraper - 未检测到 Chrome 可执行文件，将使用默认方式启动浏览器
2026-03-27 17:35:54,931 [INFO] undetected_chromedriver.patcher - patching driver executable C:\Users\ANGUTANG\appdata\roaming\undetected_chromedriver\undetected_chromedriver.exe
2026-03-27 17:35:56,317 [WARNING] scraper - undetected_chromedriver 初始化失败，回退到 Selenium Chrome 驱动: Binary Location Must be a String
2026-03-27 17:35:57,178 [ERROR] __main__ - 抓取过程出现未预期错误: Message: Unable to obtain driver for chrome; For documentation on this error, please visit: https://www.selenium.dev/documentation/webdriver/troubleshooting/errors/driver_location
Traceback (most recent call last):
  File "C:\autoGeneratedApp\linkedInInformationCollection\scraper.py", line 174, in _init_driver
    self._apply_common_options(options, chrome_binary)
                   ^^^^^^^^^^^^^^^^^^^^^^^^^^
  File "C:\autoGeneratedApp\linkedInInformationCollection\.venv\Lib\site-packages\undetected_chromedriver\__init__.py", line 372, in __init__
    options.binary_location = (
    ^^^^^^^^^^^^^^^^^^^^^^^
  File "C:\autoGeneratedApp\linkedInInformationCollection\.venv\Lib\site-packages\selenium\webdriver\chromium\options.py", line 52, in binary_location
    raise TypeError(self.BINARY_LOCATION_ERROR)
TypeError: Binary Location Must be a String

During handling of the above exception, another exception occurred:

Traceback (most recent call last):
  File "C:\autoGeneratedApp\linkedInInformationCollection\.venv\Lib\site-packages\selenium\webdriver\common\driver_finder.py", line 75, in _binary_paths
    raise ValueError(f"The browser path is not a valid file: {output['browser_path']}")
ValueError: The browser path is not a valid file: 

The above exception was the direct cause of the following exception:

Traceback (most recent call last):
  File "C:\autoGeneratedApp\linkedInInformationCollection\main.py", line 42, in check_for_new_posts
    with LinkedInScraper(
         ~~~~~~~~~~~~~~~^
        email=config.LINKEDIN_EMAIL,
        ^^^^^^^^^^^^^^^^^^^^^^^^^^^^
        password=config.LINKEDIN_PASSWORD,
        ^^^^^^^^^^^^^^^^^^^^^^^^^^^^^^^^^^
        headless=config.HEADLESS,
        ^^^^^^^^^^^^^^^^^^^^^^^^^
    ) as scraper:
    ^
  File "C:\autoGeneratedApp\linkedInInformationCollection\scraper.py", line 76, in __enter__
    self._init_driver()
    ~~~~~~~~~~~~~~~~~^^
  File "C:\autoGeneratedApp\linkedInInformationCollection\scraper.py", line 185, in _init_driver
    )
    
  File "C:\autoGeneratedApp\linkedInInformationCollection\.venv\Lib\site-packages\selenium\webdriver\chrome\webdriver.py", line 45, in __init__
    super().__init__(
    ~~~~~~~~~~~~~~~~^
        browser_name=DesiredCapabilities.CHROME["browserName"],
        ^^^^^^^^^^^^^^^^^^^^^^^^^^^^^^^^^^^^^^^^^^^^^^^^^^^^^^^
    ...<3 lines>...
        keep_alive=keep_alive,
        ^^^^^^^^^^^^^^^^^^^^^^
    )
    ^
  File "C:\autoGeneratedApp\linkedInInformationCollection\.venv\Lib\site-packages\selenium\webdriver\chromium\webdriver.py", line 50, in __init__
    if finder.get_browser_path():
       ~~~~~~~~~~~~~~~~~~~~~~~^^
  File "C:\autoGeneratedApp\linkedInInformationCollection\.venv\Lib\site-packages\selenium\webdriver\common\driver_finder.py", line 47, in get_browser_path
    return self._binary_paths()["browser_path"]
           ~~~~~~~~~~~~~~~~~~^^
  File "C:\autoGeneratedApp\linkedInInformationCollection\.venv\Lib\site-packages\selenium\webdriver\common\driver_finder.py", line 78, in _binary_paths
    raise NoSuchDriverException(msg) from err
selenium.common.exceptions.NoSuchDriverException: Message: Unable to obtain driver for chrome; For documentation on this error, please visit: https://www.selenium.dev/documentation/webdriver/troubleshooting/errors/driver_location

2026-03-27 17:41:27,171 [INFO] __main__ - ▶ 开始检查新动态 …
2026-03-27 17:41:27,188 [WARNING] scraper - 未检测到 Chrome 可执行文件，将使用默认方式启动浏览器
2026-03-27 17:42:02,520 [INFO] undetected_chromedriver.patcher - patching driver executable C:\Users\ANGUTANG\appdata\roaming\undetected_chromedriver\undetected_chromedriver.exe
2026-03-27 17:42:03,860 [WARNING] scraper - undetected_chromedriver 初始化失败，回退到 Selenium Chrome 驱动: Binary Location Must be a String
2026-03-27 17:42:04,030 [ERROR] __main__ - 抓取过程出现未预期错误: Message: Unable to obtain driver for chrome; For documentation on this error, please visit: https://www.selenium.dev/documentation/webdriver/troubleshooting/errors/driver_location
Traceback (most recent call last):
  File "C:\autoGeneratedApp\linkedInInformationCollection\scraper.py", line 174, in _init_driver
    options.add_argument("--window-size=1920,1080")
                       ^^^^^^^^^^^^^^^^^^^^^^^^^^
  File "C:\autoGeneratedApp\linkedInInformationCollection\.venv\Lib\site-packages\undetected_chromedriver\__init__.py", line 372, in __init__
    options.binary_location = (
    ^^^^^^^^^^^^^^^^^^^^^^^
  File "C:\autoGeneratedApp\linkedInInformationCollection\.venv\Lib\site-packages\selenium\webdriver\chromium\options.py", line 52, in binary_location
    raise TypeError(self.BINARY_LOCATION_ERROR)
TypeError: Binary Location Must be a String

During handling of the above exception, another exception occurred:

Traceback (most recent call last):
  File "C:\autoGeneratedApp\linkedInInformationCollection\.venv\Lib\site-packages\selenium\webdriver\common\driver_finder.py", line 75, in _binary_paths
    raise ValueError(f"The browser path is not a valid file: {output['browser_path']}")
ValueError: The browser path is not a valid file: 

The above exception was the direct cause of the following exception:

Traceback (most recent call last):
  File "C:\autoGeneratedApp\linkedInInformationCollection\main.py", line 42, in check_for_new_posts
    with LinkedInScraper(
         ~~~~~~~~~~~~~~~^
        email=config.LINKEDIN_EMAIL,
        ^^^^^^^^^^^^^^^^^^^^^^^^^^^^
        password=config.LINKEDIN_PASSWORD,
        ^^^^^^^^^^^^^^^^^^^^^^^^^^^^^^^^^^
        headless=config.HEADLESS,
        ^^^^^^^^^^^^^^^^^^^^^^^^^
    ) as scraper:
    ^
  File "C:\autoGeneratedApp\linkedInInformationCollection\scraper.py", line 76, in __enter__
    self._init_driver()
    ~~~~~~~~~~~~~~~~~^^
  File "C:\autoGeneratedApp\linkedInInformationCollection\scraper.py", line 185, in _init_driver
    @staticmethod
    
  File "C:\autoGeneratedApp\linkedInInformationCollection\.venv\Lib\site-packages\selenium\webdriver\chrome\webdriver.py", line 45, in __init__
    super().__init__(
    ~~~~~~~~~~~~~~~~^
        browser_name=DesiredCapabilities.CHROME["browserName"],
        ^^^^^^^^^^^^^^^^^^^^^^^^^^^^^^^^^^^^^^^^^^^^^^^^^^^^^^^
    ...<3 lines>...
        keep_alive=keep_alive,
        ^^^^^^^^^^^^^^^^^^^^^^
    )
    ^
  File "C:\autoGeneratedApp\linkedInInformationCollection\.venv\Lib\site-packages\selenium\webdriver\chromium\webdriver.py", line 50, in __init__
    if finder.get_browser_path():
       ~~~~~~~~~~~~~~~~~~~~~~~^^
  File "C:\autoGeneratedApp\linkedInInformationCollection\.venv\Lib\site-packages\selenium\webdriver\common\driver_finder.py", line 47, in get_browser_path
    return self._binary_paths()["browser_path"]
           ~~~~~~~~~~~~~~~~~~^^
  File "C:\autoGeneratedApp\linkedInInformationCollection\.venv\Lib\site-packages\selenium\webdriver\common\driver_finder.py", line 78, in _binary_paths
    raise NoSuchDriverException(msg) from err
selenium.common.exceptions.NoSuchDriverException: Message: Unable to obtain driver for chrome; For documentation on this error, please visit: https://www.selenium.dev/documentation/webdriver/troubleshooting/errors/driver_location

2026-03-27 17:47:34,027 [INFO] __main__ - ▶ 开始检查新动态 …
2026-03-27 17:47:34,044 [WARNING] scraper - 未检测到 Chrome 可执行文件，将使用默认方式启动浏览器
2026-03-27 17:48:08,540 [INFO] undetected_chromedriver.patcher - patching driver executable C:\Users\ANGUTANG\appdata\roaming\undetected_chromedriver\undetected_chromedriver.exe
2026-03-27 17:48:09,930 [WARNING] scraper - undetected_chromedriver 初始化失败，回退到 Selenium Chrome 驱动: Binary Location Must be a String
2026-03-27 17:48:10,138 [ERROR] __main__ - 抓取过程出现未预期错误: Message: Unable to obtain driver for chrome; For documentation on this error, please visit: https://www.selenium.dev/documentation/webdriver/troubleshooting/errors/driver_location
Traceback (most recent call last):
  File "C:\autoGeneratedApp\linkedInInformationCollection\scraper.py", line 174, in _init_driver
    options.add_argument("--window-size=1920,1080")
                       ^^^^^^^^^^^^^^^^^^^^^^^^^^
  File "C:\autoGeneratedApp\linkedInInformationCollection\.venv\Lib\site-packages\undetected_chromedriver\__init__.py", line 372, in __init__
    options.binary_location = (
    ^^^^^^^^^^^^^^^^^^^^^^^
  File "C:\autoGeneratedApp\linkedInInformationCollection\.venv\Lib\site-packages\selenium\webdriver\chromium\options.py", line 52, in binary_location
    raise TypeError(self.BINARY_LOCATION_ERROR)
TypeError: Binary Location Must be a String

During handling of the above exception, another exception occurred:

Traceback (most recent call last):
  File "C:\autoGeneratedApp\linkedInInformationCollection\.venv\Lib\site-packages\selenium\webdriver\common\driver_finder.py", line 75, in _binary_paths
    raise ValueError(f"The browser path is not a valid file: {output['browser_path']}")
ValueError: The browser path is not a valid file: 

The above exception was the direct cause of the following exception:

Traceback (most recent call last):
  File "C:\autoGeneratedApp\linkedInInformationCollection\main.py", line 42, in check_for_new_posts
    with LinkedInScraper(
         ~~~~~~~~~~~~~~~^
        email=config.LINKEDIN_EMAIL,
        ^^^^^^^^^^^^^^^^^^^^^^^^^^^^
        password=config.LINKEDIN_PASSWORD,
        ^^^^^^^^^^^^^^^^^^^^^^^^^^^^^^^^^^
        headless=config.HEADLESS,
        ^^^^^^^^^^^^^^^^^^^^^^^^^
    ) as scraper:
    ^
  File "C:\autoGeneratedApp\linkedInInformationCollection\scraper.py", line 76, in __enter__
    self._init_driver()
    ~~~~~~~~~~~~~~~~~^^
  File "C:\autoGeneratedApp\linkedInInformationCollection\scraper.py", line 185, in _init_driver
    @staticmethod
    
  File "C:\autoGeneratedApp\linkedInInformationCollection\.venv\Lib\site-packages\selenium\webdriver\chrome\webdriver.py", line 45, in __init__
    super().__init__(
    ~~~~~~~~~~~~~~~~^
        browser_name=DesiredCapabilities.CHROME["browserName"],
        ^^^^^^^^^^^^^^^^^^^^^^^^^^^^^^^^^^^^^^^^^^^^^^^^^^^^^^^
    ...<3 lines>...
        keep_alive=keep_alive,
        ^^^^^^^^^^^^^^^^^^^^^^
    )
    ^
  File "C:\autoGeneratedApp\linkedInInformationCollection\.venv\Lib\site-packages\selenium\webdriver\chromium\webdriver.py", line 50, in __init__
    if finder.get_browser_path():
       ~~~~~~~~~~~~~~~~~~~~~~~^^
  File "C:\autoGeneratedApp\linkedInInformationCollection\.venv\Lib\site-packages\selenium\webdriver\common\driver_finder.py", line 47, in get_browser_path
    return self._binary_paths()["browser_path"]
           ~~~~~~~~~~~~~~~~~~^^
  File "C:\autoGeneratedApp\linkedInInformationCollection\.venv\Lib\site-packages\selenium\webdriver\common\driver_finder.py", line 78, in _binary_paths
    raise NoSuchDriverException(msg) from err
selenium.common.exceptions.NoSuchDriverException: Message: Unable to obtain driver for chrome; For documentation on this error, please visit: https://www.selenium.dev/documentation/webdriver/troubleshooting/errors/driver_location

2026-03-27 17:53:40,133 [INFO] __main__ - ▶ 开始检查新动态 …
2026-03-27 17:53:40,151 [WARNING] scraper - 未检测到 Chrome 可执行文件，将使用默认方式启动浏览器
2026-03-27 17:54:18,730 [INFO] undetected_chromedriver.patcher - patching driver executable C:\Users\ANGUTANG\appdata\roaming\undetected_chromedriver\undetected_chromedriver.exe
2026-03-27 17:54:20,021 [WARNING] scraper - undetected_chromedriver 初始化失败，回退到 Selenium Chrome 驱动: Binary Location Must be a String
2026-03-27 17:54:20,199 [ERROR] __main__ - 抓取过程出现未预期错误: Message: Unable to obtain driver for chrome; For documentation on this error, please visit: https://www.selenium.dev/documentation/webdriver/troubleshooting/errors/driver_location
Traceback (most recent call last):
  File "C:\autoGeneratedApp\linkedInInformationCollection\scraper.py", line 174, in _init_driver
    options.add_argument("--window-size=1920,1080")
                       ^^^^^^^^^^^^^^^^^^^^^^^^^^
  File "C:\autoGeneratedApp\linkedInInformationCollection\.venv\Lib\site-packages\undetected_chromedriver\__init__.py", line 372, in __init__
    options.binary_location = (
    ^^^^^^^^^^^^^^^^^^^^^^^
  File "C:\autoGeneratedApp\linkedInInformationCollection\.venv\Lib\site-packages\selenium\webdriver\chromium\options.py", line 52, in binary_location
    raise TypeError(self.BINARY_LOCATION_ERROR)
TypeError: Binary Location Must be a String

During handling of the above exception, another exception occurred:

Traceback (most recent call last):
  File "C:\autoGeneratedApp\linkedInInformationCollection\.venv\Lib\site-packages\selenium\webdriver\common\driver_finder.py", line 75, in _binary_paths
    raise ValueError(f"The browser path is not a valid file: {output['browser_path']}")
ValueError: The browser path is not a valid file: 

The above exception was the direct cause of the following exception:

Traceback (most recent call last):
  File "C:\autoGeneratedApp\linkedInInformationCollection\main.py", line 42, in check_for_new_posts
    with LinkedInScraper(
         ~~~~~~~~~~~~~~~^
        email=config.LINKEDIN_EMAIL,
        ^^^^^^^^^^^^^^^^^^^^^^^^^^^^
        password=config.LINKEDIN_PASSWORD,
        ^^^^^^^^^^^^^^^^^^^^^^^^^^^^^^^^^^
        headless=config.HEADLESS,
        ^^^^^^^^^^^^^^^^^^^^^^^^^
    ) as scraper:
    ^
  File "C:\autoGeneratedApp\linkedInInformationCollection\scraper.py", line 76, in __enter__
    self._init_driver()
    ~~~~~~~~~~~~~~~~~^^
  File "C:\autoGeneratedApp\linkedInInformationCollection\scraper.py", line 185, in _init_driver
    @staticmethod
    
  File "C:\autoGeneratedApp\linkedInInformationCollection\.venv\Lib\site-packages\selenium\webdriver\chrome\webdriver.py", line 45, in __init__
    super().__init__(
    ~~~~~~~~~~~~~~~~^
        browser_name=DesiredCapabilities.CHROME["browserName"],
        ^^^^^^^^^^^^^^^^^^^^^^^^^^^^^^^^^^^^^^^^^^^^^^^^^^^^^^^
    ...<3 lines>...
        keep_alive=keep_alive,
        ^^^^^^^^^^^^^^^^^^^^^^
    )
    ^
  File "C:\autoGeneratedApp\linkedInInformationCollection\.venv\Lib\site-packages\selenium\webdriver\chromium\webdriver.py", line 50, in __init__
    if finder.get_browser_path():
       ~~~~~~~~~~~~~~~~~~~~~~~^^
  File "C:\autoGeneratedApp\linkedInInformationCollection\.venv\Lib\site-packages\selenium\webdriver\common\driver_finder.py", line 47, in get_browser_path
    return self._binary_paths()["browser_path"]
           ~~~~~~~~~~~~~~~~~~^^
  File "C:\autoGeneratedApp\linkedInInformationCollection\.venv\Lib\site-packages\selenium\webdriver\common\driver_finder.py", line 78, in _binary_paths
    raise NoSuchDriverException(msg) from err
selenium.common.exceptions.NoSuchDriverException: Message: Unable to obtain driver for chrome; For documentation on this error, please visit: https://www.selenium.dev/documentation/webdriver/troubleshooting/errors/driver_location

2026-03-27 17:59:50,193 [INFO] __main__ - ▶ 开始检查新动态 …
2026-03-27 17:59:50,213 [WARNING] scraper - 未检测到 Chrome 可执行文件，将使用默认方式启动浏览器
2026-03-27 18:00:34,471 [INFO] undetected_chromedriver.patcher - patching driver executable C:\Users\ANGUTANG\appdata\roaming\undetected_chromedriver\undetected_chromedriver.exe
2026-03-27 18:00:35,831 [WARNING] scraper - undetected_chromedriver 初始化失败，回退到 Selenium Chrome 驱动: Binary Location Must be a String
2026-03-27 18:00:36,012 [ERROR] __main__ - 抓取过程出现未预期错误: Message: Unable to obtain driver for chrome; For documentation on this error, please visit: https://www.selenium.dev/documentation/webdriver/troubleshooting/errors/driver_location
Traceback (most recent call last):
  File "C:\autoGeneratedApp\linkedInInformationCollection\scraper.py", line 174, in _init_driver
    options.add_argument("--window-size=1920,1080")
                       ^^^^^^^^^^^^^^^^^^^^^^^^^^
  File "C:\autoGeneratedApp\linkedInInformationCollection\.venv\Lib\site-packages\undetected_chromedriver\__init__.py", line 372, in __init__
    options.binary_location = (
    ^^^^^^^^^^^^^^^^^^^^^^^
  File "C:\autoGeneratedApp\linkedInInformationCollection\.venv\Lib\site-packages\selenium\webdriver\chromium\options.py", line 52, in binary_location
    raise TypeError(self.BINARY_LOCATION_ERROR)
TypeError: Binary Location Must be a String

During handling of the above exception, another exception occurred:

Traceback (most recent call last):
  File "C:\autoGeneratedApp\linkedInInformationCollection\.venv\Lib\site-packages\selenium\webdriver\common\driver_finder.py", line 75, in _binary_paths
    raise ValueError(f"The browser path is not a valid file: {output['browser_path']}")
ValueError: The browser path is not a valid file: 

The above exception was the direct cause of the following exception:

Traceback (most recent call last):
  File "C:\autoGeneratedApp\linkedInInformationCollection\main.py", line 42, in check_for_new_posts
    with LinkedInScraper(
         ~~~~~~~~~~~~~~~^
        email=config.LINKEDIN_EMAIL,
        ^^^^^^^^^^^^^^^^^^^^^^^^^^^^
        password=config.LINKEDIN_PASSWORD,
        ^^^^^^^^^^^^^^^^^^^^^^^^^^^^^^^^^^
        headless=config.HEADLESS,
        ^^^^^^^^^^^^^^^^^^^^^^^^^
    ) as scraper:
    ^
  File "C:\autoGeneratedApp\linkedInInformationCollection\scraper.py", line 76, in __enter__
    self._init_driver()
    ~~~~~~~~~~~~~~~~~^^
  File "C:\autoGeneratedApp\linkedInInformationCollection\scraper.py", line 185, in _init_driver
    @staticmethod
    
  File "C:\autoGeneratedApp\linkedInInformationCollection\.venv\Lib\site-packages\selenium\webdriver\chrome\webdriver.py", line 45, in __init__
    super().__init__(
    ~~~~~~~~~~~~~~~~^
        browser_name=DesiredCapabilities.CHROME["browserName"],
        ^^^^^^^^^^^^^^^^^^^^^^^^^^^^^^^^^^^^^^^^^^^^^^^^^^^^^^^
    ...<3 lines>...
        keep_alive=keep_alive,
        ^^^^^^^^^^^^^^^^^^^^^^
    )
    ^
  File "C:\autoGeneratedApp\linkedInInformationCollection\.venv\Lib\site-packages\selenium\webdriver\chromium\webdriver.py", line 50, in __init__
    if finder.get_browser_path():
       ~~~~~~~~~~~~~~~~~~~~~~~^^
  File "C:\autoGeneratedApp\linkedInInformationCollection\.venv\Lib\site-packages\selenium\webdriver\common\driver_finder.py", line 47, in get_browser_path
    return self._binary_paths()["browser_path"]
           ~~~~~~~~~~~~~~~~~~^^
  File "C:\autoGeneratedApp\linkedInInformationCollection\.venv\Lib\site-packages\selenium\webdriver\common\driver_finder.py", line 78, in _binary_paths
    raise NoSuchDriverException(msg) from err
selenium.common.exceptions.NoSuchDriverException: Message: Unable to obtain driver for chrome; For documentation on this error, please visit: https://www.selenium.dev/documentation/webdriver/troubleshooting/errors/driver_location

2026-03-27 18:06:06,011 [INFO] __main__ - ▶ 开始检查新动态 …
2026-03-27 18:06:06,029 [WARNING] scraper - 未检测到 Chrome 可执行文件，将使用默认方式启动浏览器
2026-03-27 18:06:42,754 [INFO] undetected_chromedriver.patcher - patching driver executable C:\Users\ANGUTANG\appdata\roaming\undetected_chromedriver\undetected_chromedriver.exe
2026-03-27 18:06:44,021 [WARNING] scraper - undetected_chromedriver 初始化失败，回退到 Selenium Chrome 驱动: Binary Location Must be a String
2026-03-27 18:06:44,209 [ERROR] __main__ - 抓取过程出现未预期错误: Message: Unable to obtain driver for chrome; For documentation on this error, please visit: https://www.selenium.dev/documentation/webdriver/troubleshooting/errors/driver_location
Traceback (most recent call last):
  File "C:\autoGeneratedApp\linkedInInformationCollection\scraper.py", line 174, in _init_driver
    options.add_argument("--window-size=1920,1080")
                       ^^^^^^^^^^^^^^^^^^^^^^^^^^
  File "C:\autoGeneratedApp\linkedInInformationCollection\.venv\Lib\site-packages\undetected_chromedriver\__init__.py", line 372, in __init__
    options.binary_location = (
    ^^^^^^^^^^^^^^^^^^^^^^^
  File "C:\autoGeneratedApp\linkedInInformationCollection\.venv\Lib\site-packages\selenium\webdriver\chromium\options.py", line 52, in binary_location
    raise TypeError(self.BINARY_LOCATION_ERROR)
TypeError: Binary Location Must be a String

During handling of the above exception, another exception occurred:

Traceback (most recent call last):
  File "C:\autoGeneratedApp\linkedInInformationCollection\.venv\Lib\site-packages\selenium\webdriver\common\driver_finder.py", line 75, in _binary_paths
    raise ValueError(f"The browser path is not a valid file: {output['browser_path']}")
ValueError: The browser path is not a valid file: 

The above exception was the direct cause of the following exception:

Traceback (most recent call last):
  File "C:\autoGeneratedApp\linkedInInformationCollection\main.py", line 42, in check_for_new_posts
    with LinkedInScraper(
         ~~~~~~~~~~~~~~~^
        email=config.LINKEDIN_EMAIL,
        ^^^^^^^^^^^^^^^^^^^^^^^^^^^^
        password=config.LINKEDIN_PASSWORD,
        ^^^^^^^^^^^^^^^^^^^^^^^^^^^^^^^^^^
        headless=config.HEADLESS,
        ^^^^^^^^^^^^^^^^^^^^^^^^^
    ) as scraper:
    ^
  File "C:\autoGeneratedApp\linkedInInformationCollection\scraper.py", line 76, in __enter__
    self._init_driver()
    ~~~~~~~~~~~~~~~~~^^
  File "C:\autoGeneratedApp\linkedInInformationCollection\scraper.py", line 185, in _init_driver
    @staticmethod
    
  File "C:\autoGeneratedApp\linkedInInformationCollection\.venv\Lib\site-packages\selenium\webdriver\chrome\webdriver.py", line 45, in __init__
    super().__init__(
    ~~~~~~~~~~~~~~~~^
        browser_name=DesiredCapabilities.CHROME["browserName"],
        ^^^^^^^^^^^^^^^^^^^^^^^^^^^^^^^^^^^^^^^^^^^^^^^^^^^^^^^
    ...<3 lines>...
        keep_alive=keep_alive,
        ^^^^^^^^^^^^^^^^^^^^^^
    )
    ^
  File "C:\autoGeneratedApp\linkedInInformationCollection\.venv\Lib\site-packages\selenium\webdriver\chromium\webdriver.py", line 50, in __init__
    if finder.get_browser_path():
       ~~~~~~~~~~~~~~~~~~~~~~~^^
  File "C:\autoGeneratedApp\linkedInInformationCollection\.venv\Lib\site-packages\selenium\webdriver\common\driver_finder.py", line 47, in get_browser_path
    return self._binary_paths()["browser_path"]
           ~~~~~~~~~~~~~~~~~~^^
  File "C:\autoGeneratedApp\linkedInInformationCollection\.venv\Lib\site-packages\selenium\webdriver\common\driver_finder.py", line 78, in _binary_paths
    raise NoSuchDriverException(msg) from err
selenium.common.exceptions.NoSuchDriverException: Message: Unable to obtain driver for chrome; For documentation on this error, please visit: https://www.selenium.dev/documentation/webdriver/troubleshooting/errors/driver_location

2026-03-27 18:12:14,207 [INFO] __main__ - ▶ 开始检查新动态 …
2026-03-27 18:12:14,227 [WARNING] scraper - 未检测到 Chrome 可执行文件，将使用默认方式启动浏览器
2026-03-27 18:12:57,219 [INFO] undetected_chromedriver.patcher - patching driver executable C:\Users\ANGUTANG\appdata\roaming\undetected_chromedriver\undetected_chromedriver.exe
2026-03-27 18:12:59,187 [WARNING] scraper - undetected_chromedriver 初始化失败，回退到 Selenium Chrome 驱动: Binary Location Must be a String
2026-03-27 18:12:59,516 [ERROR] __main__ - 抓取过程出现未预期错误: Message: Unable to obtain driver for chrome; For documentation on this error, please visit: https://www.selenium.dev/documentation/webdriver/troubleshooting/errors/driver_location
Traceback (most recent call last):
  File "C:\autoGeneratedApp\linkedInInformationCollection\scraper.py", line 174, in _init_driver
    options.add_argument("--window-size=1920,1080")
                       ^^^^^^^^^^^^^^^^^^^^^^^^^^
  File "C:\autoGeneratedApp\linkedInInformationCollection\.venv\Lib\site-packages\undetected_chromedriver\__init__.py", line 372, in __init__
    options.binary_location = (
    ^^^^^^^^^^^^^^^^^^^^^^^
  File "C:\autoGeneratedApp\linkedInInformationCollection\.venv\Lib\site-packages\selenium\webdriver\chromium\options.py", line 52, in binary_location
    raise TypeError(self.BINARY_LOCATION_ERROR)
TypeError: Binary Location Must be a String

During handling of the above exception, another exception occurred:

Traceback (most recent call last):
  File "C:\autoGeneratedApp\linkedInInformationCollection\.venv\Lib\site-packages\selenium\webdriver\common\driver_finder.py", line 75, in _binary_paths
    raise ValueError(f"The browser path is not a valid file: {output['browser_path']}")
ValueError: The browser path is not a valid file: 

The above exception was the direct cause of the following exception:

Traceback (most recent call last):
  File "C:\autoGeneratedApp\linkedInInformationCollection\main.py", line 42, in check_for_new_posts
    with LinkedInScraper(
         ~~~~~~~~~~~~~~~^
        email=config.LINKEDIN_EMAIL,
        ^^^^^^^^^^^^^^^^^^^^^^^^^^^^
        password=config.LINKEDIN_PASSWORD,
        ^^^^^^^^^^^^^^^^^^^^^^^^^^^^^^^^^^
        headless=config.HEADLESS,
        ^^^^^^^^^^^^^^^^^^^^^^^^^
    ) as scraper:
    ^
  File "C:\autoGeneratedApp\linkedInInformationCollection\scraper.py", line 76, in __enter__
    self._init_driver()
    ~~~~~~~~~~~~~~~~~^^
  File "C:\autoGeneratedApp\linkedInInformationCollection\scraper.py", line 185, in _init_driver
    @staticmethod
    
  File "C:\autoGeneratedApp\linkedInInformationCollection\.venv\Lib\site-packages\selenium\webdriver\chrome\webdriver.py", line 45, in __init__
    super().__init__(
    ~~~~~~~~~~~~~~~~^
        browser_name=DesiredCapabilities.CHROME["browserName"],
        ^^^^^^^^^^^^^^^^^^^^^^^^^^^^^^^^^^^^^^^^^^^^^^^^^^^^^^^
    ...<3 lines>...
        keep_alive=keep_alive,
        ^^^^^^^^^^^^^^^^^^^^^^
    )
    ^
  File "C:\autoGeneratedApp\linkedInInformationCollection\.venv\Lib\site-packages\selenium\webdriver\chromium\webdriver.py", line 50, in __init__
    if finder.get_browser_path():
       ~~~~~~~~~~~~~~~~~~~~~~~^^
  File "C:\autoGeneratedApp\linkedInInformationCollection\.venv\Lib\site-packages\selenium\webdriver\common\driver_finder.py", line 47, in get_browser_path
    return self._binary_paths()["browser_path"]
           ~~~~~~~~~~~~~~~~~~^^
  File "C:\autoGeneratedApp\linkedInInformationCollection\.venv\Lib\site-packages\selenium\webdriver\common\driver_finder.py", line 78, in _binary_paths
    raise NoSuchDriverException(msg) from err
selenium.common.exceptions.NoSuchDriverException: Message: Unable to obtain driver for chrome; For documentation on this error, please visit: https://www.selenium.dev/documentation/webdriver/troubleshooting/errors/driver_location

2026-03-27 18:18:29,516 [INFO] __main__ - ▶ 开始检查新动态 …
2026-03-27 18:18:29,535 [WARNING] scraper - 未检测到 Chrome 可执行文件，将使用默认方式启动浏览器
2026-03-27 18:19:11,888 [INFO] undetected_chromedriver.patcher - patching driver executable C:\Users\ANGUTANG\appdata\roaming\undetected_chromedriver\undetected_chromedriver.exe
2026-03-27 18:19:13,303 [WARNING] scraper - undetected_chromedriver 初始化失败，回退到 Selenium Chrome 驱动: Binary Location Must be a String
2026-03-27 18:19:13,529 [ERROR] __main__ - 抓取过程出现未预期错误: Message: Unable to obtain driver for chrome; For documentation on this error, please visit: https://www.selenium.dev/documentation/webdriver/troubleshooting/errors/driver_location
Traceback (most recent call last):
  File "C:\autoGeneratedApp\linkedInInformationCollection\scraper.py", line 174, in _init_driver
    options.add_argument("--window-size=1920,1080")
                       ^^^^^^^^^^^^^^^^^^^^^^^^^^
  File "C:\autoGeneratedApp\linkedInInformationCollection\.venv\Lib\site-packages\undetected_chromedriver\__init__.py", line 372, in __init__
    options.binary_location = (
    ^^^^^^^^^^^^^^^^^^^^^^^
  File "C:\autoGeneratedApp\linkedInInformationCollection\.venv\Lib\site-packages\selenium\webdriver\chromium\options.py", line 52, in binary_location
    raise TypeError(self.BINARY_LOCATION_ERROR)
TypeError: Binary Location Must be a String

During handling of the above exception, another exception occurred:

Traceback (most recent call last):
  File "C:\autoGeneratedApp\linkedInInformationCollection\.venv\Lib\site-packages\selenium\webdriver\common\driver_finder.py", line 75, in _binary_paths
    raise ValueError(f"The browser path is not a valid file: {output['browser_path']}")
ValueError: The browser path is not a valid file: 

The above exception was the direct cause of the following exception:

Traceback (most recent call last):
  File "C:\autoGeneratedApp\linkedInInformationCollection\main.py", line 42, in check_for_new_posts
    with LinkedInScraper(
         ~~~~~~~~~~~~~~~^
        email=config.LINKEDIN_EMAIL,
        ^^^^^^^^^^^^^^^^^^^^^^^^^^^^
        password=config.LINKEDIN_PASSWORD,
        ^^^^^^^^^^^^^^^^^^^^^^^^^^^^^^^^^^
        headless=config.HEADLESS,
        ^^^^^^^^^^^^^^^^^^^^^^^^^
    ) as scraper:
    ^
  File "C:\autoGeneratedApp\linkedInInformationCollection\scraper.py", line 76, in __enter__
    self._init_driver()
    ~~~~~~~~~~~~~~~~~^^
  File "C:\autoGeneratedApp\linkedInInformationCollection\scraper.py", line 185, in _init_driver
    @staticmethod
    
  File "C:\autoGeneratedApp\linkedInInformationCollection\.venv\Lib\site-packages\selenium\webdriver\chrome\webdriver.py", line 45, in __init__
    super().__init__(
    ~~~~~~~~~~~~~~~~^
        browser_name=DesiredCapabilities.CHROME["browserName"],
        ^^^^^^^^^^^^^^^^^^^^^^^^^^^^^^^^^^^^^^^^^^^^^^^^^^^^^^^
    ...<3 lines>...
        keep_alive=keep_alive,
        ^^^^^^^^^^^^^^^^^^^^^^
    )
    ^
  File "C:\autoGeneratedApp\linkedInInformationCollection\.venv\Lib\site-packages\selenium\webdriver\chromium\webdriver.py", line 50, in __init__
    if finder.get_browser_path():
       ~~~~~~~~~~~~~~~~~~~~~~~^^
  File "C:\autoGeneratedApp\linkedInInformationCollection\.venv\Lib\site-packages\selenium\webdriver\common\driver_finder.py", line 47, in get_browser_path
    return self._binary_paths()["browser_path"]
           ~~~~~~~~~~~~~~~~~~^^
  File "C:\autoGeneratedApp\linkedInInformationCollection\.venv\Lib\site-packages\selenium\webdriver\common\driver_finder.py", line 78, in _binary_paths
    raise NoSuchDriverException(msg) from err
selenium.common.exceptions.NoSuchDriverException: Message: Unable to obtain driver for chrome; For documentation on this error, please visit: https://www.selenium.dev/documentation/webdriver/troubleshooting/errors/driver_location

2026-03-27 18:24:43,530 [INFO] __main__ - ▶ 开始检查新动态 …
2026-03-27 18:24:43,551 [WARNING] scraper - 未检测到 Chrome 可执行文件，将使用默认方式启动浏览器
2026-03-27 18:25:25,282 [INFO] undetected_chromedriver.patcher - patching driver executable C:\Users\ANGUTANG\appdata\roaming\undetected_chromedriver\undetected_chromedriver.exe
2026-03-27 18:25:26,687 [WARNING] scraper - undetected_chromedriver 初始化失败，回退到 Selenium Chrome 驱动: Binary Location Must be a String
2026-03-27 18:25:26,872 [ERROR] __main__ - 抓取过程出现未预期错误: Message: Unable to obtain driver for chrome; For documentation on this error, please visit: https://www.selenium.dev/documentation/webdriver/troubleshooting/errors/driver_location
Traceback (most recent call last):
  File "C:\autoGeneratedApp\linkedInInformationCollection\scraper.py", line 174, in _init_driver
    options.add_argument("--window-size=1920,1080")
                       ^^^^^^^^^^^^^^^^^^^^^^^^^^
  File "C:\autoGeneratedApp\linkedInInformationCollection\.venv\Lib\site-packages\undetected_chromedriver\__init__.py", line 372, in __init__
    options.binary_location = (
    ^^^^^^^^^^^^^^^^^^^^^^^
  File "C:\autoGeneratedApp\linkedInInformationCollection\.venv\Lib\site-packages\selenium\webdriver\chromium\options.py", line 52, in binary_location
    raise TypeError(self.BINARY_LOCATION_ERROR)
TypeError: Binary Location Must be a String

During handling of the above exception, another exception occurred:

Traceback (most recent call last):
  File "C:\autoGeneratedApp\linkedInInformationCollection\.venv\Lib\site-packages\selenium\webdriver\common\driver_finder.py", line 75, in _binary_paths
    raise ValueError(f"The browser path is not a valid file: {output['browser_path']}")
ValueError: The browser path is not a valid file: 

The above exception was the direct cause of the following exception:

Traceback (most recent call last):
  File "C:\autoGeneratedApp\linkedInInformationCollection\main.py", line 42, in check_for_new_posts
    with LinkedInScraper(
         ~~~~~~~~~~~~~~~^
        email=config.LINKEDIN_EMAIL,
        ^^^^^^^^^^^^^^^^^^^^^^^^^^^^
        password=config.LINKEDIN_PASSWORD,
        ^^^^^^^^^^^^^^^^^^^^^^^^^^^^^^^^^^
        headless=config.HEADLESS,
        ^^^^^^^^^^^^^^^^^^^^^^^^^
    ) as scraper:
    ^
  File "C:\autoGeneratedApp\linkedInInformationCollection\scraper.py", line 76, in __enter__
    self._init_driver()
    ~~~~~~~~~~~~~~~~~^^
  File "C:\autoGeneratedApp\linkedInInformationCollection\scraper.py", line 185, in _init_driver
    @staticmethod
    
  File "C:\autoGeneratedApp\linkedInInformationCollection\.venv\Lib\site-packages\selenium\webdriver\chrome\webdriver.py", line 45, in __init__
    super().__init__(
    ~~~~~~~~~~~~~~~~^
        browser_name=DesiredCapabilities.CHROME["browserName"],
        ^^^^^^^^^^^^^^^^^^^^^^^^^^^^^^^^^^^^^^^^^^^^^^^^^^^^^^^
    ...<3 lines>...
        keep_alive=keep_alive,
        ^^^^^^^^^^^^^^^^^^^^^^
    )
    ^
  File "C:\autoGeneratedApp\linkedInInformationCollection\.venv\Lib\site-packages\selenium\webdriver\chromium\webdriver.py", line 50, in __init__
    if finder.get_browser_path():
       ~~~~~~~~~~~~~~~~~~~~~~~^^
  File "C:\autoGeneratedApp\linkedInInformationCollection\.venv\Lib\site-packages\selenium\webdriver\common\driver_finder.py", line 47, in get_browser_path
    return self._binary_paths()["browser_path"]
           ~~~~~~~~~~~~~~~~~~^^
  File "C:\autoGeneratedApp\linkedInInformationCollection\.venv\Lib\site-packages\selenium\webdriver\common\driver_finder.py", line 78, in _binary_paths
    raise NoSuchDriverException(msg) from err
selenium.common.exceptions.NoSuchDriverException: Message: Unable to obtain driver for chrome; For documentation on this error, please visit: https://www.selenium.dev/documentation/webdriver/troubleshooting/errors/driver_location

2026-03-27 18:30:56,872 [INFO] __main__ - ▶ 开始检查新动态 …
2026-03-27 18:30:56,895 [WARNING] scraper - 未检测到 Chrome 可执行文件，将使用默认方式启动浏览器
2026-03-27 18:31:35,016 [INFO] undetected_chromedriver.patcher - patching driver executable C:\Users\ANGUTANG\appdata\roaming\undetected_chromedriver\undetected_chromedriver.exe
2026-03-27 18:31:36,263 [WARNING] scraper - undetected_chromedriver 初始化失败，回退到 Selenium Chrome 驱动: Binary Location Must be a String
2026-03-27 18:31:36,445 [ERROR] __main__ - 抓取过程出现未预期错误: Message: Unable to obtain driver for chrome; For documentation on this error, please visit: https://www.selenium.dev/documentation/webdriver/troubleshooting/errors/driver_location
Traceback (most recent call last):
  File "C:\autoGeneratedApp\linkedInInformationCollection\scraper.py", line 174, in _init_driver
    options.add_argument("--window-size=1920,1080")
                       ^^^^^^^^^^^^^^^^^^^^^^^^^^
  File "C:\autoGeneratedApp\linkedInInformationCollection\.venv\Lib\site-packages\undetected_chromedriver\__init__.py", line 372, in __init__
    options.binary_location = (
    ^^^^^^^^^^^^^^^^^^^^^^^
  File "C:\autoGeneratedApp\linkedInInformationCollection\.venv\Lib\site-packages\selenium\webdriver\chromium\options.py", line 52, in binary_location
    raise TypeError(self.BINARY_LOCATION_ERROR)
TypeError: Binary Location Must be a String

During handling of the above exception, another exception occurred:

Traceback (most recent call last):
  File "C:\autoGeneratedApp\linkedInInformationCollection\.venv\Lib\site-packages\selenium\webdriver\common\driver_finder.py", line 75, in _binary_paths
    raise ValueError(f"The browser path is not a valid file: {output['browser_path']}")
ValueError: The browser path is not a valid file: 

The above exception was the direct cause of the following exception:

Traceback (most recent call last):
  File "C:\autoGeneratedApp\linkedInInformationCollection\main.py", line 42, in check_for_new_posts
    with LinkedInScraper(
         ~~~~~~~~~~~~~~~^
        email=config.LINKEDIN_EMAIL,
        ^^^^^^^^^^^^^^^^^^^^^^^^^^^^
        password=config.LINKEDIN_PASSWORD,
        ^^^^^^^^^^^^^^^^^^^^^^^^^^^^^^^^^^
        headless=config.HEADLESS,
        ^^^^^^^^^^^^^^^^^^^^^^^^^
    ) as scraper:
    ^
  File "C:\autoGeneratedApp\linkedInInformationCollection\scraper.py", line 76, in __enter__
    self._init_driver()
    ~~~~~~~~~~~~~~~~~^^
  File "C:\autoGeneratedApp\linkedInInformationCollection\scraper.py", line 185, in _init_driver
    @staticmethod
    
  File "C:\autoGeneratedApp\linkedInInformationCollection\.venv\Lib\site-packages\selenium\webdriver\chrome\webdriver.py", line 45, in __init__
    super().__init__(
    ~~~~~~~~~~~~~~~~^
        browser_name=DesiredCapabilities.CHROME["browserName"],
        ^^^^^^^^^^^^^^^^^^^^^^^^^^^^^^^^^^^^^^^^^^^^^^^^^^^^^^^
    ...<3 lines>...
        keep_alive=keep_alive,
        ^^^^^^^^^^^^^^^^^^^^^^
    )
    ^
  File "C:\autoGeneratedApp\linkedInInformationCollection\.venv\Lib\site-packages\selenium\webdriver\chromium\webdriver.py", line 50, in __init__
    if finder.get_browser_path():
       ~~~~~~~~~~~~~~~~~~~~~~~^^
  File "C:\autoGeneratedApp\linkedInInformationCollection\.venv\Lib\site-packages\selenium\webdriver\common\driver_finder.py", line 47, in get_browser_path
    return self._binary_paths()["browser_path"]
           ~~~~~~~~~~~~~~~~~~^^
  File "C:\autoGeneratedApp\linkedInInformationCollection\.venv\Lib\site-packages\selenium\webdriver\common\driver_finder.py", line 78, in _binary_paths
    raise NoSuchDriverException(msg) from err
selenium.common.exceptions.NoSuchDriverException: Message: Unable to obtain driver for chrome; For documentation on this error, please visit: https://www.selenium.dev/documentation/webdriver/troubleshooting/errors/driver_location

2026-03-27 18:37:06,445 [INFO] __main__ - ▶ 开始检查新动态 …
2026-03-27 18:37:06,464 [WARNING] scraper - 未检测到 Chrome 可执行文件，将使用默认方式启动浏览器
2026-03-27 18:37:42,146 [INFO] undetected_chromedriver.patcher - patching driver executable C:\Users\ANGUTANG\appdata\roaming\undetected_chromedriver\undetected_chromedriver.exe
2026-03-27 18:37:43,752 [WARNING] scraper - undetected_chromedriver 初始化失败，回退到 Selenium Chrome 驱动: Binary Location Must be a String
2026-03-27 18:37:45,560 [ERROR] __main__ - 抓取过程出现未预期错误: Message: Unable to obtain driver for chrome; For documentation on this error, please visit: https://www.selenium.dev/documentation/webdriver/troubleshooting/errors/driver_location
Traceback (most recent call last):
  File "C:\autoGeneratedApp\linkedInInformationCollection\scraper.py", line 174, in _init_driver
    options.add_argument("--window-size=1920,1080")
                       ^^^^^^^^^^^^^^^^^^^^^^^^^^
  File "C:\autoGeneratedApp\linkedInInformationCollection\.venv\Lib\site-packages\undetected_chromedriver\__init__.py", line 372, in __init__
    options.binary_location = (
    ^^^^^^^^^^^^^^^^^^^^^^^
  File "C:\autoGeneratedApp\linkedInInformationCollection\.venv\Lib\site-packages\selenium\webdriver\chromium\options.py", line 52, in binary_location
    raise TypeError(self.BINARY_LOCATION_ERROR)
TypeError: Binary Location Must be a String

During handling of the above exception, another exception occurred:

Traceback (most recent call last):
  File "C:\autoGeneratedApp\linkedInInformationCollection\.venv\Lib\site-packages\selenium\webdriver\common\driver_finder.py", line 75, in _binary_paths
    raise ValueError(f"The browser path is not a valid file: {output['browser_path']}")
ValueError: The browser path is not a valid file: 

The above exception was the direct cause of the following exception:

Traceback (most recent call last):
  File "C:\autoGeneratedApp\linkedInInformationCollection\main.py", line 42, in check_for_new_posts
    with LinkedInScraper(
         ~~~~~~~~~~~~~~~^
        email=config.LINKEDIN_EMAIL,
        ^^^^^^^^^^^^^^^^^^^^^^^^^^^^
        password=config.LINKEDIN_PASSWORD,
        ^^^^^^^^^^^^^^^^^^^^^^^^^^^^^^^^^^
        headless=config.HEADLESS,
        ^^^^^^^^^^^^^^^^^^^^^^^^^
    ) as scraper:
    ^
  File "C:\autoGeneratedApp\linkedInInformationCollection\scraper.py", line 76, in __enter__
    self._init_driver()
    ~~~~~~~~~~~~~~~~~^^
  File "C:\autoGeneratedApp\linkedInInformationCollection\scraper.py", line 185, in _init_driver
    @staticmethod
    
  File "C:\autoGeneratedApp\linkedInInformationCollection\.venv\Lib\site-packages\selenium\webdriver\chrome\webdriver.py", line 45, in __init__
    super().__init__(
    ~~~~~~~~~~~~~~~~^
        browser_name=DesiredCapabilities.CHROME["browserName"],
        ^^^^^^^^^^^^^^^^^^^^^^^^^^^^^^^^^^^^^^^^^^^^^^^^^^^^^^^
    ...<3 lines>...
        keep_alive=keep_alive,
        ^^^^^^^^^^^^^^^^^^^^^^
    )
    ^
  File "C:\autoGeneratedApp\linkedInInformationCollection\.venv\Lib\site-packages\selenium\webdriver\chromium\webdriver.py", line 50, in __init__
    if finder.get_browser_path():
       ~~~~~~~~~~~~~~~~~~~~~~~^^
  File "C:\autoGeneratedApp\linkedInInformationCollection\.venv\Lib\site-packages\selenium\webdriver\common\driver_finder.py", line 47, in get_browser_path
    return self._binary_paths()["browser_path"]
           ~~~~~~~~~~~~~~~~~~^^
  File "C:\autoGeneratedApp\linkedInInformationCollection\.venv\Lib\site-packages\selenium\webdriver\common\driver_finder.py", line 78, in _binary_paths
    raise NoSuchDriverException(msg) from err
selenium.common.exceptions.NoSuchDriverException: Message: Unable to obtain driver for chrome; For documentation on this error, please visit: https://www.selenium.dev/documentation/webdriver/troubleshooting/errors/driver_location

2026-03-27 18:43:15,562 [INFO] __main__ - ▶ 开始检查新动态 …
2026-03-27 18:43:15,581 [WARNING] scraper - 未检测到 Chrome 可执行文件，将使用默认方式启动浏览器
2026-03-27 18:43:50,421 [INFO] undetected_chromedriver.patcher - patching driver executable C:\Users\ANGUTANG\appdata\roaming\undetected_chromedriver\undetected_chromedriver.exe
2026-03-27 18:43:52,082 [WARNING] scraper - undetected_chromedriver 初始化失败，回退到 Selenium Chrome 驱动: Binary Location Must be a String
2026-03-27 18:43:52,257 [ERROR] __main__ - 抓取过程出现未预期错误: Message: Unable to obtain driver for chrome; For documentation on this error, please visit: https://www.selenium.dev/documentation/webdriver/troubleshooting/errors/driver_location
Traceback (most recent call last):
  File "C:\autoGeneratedApp\linkedInInformationCollection\scraper.py", line 174, in _init_driver
    options.add_argument("--window-size=1920,1080")
                       ^^^^^^^^^^^^^^^^^^^^^^^^^^
  File "C:\autoGeneratedApp\linkedInInformationCollection\.venv\Lib\site-packages\undetected_chromedriver\__init__.py", line 372, in __init__
    options.binary_location = (
    ^^^^^^^^^^^^^^^^^^^^^^^
  File "C:\autoGeneratedApp\linkedInInformationCollection\.venv\Lib\site-packages\selenium\webdriver\chromium\options.py", line 52, in binary_location
    raise TypeError(self.BINARY_LOCATION_ERROR)
TypeError: Binary Location Must be a String

During handling of the above exception, another exception occurred:

Traceback (most recent call last):
  File "C:\autoGeneratedApp\linkedInInformationCollection\.venv\Lib\site-packages\selenium\webdriver\common\driver_finder.py", line 75, in _binary_paths
    raise ValueError(f"The browser path is not a valid file: {output['browser_path']}")
ValueError: The browser path is not a valid file: 

The above exception was the direct cause of the following exception:

Traceback (most recent call last):
  File "C:\autoGeneratedApp\linkedInInformationCollection\main.py", line 42, in check_for_new_posts
    with LinkedInScraper(
         ~~~~~~~~~~~~~~~^
        email=config.LINKEDIN_EMAIL,
        ^^^^^^^^^^^^^^^^^^^^^^^^^^^^
        password=config.LINKEDIN_PASSWORD,
        ^^^^^^^^^^^^^^^^^^^^^^^^^^^^^^^^^^
        headless=config.HEADLESS,
        ^^^^^^^^^^^^^^^^^^^^^^^^^
    ) as scraper:
    ^
  File "C:\autoGeneratedApp\linkedInInformationCollection\scraper.py", line 76, in __enter__
    self._init_driver()
    ~~~~~~~~~~~~~~~~~^^
  File "C:\autoGeneratedApp\linkedInInformationCollection\scraper.py", line 185, in _init_driver
    @staticmethod
    
  File "C:\autoGeneratedApp\linkedInInformationCollection\.venv\Lib\site-packages\selenium\webdriver\chrome\webdriver.py", line 45, in __init__
    super().__init__(
    ~~~~~~~~~~~~~~~~^
        browser_name=DesiredCapabilities.CHROME["browserName"],
        ^^^^^^^^^^^^^^^^^^^^^^^^^^^^^^^^^^^^^^^^^^^^^^^^^^^^^^^
    ...<3 lines>...
        keep_alive=keep_alive,
        ^^^^^^^^^^^^^^^^^^^^^^
    )
    ^
  File "C:\autoGeneratedApp\linkedInInformationCollection\.venv\Lib\site-packages\selenium\webdriver\chromium\webdriver.py", line 50, in __init__
    if finder.get_browser_path():
       ~~~~~~~~~~~~~~~~~~~~~~~^^
  File "C:\autoGeneratedApp\linkedInInformationCollection\.venv\Lib\site-packages\selenium\webdriver\common\driver_finder.py", line 47, in get_browser_path
    return self._binary_paths()["browser_path"]
           ~~~~~~~~~~~~~~~~~~^^
  File "C:\autoGeneratedApp\linkedInInformationCollection\.venv\Lib\site-packages\selenium\webdriver\common\driver_finder.py", line 78, in _binary_paths
    raise NoSuchDriverException(msg) from err
selenium.common.exceptions.NoSuchDriverException: Message: Unable to obtain driver for chrome; For documentation on this error, please visit: https://www.selenium.dev/documentation/webdriver/troubleshooting/errors/driver_location

2026-03-27 18:49:22,258 [INFO] __main__ - ▶ 开始检查新动态 …
2026-03-27 18:49:22,278 [WARNING] scraper - 未检测到 Chrome 可执行文件，将使用默认方式启动浏览器
2026-03-27 18:49:57,942 [INFO] undetected_chromedriver.patcher - patching driver executable C:\Users\ANGUTANG\appdata\roaming\undetected_chromedriver\undetected_chromedriver.exe
2026-03-27 18:49:59,268 [WARNING] scraper - undetected_chromedriver 初始化失败，回退到 Selenium Chrome 驱动: Binary Location Must be a String
2026-03-27 18:49:59,503 [ERROR] __main__ - 抓取过程出现未预期错误: Message: Unable to obtain driver for chrome; For documentation on this error, please visit: https://www.selenium.dev/documentation/webdriver/troubleshooting/errors/driver_location
Traceback (most recent call last):
  File "C:\autoGeneratedApp\linkedInInformationCollection\scraper.py", line 174, in _init_driver
    options.add_argument("--window-size=1920,1080")
                       ^^^^^^^^^^^^^^^^^^^^^^^^^^
  File "C:\autoGeneratedApp\linkedInInformationCollection\.venv\Lib\site-packages\undetected_chromedriver\__init__.py", line 372, in __init__
    options.binary_location = (
    ^^^^^^^^^^^^^^^^^^^^^^^
  File "C:\autoGeneratedApp\linkedInInformationCollection\.venv\Lib\site-packages\selenium\webdriver\chromium\options.py", line 52, in binary_location
    raise TypeError(self.BINARY_LOCATION_ERROR)
TypeError: Binary Location Must be a String

During handling of the above exception, another exception occurred:

Traceback (most recent call last):
  File "C:\autoGeneratedApp\linkedInInformationCollection\.venv\Lib\site-packages\selenium\webdriver\common\driver_finder.py", line 75, in _binary_paths
    raise ValueError(f"The browser path is not a valid file: {output['browser_path']}")
ValueError: The browser path is not a valid file: 

The above exception was the direct cause of the following exception:

Traceback (most recent call last):
  File "C:\autoGeneratedApp\linkedInInformationCollection\main.py", line 42, in check_for_new_posts
    with LinkedInScraper(
         ~~~~~~~~~~~~~~~^
        email=config.LINKEDIN_EMAIL,
        ^^^^^^^^^^^^^^^^^^^^^^^^^^^^
        password=config.LINKEDIN_PASSWORD,
        ^^^^^^^^^^^^^^^^^^^^^^^^^^^^^^^^^^
        headless=config.HEADLESS,
        ^^^^^^^^^^^^^^^^^^^^^^^^^
    ) as scraper:
    ^
  File "C:\autoGeneratedApp\linkedInInformationCollection\scraper.py", line 76, in __enter__
    self._init_driver()
    ~~~~~~~~~~~~~~~~~^^
  File "C:\autoGeneratedApp\linkedInInformationCollection\scraper.py", line 185, in _init_driver
    @staticmethod
    
  File "C:\autoGeneratedApp\linkedInInformationCollection\.venv\Lib\site-packages\selenium\webdriver\chrome\webdriver.py", line 45, in __init__
    super().__init__(
    ~~~~~~~~~~~~~~~~^
        browser_name=DesiredCapabilities.CHROME["browserName"],
        ^^^^^^^^^^^^^^^^^^^^^^^^^^^^^^^^^^^^^^^^^^^^^^^^^^^^^^^
    ...<3 lines>...
        keep_alive=keep_alive,
        ^^^^^^^^^^^^^^^^^^^^^^
    )
    ^
  File "C:\autoGeneratedApp\linkedInInformationCollection\.venv\Lib\site-packages\selenium\webdriver\chromium\webdriver.py", line 50, in __init__
    if finder.get_browser_path():
       ~~~~~~~~~~~~~~~~~~~~~~~^^
  File "C:\autoGeneratedApp\linkedInInformationCollection\.venv\Lib\site-packages\selenium\webdriver\common\driver_finder.py", line 47, in get_browser_path
    return self._binary_paths()["browser_path"]
           ~~~~~~~~~~~~~~~~~~^^
  File "C:\autoGeneratedApp\linkedInInformationCollection\.venv\Lib\site-packages\selenium\webdriver\common\driver_finder.py", line 78, in _binary_paths
    raise NoSuchDriverException(msg) from err
selenium.common.exceptions.NoSuchDriverException: Message: Unable to obtain driver for chrome; For documentation on this error, please visit: https://www.selenium.dev/documentation/webdriver/troubleshooting/errors/driver_location

2026-03-27 18:55:29,506 [INFO] __main__ - ▶ 开始检查新动态 …
2026-03-27 18:55:29,529 [WARNING] scraper - 未检测到 Chrome 可执行文件，将使用默认方式启动浏览器
2026-03-27 18:56:01,792 [INFO] undetected_chromedriver.patcher - patching driver executable C:\Users\ANGUTANG\appdata\roaming\undetected_chromedriver\undetected_chromedriver.exe
2026-03-27 18:56:03,274 [WARNING] scraper - undetected_chromedriver 初始化失败，回退到 Selenium Chrome 驱动: Binary Location Must be a String
2026-03-27 18:56:03,489 [ERROR] __main__ - 抓取过程出现未预期错误: Message: Unable to obtain driver for chrome; For documentation on this error, please visit: https://www.selenium.dev/documentation/webdriver/troubleshooting/errors/driver_location
Traceback (most recent call last):
  File "C:\autoGeneratedApp\linkedInInformationCollection\scraper.py", line 174, in _init_driver
    options.add_argument("--window-size=1920,1080")
                       ^^^^^^^^^^^^^^^^^^^^^^^^^^
  File "C:\autoGeneratedApp\linkedInInformationCollection\.venv\Lib\site-packages\undetected_chromedriver\__init__.py", line 372, in __init__
    options.binary_location = (
    ^^^^^^^^^^^^^^^^^^^^^^^
  File "C:\autoGeneratedApp\linkedInInformationCollection\.venv\Lib\site-packages\selenium\webdriver\chromium\options.py", line 52, in binary_location
    raise TypeError(self.BINARY_LOCATION_ERROR)
TypeError: Binary Location Must be a String

During handling of the above exception, another exception occurred:

Traceback (most recent call last):
  File "C:\autoGeneratedApp\linkedInInformationCollection\.venv\Lib\site-packages\selenium\webdriver\common\driver_finder.py", line 75, in _binary_paths
    raise ValueError(f"The browser path is not a valid file: {output['browser_path']}")
ValueError: The browser path is not a valid file: 

The above exception was the direct cause of the following exception:

Traceback (most recent call last):
  File "C:\autoGeneratedApp\linkedInInformationCollection\main.py", line 42, in check_for_new_posts
    with LinkedInScraper(
         ~~~~~~~~~~~~~~~^
        email=config.LINKEDIN_EMAIL,
        ^^^^^^^^^^^^^^^^^^^^^^^^^^^^
        password=config.LINKEDIN_PASSWORD,
        ^^^^^^^^^^^^^^^^^^^^^^^^^^^^^^^^^^
        headless=config.HEADLESS,
        ^^^^^^^^^^^^^^^^^^^^^^^^^
    ) as scraper:
    ^
  File "C:\autoGeneratedApp\linkedInInformationCollection\scraper.py", line 76, in __enter__
    self._init_driver()
    ~~~~~~~~~~~~~~~~~^^
  File "C:\autoGeneratedApp\linkedInInformationCollection\scraper.py", line 185, in _init_driver
    @staticmethod
    
  File "C:\autoGeneratedApp\linkedInInformationCollection\.venv\Lib\site-packages\selenium\webdriver\chrome\webdriver.py", line 45, in __init__
    super().__init__(
    ~~~~~~~~~~~~~~~~^
        browser_name=DesiredCapabilities.CHROME["browserName"],
        ^^^^^^^^^^^^^^^^^^^^^^^^^^^^^^^^^^^^^^^^^^^^^^^^^^^^^^^
    ...<3 lines>...
        keep_alive=keep_alive,
        ^^^^^^^^^^^^^^^^^^^^^^
    )
    ^
  File "C:\autoGeneratedApp\linkedInInformationCollection\.venv\Lib\site-packages\selenium\webdriver\chromium\webdriver.py", line 50, in __init__
    if finder.get_browser_path():
       ~~~~~~~~~~~~~~~~~~~~~~~^^
  File "C:\autoGeneratedApp\linkedInInformationCollection\.venv\Lib\site-packages\selenium\webdriver\common\driver_finder.py", line 47, in get_browser_path
    return self._binary_paths()["browser_path"]
           ~~~~~~~~~~~~~~~~~~^^
  File "C:\autoGeneratedApp\linkedInInformationCollection\.venv\Lib\site-packages\selenium\webdriver\common\driver_finder.py", line 78, in _binary_paths
    raise NoSuchDriverException(msg) from err
selenium.common.exceptions.NoSuchDriverException: Message: Unable to obtain driver for chrome; For documentation on this error, please visit: https://www.selenium.dev/documentation/webdriver/troubleshooting/errors/driver_location

2026-03-27 19:01:33,492 [INFO] __main__ - ▶ 开始检查新动态 …
2026-03-27 19:01:33,511 [WARNING] scraper - 未检测到 Chrome 可执行文件，将使用默认方式启动浏览器
2026-03-27 19:02:17,601 [INFO] undetected_chromedriver.patcher - patching driver executable C:\Users\ANGUTANG\appdata\roaming\undetected_chromedriver\undetected_chromedriver.exe
2026-03-27 19:02:18,860 [WARNING] scraper - undetected_chromedriver 初始化失败，回退到 Selenium Chrome 驱动: Binary Location Must be a String
2026-03-27 19:02:19,056 [ERROR] __main__ - 抓取过程出现未预期错误: Message: Unable to obtain driver for chrome; For documentation on this error, please visit: https://www.selenium.dev/documentation/webdriver/troubleshooting/errors/driver_location
Traceback (most recent call last):
  File "C:\autoGeneratedApp\linkedInInformationCollection\scraper.py", line 174, in _init_driver
    options.add_argument("--window-size=1920,1080")
                       ^^^^^^^^^^^^^^^^^^^^^^^^^^
  File "C:\autoGeneratedApp\linkedInInformationCollection\.venv\Lib\site-packages\undetected_chromedriver\__init__.py", line 372, in __init__
    options.binary_location = (
    ^^^^^^^^^^^^^^^^^^^^^^^
  File "C:\autoGeneratedApp\linkedInInformationCollection\.venv\Lib\site-packages\selenium\webdriver\chromium\options.py", line 52, in binary_location
    raise TypeError(self.BINARY_LOCATION_ERROR)
TypeError: Binary Location Must be a String

During handling of the above exception, another exception occurred:

Traceback (most recent call last):
  File "C:\autoGeneratedApp\linkedInInformationCollection\.venv\Lib\site-packages\selenium\webdriver\common\driver_finder.py", line 75, in _binary_paths
    raise ValueError(f"The browser path is not a valid file: {output['browser_path']}")
ValueError: The browser path is not a valid file: 

The above exception was the direct cause of the following exception:

Traceback (most recent call last):
  File "C:\autoGeneratedApp\linkedInInformationCollection\main.py", line 42, in check_for_new_posts
    with LinkedInScraper(
         ~~~~~~~~~~~~~~~^
        email=config.LINKEDIN_EMAIL,
        ^^^^^^^^^^^^^^^^^^^^^^^^^^^^
        password=config.LINKEDIN_PASSWORD,
        ^^^^^^^^^^^^^^^^^^^^^^^^^^^^^^^^^^
        headless=config.HEADLESS,
        ^^^^^^^^^^^^^^^^^^^^^^^^^
    ) as scraper:
    ^
  File "C:\autoGeneratedApp\linkedInInformationCollection\scraper.py", line 76, in __enter__
    self._init_driver()
    ~~~~~~~~~~~~~~~~~^^
  File "C:\autoGeneratedApp\linkedInInformationCollection\scraper.py", line 185, in _init_driver
    @staticmethod
    
  File "C:\autoGeneratedApp\linkedInInformationCollection\.venv\Lib\site-packages\selenium\webdriver\chrome\webdriver.py", line 45, in __init__
    super().__init__(
    ~~~~~~~~~~~~~~~~^
        browser_name=DesiredCapabilities.CHROME["browserName"],
        ^^^^^^^^^^^^^^^^^^^^^^^^^^^^^^^^^^^^^^^^^^^^^^^^^^^^^^^
    ...<3 lines>...
        keep_alive=keep_alive,
        ^^^^^^^^^^^^^^^^^^^^^^
    )
    ^
  File "C:\autoGeneratedApp\linkedInInformationCollection\.venv\Lib\site-packages\selenium\webdriver\chromium\webdriver.py", line 50, in __init__
    if finder.get_browser_path():
       ~~~~~~~~~~~~~~~~~~~~~~~^^
  File "C:\autoGeneratedApp\linkedInInformationCollection\.venv\Lib\site-packages\selenium\webdriver\common\driver_finder.py", line 47, in get_browser_path
    return self._binary_paths()["browser_path"]
           ~~~~~~~~~~~~~~~~~~^^
  File "C:\autoGeneratedApp\linkedInInformationCollection\.venv\Lib\site-packages\selenium\webdriver\common\driver_finder.py", line 78, in _binary_paths
    raise NoSuchDriverException(msg) from err
selenium.common.exceptions.NoSuchDriverException: Message: Unable to obtain driver for chrome; For documentation on this error, please visit: https://www.selenium.dev/documentation/webdriver/troubleshooting/errors/driver_location

2026-03-27 19:07:19,060 [INFO] __main__ - ▶ 开始检查新动态 …
2026-03-27 19:07:19,077 [WARNING] scraper - 未检测到 Chrome 可执行文件，将使用默认方式启动浏览器
2026-03-27 19:07:55,374 [INFO] undetected_chromedriver.patcher - patching driver executable C:\Users\ANGUTANG\appdata\roaming\undetected_chromedriver\undetected_chromedriver.exe
2026-03-27 19:07:56,684 [WARNING] scraper - undetected_chromedriver 初始化失败，回退到 Selenium Chrome 驱动: Binary Location Must be a String
2026-03-27 19:07:56,859 [ERROR] __main__ - 抓取过程出现未预期错误: Message: Unable to obtain driver for chrome; For documentation on this error, please visit: https://www.selenium.dev/documentation/webdriver/troubleshooting/errors/driver_location
Traceback (most recent call last):
  File "C:\autoGeneratedApp\linkedInInformationCollection\scraper.py", line 174, in _init_driver
    options.add_argument("--window-size=1920,1080")
                       ^^^^^^^^^^^^^^^^^^^^^^^^^^
  File "C:\autoGeneratedApp\linkedInInformationCollection\.venv\Lib\site-packages\undetected_chromedriver\__init__.py", line 372, in __init__
    options.binary_location = (
    ^^^^^^^^^^^^^^^^^^^^^^^
  File "C:\autoGeneratedApp\linkedInInformationCollection\.venv\Lib\site-packages\selenium\webdriver\chromium\options.py", line 52, in binary_location
    raise TypeError(self.BINARY_LOCATION_ERROR)
TypeError: Binary Location Must be a String

During handling of the above exception, another exception occurred:

Traceback (most recent call last):
  File "C:\autoGeneratedApp\linkedInInformationCollection\.venv\Lib\site-packages\selenium\webdriver\common\driver_finder.py", line 75, in _binary_paths
    raise ValueError(f"The browser path is not a valid file: {output['browser_path']}")
ValueError: The browser path is not a valid file: 

The above exception was the direct cause of the following exception:

Traceback (most recent call last):
  File "C:\autoGeneratedApp\linkedInInformationCollection\main.py", line 42, in check_for_new_posts
    with LinkedInScraper(
         ~~~~~~~~~~~~~~~^
        email=config.LINKEDIN_EMAIL,
        ^^^^^^^^^^^^^^^^^^^^^^^^^^^^
        password=config.LINKEDIN_PASSWORD,
        ^^^^^^^^^^^^^^^^^^^^^^^^^^^^^^^^^^
        headless=config.HEADLESS,
        ^^^^^^^^^^^^^^^^^^^^^^^^^
    ) as scraper:
    ^
  File "C:\autoGeneratedApp\linkedInInformationCollection\scraper.py", line 76, in __enter__
    self._init_driver()
    ~~~~~~~~~~~~~~~~~^^
  File "C:\autoGeneratedApp\linkedInInformationCollection\scraper.py", line 185, in _init_driver
    @staticmethod
    
  File "C:\autoGeneratedApp\linkedInInformationCollection\.venv\Lib\site-packages\selenium\webdriver\chrome\webdriver.py", line 45, in __init__
    super().__init__(
    ~~~~~~~~~~~~~~~~^
        browser_name=DesiredCapabilities.CHROME["browserName"],
        ^^^^^^^^^^^^^^^^^^^^^^^^^^^^^^^^^^^^^^^^^^^^^^^^^^^^^^^
    ...<3 lines>...
        keep_alive=keep_alive,
        ^^^^^^^^^^^^^^^^^^^^^^
    )
    ^
  File "C:\autoGeneratedApp\linkedInInformationCollection\.venv\Lib\site-packages\selenium\webdriver\chromium\webdriver.py", line 50, in __init__
    if finder.get_browser_path():
       ~~~~~~~~~~~~~~~~~~~~~~~^^
  File "C:\autoGeneratedApp\linkedInInformationCollection\.venv\Lib\site-packages\selenium\webdriver\common\driver_finder.py", line 47, in get_browser_path
    return self._binary_paths()["browser_path"]
           ~~~~~~~~~~~~~~~~~~^^
  File "C:\autoGeneratedApp\linkedInInformationCollection\.venv\Lib\site-packages\selenium\webdriver\common\driver_finder.py", line 78, in _binary_paths
    raise NoSuchDriverException(msg) from err
selenium.common.exceptions.NoSuchDriverException: Message: Unable to obtain driver for chrome; For documentation on this error, please visit: https://www.selenium.dev/documentation/webdriver/troubleshooting/errors/driver_location

2026-03-27 19:12:56,864 [INFO] __main__ - ▶ 开始检查新动态 …
2026-03-27 19:12:56,886 [WARNING] scraper - 未检测到 Chrome 可执行文件，将使用默认方式启动浏览器
2026-03-27 19:13:30,705 [INFO] undetected_chromedriver.patcher - patching driver executable C:\Users\ANGUTANG\appdata\roaming\undetected_chromedriver\undetected_chromedriver.exe
2026-03-27 19:13:32,031 [WARNING] scraper - undetected_chromedriver 初始化失败，回退到 Selenium Chrome 驱动: Binary Location Must be a String
2026-03-27 19:13:32,207 [ERROR] __main__ - 抓取过程出现未预期错误: Message: Unable to obtain driver for chrome; For documentation on this error, please visit: https://www.selenium.dev/documentation/webdriver/troubleshooting/errors/driver_location
Traceback (most recent call last):
  File "C:\autoGeneratedApp\linkedInInformationCollection\scraper.py", line 174, in _init_driver
    options.add_argument("--window-size=1920,1080")
                       ^^^^^^^^^^^^^^^^^^^^^^^^^^
  File "C:\autoGeneratedApp\linkedInInformationCollection\.venv\Lib\site-packages\undetected_chromedriver\__init__.py", line 372, in __init__
    options.binary_location = (
    ^^^^^^^^^^^^^^^^^^^^^^^
  File "C:\autoGeneratedApp\linkedInInformationCollection\.venv\Lib\site-packages\selenium\webdriver\chromium\options.py", line 52, in binary_location
    raise TypeError(self.BINARY_LOCATION_ERROR)
TypeError: Binary Location Must be a String

During handling of the above exception, another exception occurred:

Traceback (most recent call last):
  File "C:\autoGeneratedApp\linkedInInformationCollection\.venv\Lib\site-packages\selenium\webdriver\common\driver_finder.py", line 75, in _binary_paths
    raise ValueError(f"The browser path is not a valid file: {output['browser_path']}")
ValueError: The browser path is not a valid file: 

The above exception was the direct cause of the following exception:

Traceback (most recent call last):
  File "C:\autoGeneratedApp\linkedInInformationCollection\main.py", line 42, in check_for_new_posts
    with LinkedInScraper(
         ~~~~~~~~~~~~~~~^
        email=config.LINKEDIN_EMAIL,
        ^^^^^^^^^^^^^^^^^^^^^^^^^^^^
        password=config.LINKEDIN_PASSWORD,
        ^^^^^^^^^^^^^^^^^^^^^^^^^^^^^^^^^^
        headless=config.HEADLESS,
        ^^^^^^^^^^^^^^^^^^^^^^^^^
    ) as scraper:
    ^
  File "C:\autoGeneratedApp\linkedInInformationCollection\scraper.py", line 76, in __enter__
    self._init_driver()
    ~~~~~~~~~~~~~~~~~^^
  File "C:\autoGeneratedApp\linkedInInformationCollection\scraper.py", line 185, in _init_driver
    @staticmethod
    
  File "C:\autoGeneratedApp\linkedInInformationCollection\.venv\Lib\site-packages\selenium\webdriver\chrome\webdriver.py", line 45, in __init__
    super().__init__(
    ~~~~~~~~~~~~~~~~^
        browser_name=DesiredCapabilities.CHROME["browserName"],
        ^^^^^^^^^^^^^^^^^^^^^^^^^^^^^^^^^^^^^^^^^^^^^^^^^^^^^^^
    ...<3 lines>...
        keep_alive=keep_alive,
        ^^^^^^^^^^^^^^^^^^^^^^
    )
    ^
  File "C:\autoGeneratedApp\linkedInInformationCollection\.venv\Lib\site-packages\selenium\webdriver\chromium\webdriver.py", line 50, in __init__
    if finder.get_browser_path():
       ~~~~~~~~~~~~~~~~~~~~~~~^^
  File "C:\autoGeneratedApp\linkedInInformationCollection\.venv\Lib\site-packages\selenium\webdriver\common\driver_finder.py", line 47, in get_browser_path
    return self._binary_paths()["browser_path"]
           ~~~~~~~~~~~~~~~~~~^^
  File "C:\autoGeneratedApp\linkedInInformationCollection\.venv\Lib\site-packages\selenium\webdriver\common\driver_finder.py", line 78, in _binary_paths
    raise NoSuchDriverException(msg) from err
selenium.common.exceptions.NoSuchDriverException: Message: Unable to obtain driver for chrome; For documentation on this error, please visit: https://www.selenium.dev/documentation/webdriver/troubleshooting/errors/driver_location

2026-03-27 19:18:32,211 [INFO] __main__ - ▶ 开始检查新动态 …
2026-03-27 19:18:32,230 [WARNING] scraper - 未检测到 Chrome 可执行文件，将使用默认方式启动浏览器
2026-03-27 19:19:07,364 [INFO] undetected_chromedriver.patcher - patching driver executable C:\Users\ANGUTANG\appdata\roaming\undetected_chromedriver\undetected_chromedriver.exe
2026-03-27 19:19:08,645 [WARNING] scraper - undetected_chromedriver 初始化失败，回退到 Selenium Chrome 驱动: Binary Location Must be a String
2026-03-27 19:19:08,819 [ERROR] __main__ - 抓取过程出现未预期错误: Message: Unable to obtain driver for chrome; For documentation on this error, please visit: https://www.selenium.dev/documentation/webdriver/troubleshooting/errors/driver_location
Traceback (most recent call last):
  File "C:\autoGeneratedApp\linkedInInformationCollection\scraper.py", line 174, in _init_driver
    options.add_argument("--window-size=1920,1080")
                       ^^^^^^^^^^^^^^^^^^^^^^^^^^
  File "C:\autoGeneratedApp\linkedInInformationCollection\.venv\Lib\site-packages\undetected_chromedriver\__init__.py", line 372, in __init__
    options.binary_location = (
    ^^^^^^^^^^^^^^^^^^^^^^^
  File "C:\autoGeneratedApp\linkedInInformationCollection\.venv\Lib\site-packages\selenium\webdriver\chromium\options.py", line 52, in binary_location
    raise TypeError(self.BINARY_LOCATION_ERROR)
TypeError: Binary Location Must be a String

During handling of the above exception, another exception occurred:

Traceback (most recent call last):
  File "C:\autoGeneratedApp\linkedInInformationCollection\.venv\Lib\site-packages\selenium\webdriver\common\driver_finder.py", line 75, in _binary_paths
    raise ValueError(f"The browser path is not a valid file: {output['browser_path']}")
ValueError: The browser path is not a valid file: 

The above exception was the direct cause of the following exception:

Traceback (most recent call last):
  File "C:\autoGeneratedApp\linkedInInformationCollection\main.py", line 42, in check_for_new_posts
    with LinkedInScraper(
         ~~~~~~~~~~~~~~~^
        email=config.LINKEDIN_EMAIL,
        ^^^^^^^^^^^^^^^^^^^^^^^^^^^^
        password=config.LINKEDIN_PASSWORD,
        ^^^^^^^^^^^^^^^^^^^^^^^^^^^^^^^^^^
        headless=config.HEADLESS,
        ^^^^^^^^^^^^^^^^^^^^^^^^^
    ) as scraper:
    ^
  File "C:\autoGeneratedApp\linkedInInformationCollection\scraper.py", line 76, in __enter__
    self._init_driver()
    ~~~~~~~~~~~~~~~~~^^
  File "C:\autoGeneratedApp\linkedInInformationCollection\scraper.py", line 185, in _init_driver
    @staticmethod
    
  File "C:\autoGeneratedApp\linkedInInformationCollection\.venv\Lib\site-packages\selenium\webdriver\chrome\webdriver.py", line 45, in __init__
    super().__init__(
    ~~~~~~~~~~~~~~~~^
        browser_name=DesiredCapabilities.CHROME["browserName"],
        ^^^^^^^^^^^^^^^^^^^^^^^^^^^^^^^^^^^^^^^^^^^^^^^^^^^^^^^
    ...<3 lines>...
        keep_alive=keep_alive,
        ^^^^^^^^^^^^^^^^^^^^^^
    )
    ^
  File "C:\autoGeneratedApp\linkedInInformationCollection\.venv\Lib\site-packages\selenium\webdriver\chromium\webdriver.py", line 50, in __init__
    if finder.get_browser_path():
       ~~~~~~~~~~~~~~~~~~~~~~~^^
  File "C:\autoGeneratedApp\linkedInInformationCollection\.venv\Lib\site-packages\selenium\webdriver\common\driver_finder.py", line 47, in get_browser_path
    return self._binary_paths()["browser_path"]
           ~~~~~~~~~~~~~~~~~~^^
  File "C:\autoGeneratedApp\linkedInInformationCollection\.venv\Lib\site-packages\selenium\webdriver\common\driver_finder.py", line 78, in _binary_paths
    raise NoSuchDriverException(msg) from err
selenium.common.exceptions.NoSuchDriverException: Message: Unable to obtain driver for chrome; For documentation on this error, please visit: https://www.selenium.dev/documentation/webdriver/troubleshooting/errors/driver_location

2026-03-27 19:24:38,822 [INFO] __main__ - ▶ 开始检查新动态 …
2026-03-27 19:24:38,840 [WARNING] scraper - 未检测到 Chrome 可执行文件，将使用默认方式启动浏览器
2026-03-27 19:25:12,450 [INFO] undetected_chromedriver.patcher - patching driver executable C:\Users\ANGUTANG\appdata\roaming\undetected_chromedriver\undetected_chromedriver.exe
2026-03-27 19:25:13,702 [WARNING] scraper - undetected_chromedriver 初始化失败，回退到 Selenium Chrome 驱动: Binary Location Must be a String
2026-03-27 19:25:13,906 [ERROR] __main__ - 抓取过程出现未预期错误: Message: Unable to obtain driver for chrome; For documentation on this error, please visit: https://www.selenium.dev/documentation/webdriver/troubleshooting/errors/driver_location
Traceback (most recent call last):
  File "C:\autoGeneratedApp\linkedInInformationCollection\scraper.py", line 174, in _init_driver
    options.add_argument("--window-size=1920,1080")
                       ^^^^^^^^^^^^^^^^^^^^^^^^^^
  File "C:\autoGeneratedApp\linkedInInformationCollection\.venv\Lib\site-packages\undetected_chromedriver\__init__.py", line 372, in __init__
    options.binary_location = (
    ^^^^^^^^^^^^^^^^^^^^^^^
  File "C:\autoGeneratedApp\linkedInInformationCollection\.venv\Lib\site-packages\selenium\webdriver\chromium\options.py", line 52, in binary_location
    raise TypeError(self.BINARY_LOCATION_ERROR)
TypeError: Binary Location Must be a String

During handling of the above exception, another exception occurred:

Traceback (most recent call last):
  File "C:\autoGeneratedApp\linkedInInformationCollection\.venv\Lib\site-packages\selenium\webdriver\common\driver_finder.py", line 75, in _binary_paths
    raise ValueError(f"The browser path is not a valid file: {output['browser_path']}")
ValueError: The browser path is not a valid file: 

The above exception was the direct cause of the following exception:

Traceback (most recent call last):
  File "C:\autoGeneratedApp\linkedInInformationCollection\main.py", line 42, in check_for_new_posts
    with LinkedInScraper(
         ~~~~~~~~~~~~~~~^
        email=config.LINKEDIN_EMAIL,
        ^^^^^^^^^^^^^^^^^^^^^^^^^^^^
        password=config.LINKEDIN_PASSWORD,
        ^^^^^^^^^^^^^^^^^^^^^^^^^^^^^^^^^^
        headless=config.HEADLESS,
        ^^^^^^^^^^^^^^^^^^^^^^^^^
    ) as scraper:
    ^
  File "C:\autoGeneratedApp\linkedInInformationCollection\scraper.py", line 76, in __enter__
    self._init_driver()
    ~~~~~~~~~~~~~~~~~^^
  File "C:\autoGeneratedApp\linkedInInformationCollection\scraper.py", line 185, in _init_driver
    @staticmethod
    
  File "C:\autoGeneratedApp\linkedInInformationCollection\.venv\Lib\site-packages\selenium\webdriver\chrome\webdriver.py", line 45, in __init__
    super().__init__(
    ~~~~~~~~~~~~~~~~^
        browser_name=DesiredCapabilities.CHROME["browserName"],
        ^^^^^^^^^^^^^^^^^^^^^^^^^^^^^^^^^^^^^^^^^^^^^^^^^^^^^^^
    ...<3 lines>...
        keep_alive=keep_alive,
        ^^^^^^^^^^^^^^^^^^^^^^
    )
    ^
  File "C:\autoGeneratedApp\linkedInInformationCollection\.venv\Lib\site-packages\selenium\webdriver\chromium\webdriver.py", line 50, in __init__
    if finder.get_browser_path():
       ~~~~~~~~~~~~~~~~~~~~~~~^^
  File "C:\autoGeneratedApp\linkedInInformationCollection\.venv\Lib\site-packages\selenium\webdriver\common\driver_finder.py", line 47, in get_browser_path
    return self._binary_paths()["browser_path"]
           ~~~~~~~~~~~~~~~~~~^^
  File "C:\autoGeneratedApp\linkedInInformationCollection\.venv\Lib\site-packages\selenium\webdriver\common\driver_finder.py", line 78, in _binary_paths
    raise NoSuchDriverException(msg) from err
selenium.common.exceptions.NoSuchDriverException: Message: Unable to obtain driver for chrome; For documentation on this error, please visit: https://www.selenium.dev/documentation/webdriver/troubleshooting/errors/driver_location

2026-03-27 19:30:13,908 [INFO] __main__ - ▶ 开始检查新动态 …
2026-03-27 19:30:13,927 [WARNING] scraper - 未检测到 Chrome 可执行文件，将使用默认方式启动浏览器
2026-03-27 19:30:48,061 [INFO] undetected_chromedriver.patcher - patching driver executable C:\Users\ANGUTANG\appdata\roaming\undetected_chromedriver\undetected_chromedriver.exe
2026-03-27 19:30:49,378 [WARNING] scraper - undetected_chromedriver 初始化失败，回退到 Selenium Chrome 驱动: Binary Location Must be a String
2026-03-27 19:30:49,555 [ERROR] __main__ - 抓取过程出现未预期错误: Message: Unable to obtain driver for chrome; For documentation on this error, please visit: https://www.selenium.dev/documentation/webdriver/troubleshooting/errors/driver_location
Traceback (most recent call last):
  File "C:\autoGeneratedApp\linkedInInformationCollection\scraper.py", line 174, in _init_driver
    options.add_argument("--window-size=1920,1080")
                       ^^^^^^^^^^^^^^^^^^^^^^^^^^
  File "C:\autoGeneratedApp\linkedInInformationCollection\.venv\Lib\site-packages\undetected_chromedriver\__init__.py", line 372, in __init__
    options.binary_location = (
    ^^^^^^^^^^^^^^^^^^^^^^^
  File "C:\autoGeneratedApp\linkedInInformationCollection\.venv\Lib\site-packages\selenium\webdriver\chromium\options.py", line 52, in binary_location
    raise TypeError(self.BINARY_LOCATION_ERROR)
TypeError: Binary Location Must be a String

During handling of the above exception, another exception occurred:

Traceback (most recent call last):
  File "C:\autoGeneratedApp\linkedInInformationCollection\.venv\Lib\site-packages\selenium\webdriver\common\driver_finder.py", line 75, in _binary_paths
    raise ValueError(f"The browser path is not a valid file: {output['browser_path']}")
ValueError: The browser path is not a valid file: 

The above exception was the direct cause of the following exception:

Traceback (most recent call last):
  File "C:\autoGeneratedApp\linkedInInformationCollection\main.py", line 42, in check_for_new_posts
    with LinkedInScraper(
         ~~~~~~~~~~~~~~~^
        email=config.LINKEDIN_EMAIL,
        ^^^^^^^^^^^^^^^^^^^^^^^^^^^^
        password=config.LINKEDIN_PASSWORD,
        ^^^^^^^^^^^^^^^^^^^^^^^^^^^^^^^^^^
        headless=config.HEADLESS,
        ^^^^^^^^^^^^^^^^^^^^^^^^^
    ) as scraper:
    ^
  File "C:\autoGeneratedApp\linkedInInformationCollection\scraper.py", line 76, in __enter__
    self._init_driver()
    ~~~~~~~~~~~~~~~~~^^
  File "C:\autoGeneratedApp\linkedInInformationCollection\scraper.py", line 185, in _init_driver
    @staticmethod
    
  File "C:\autoGeneratedApp\linkedInInformationCollection\.venv\Lib\site-packages\selenium\webdriver\chrome\webdriver.py", line 45, in __init__
    super().__init__(
    ~~~~~~~~~~~~~~~~^
        browser_name=DesiredCapabilities.CHROME["browserName"],
        ^^^^^^^^^^^^^^^^^^^^^^^^^^^^^^^^^^^^^^^^^^^^^^^^^^^^^^^
    ...<3 lines>...
        keep_alive=keep_alive,
        ^^^^^^^^^^^^^^^^^^^^^^
    )
    ^
  File "C:\autoGeneratedApp\linkedInInformationCollection\.venv\Lib\site-packages\selenium\webdriver\chromium\webdriver.py", line 50, in __init__
    if finder.get_browser_path():
       ~~~~~~~~~~~~~~~~~~~~~~~^^
  File "C:\autoGeneratedApp\linkedInInformationCollection\.venv\Lib\site-packages\selenium\webdriver\common\driver_finder.py", line 47, in get_browser_path
    return self._binary_paths()["browser_path"]
           ~~~~~~~~~~~~~~~~~~^^
  File "C:\autoGeneratedApp\linkedInInformationCollection\.venv\Lib\site-packages\selenium\webdriver\common\driver_finder.py", line 78, in _binary_paths
    raise NoSuchDriverException(msg) from err
selenium.common.exceptions.NoSuchDriverException: Message: Unable to obtain driver for chrome; For documentation on this error, please visit: https://www.selenium.dev/documentation/webdriver/troubleshooting/errors/driver_location

2026-03-27 19:35:49,561 [INFO] __main__ - ▶ 开始检查新动态 …
2026-03-27 19:35:49,579 [WARNING] scraper - 未检测到 Chrome 可执行文件，将使用默认方式启动浏览器
2026-03-27 19:36:21,707 [INFO] undetected_chromedriver.patcher - patching driver executable C:\Users\ANGUTANG\appdata\roaming\undetected_chromedriver\undetected_chromedriver.exe
2026-03-27 19:36:22,990 [WARNING] scraper - undetected_chromedriver 初始化失败，回退到 Selenium Chrome 驱动: Binary Location Must be a String
2026-03-27 19:36:23,210 [ERROR] __main__ - 抓取过程出现未预期错误: Message: Unable to obtain driver for chrome; For documentation on this error, please visit: https://www.selenium.dev/documentation/webdriver/troubleshooting/errors/driver_location
Traceback (most recent call last):
  File "C:\autoGeneratedApp\linkedInInformationCollection\scraper.py", line 174, in _init_driver
    options.add_argument("--window-size=1920,1080")
                       ^^^^^^^^^^^^^^^^^^^^^^^^^^
  File "C:\autoGeneratedApp\linkedInInformationCollection\.venv\Lib\site-packages\undetected_chromedriver\__init__.py", line 372, in __init__
    options.binary_location = (
    ^^^^^^^^^^^^^^^^^^^^^^^
  File "C:\autoGeneratedApp\linkedInInformationCollection\.venv\Lib\site-packages\selenium\webdriver\chromium\options.py", line 52, in binary_location
    raise TypeError(self.BINARY_LOCATION_ERROR)
TypeError: Binary Location Must be a String

During handling of the above exception, another exception occurred:

Traceback (most recent call last):
  File "C:\autoGeneratedApp\linkedInInformationCollection\.venv\Lib\site-packages\selenium\webdriver\common\driver_finder.py", line 75, in _binary_paths
    raise ValueError(f"The browser path is not a valid file: {output['browser_path']}")
ValueError: The browser path is not a valid file: 

The above exception was the direct cause of the following exception:

Traceback (most recent call last):
  File "C:\autoGeneratedApp\linkedInInformationCollection\main.py", line 42, in check_for_new_posts
    with LinkedInScraper(
         ~~~~~~~~~~~~~~~^
        email=config.LINKEDIN_EMAIL,
        ^^^^^^^^^^^^^^^^^^^^^^^^^^^^
        password=config.LINKEDIN_PASSWORD,
        ^^^^^^^^^^^^^^^^^^^^^^^^^^^^^^^^^^
        headless=config.HEADLESS,
        ^^^^^^^^^^^^^^^^^^^^^^^^^
    ) as scraper:
    ^
  File "C:\autoGeneratedApp\linkedInInformationCollection\scraper.py", line 76, in __enter__
    self._init_driver()
    ~~~~~~~~~~~~~~~~~^^
  File "C:\autoGeneratedApp\linkedInInformationCollection\scraper.py", line 185, in _init_driver
    @staticmethod
    
  File "C:\autoGeneratedApp\linkedInInformationCollection\.venv\Lib\site-packages\selenium\webdriver\chrome\webdriver.py", line 45, in __init__
    super().__init__(
    ~~~~~~~~~~~~~~~~^
        browser_name=DesiredCapabilities.CHROME["browserName"],
        ^^^^^^^^^^^^^^^^^^^^^^^^^^^^^^^^^^^^^^^^^^^^^^^^^^^^^^^
    ...<3 lines>...
        keep_alive=keep_alive,
        ^^^^^^^^^^^^^^^^^^^^^^
    )
    ^
  File "C:\autoGeneratedApp\linkedInInformationCollection\.venv\Lib\site-packages\selenium\webdriver\chromium\webdriver.py", line 50, in __init__
    if finder.get_browser_path():
       ~~~~~~~~~~~~~~~~~~~~~~~^^
  File "C:\autoGeneratedApp\linkedInInformationCollection\.venv\Lib\site-packages\selenium\webdriver\common\driver_finder.py", line 47, in get_browser_path
    return self._binary_paths()["browser_path"]
           ~~~~~~~~~~~~~~~~~~^^
  File "C:\autoGeneratedApp\linkedInInformationCollection\.venv\Lib\site-packages\selenium\webdriver\common\driver_finder.py", line 78, in _binary_paths
    raise NoSuchDriverException(msg) from err
selenium.common.exceptions.NoSuchDriverException: Message: Unable to obtain driver for chrome; For documentation on this error, please visit: https://www.selenium.dev/documentation/webdriver/troubleshooting/errors/driver_location

2026-03-27 19:41:23,213 [INFO] __main__ - ▶ 开始检查新动态 …
2026-03-27 19:41:23,236 [WARNING] scraper - 未检测到 Chrome 可执行文件，将使用默认方式启动浏览器
2026-03-27 19:42:00,664 [INFO] undetected_chromedriver.patcher - patching driver executable C:\Users\ANGUTANG\appdata\roaming\undetected_chromedriver\undetected_chromedriver.exe
2026-03-27 19:42:01,939 [WARNING] scraper - undetected_chromedriver 初始化失败，回退到 Selenium Chrome 驱动: Binary Location Must be a String
2026-03-27 19:42:02,697 [ERROR] __main__ - 抓取过程出现未预期错误: Message: Unable to obtain driver for chrome; For documentation on this error, please visit: https://www.selenium.dev/documentation/webdriver/troubleshooting/errors/driver_location
Traceback (most recent call last):
  File "C:\autoGeneratedApp\linkedInInformationCollection\scraper.py", line 174, in _init_driver
    options.add_argument("--window-size=1920,1080")
                       ^^^^^^^^^^^^^^^^^^^^^^^^^^
  File "C:\autoGeneratedApp\linkedInInformationCollection\.venv\Lib\site-packages\undetected_chromedriver\__init__.py", line 372, in __init__
    options.binary_location = (
    ^^^^^^^^^^^^^^^^^^^^^^^
  File "C:\autoGeneratedApp\linkedInInformationCollection\.venv\Lib\site-packages\selenium\webdriver\chromium\options.py", line 52, in binary_location
    raise TypeError(self.BINARY_LOCATION_ERROR)
TypeError: Binary Location Must be a String

During handling of the above exception, another exception occurred:

Traceback (most recent call last):
  File "C:\autoGeneratedApp\linkedInInformationCollection\.venv\Lib\site-packages\selenium\webdriver\common\driver_finder.py", line 75, in _binary_paths
    raise ValueError(f"The browser path is not a valid file: {output['browser_path']}")
ValueError: The browser path is not a valid file: 

The above exception was the direct cause of the following exception:

Traceback (most recent call last):
  File "C:\autoGeneratedApp\linkedInInformationCollection\main.py", line 42, in check_for_new_posts
    with LinkedInScraper(
         ~~~~~~~~~~~~~~~^
        email=config.LINKEDIN_EMAIL,
        ^^^^^^^^^^^^^^^^^^^^^^^^^^^^
        password=config.LINKEDIN_PASSWORD,
        ^^^^^^^^^^^^^^^^^^^^^^^^^^^^^^^^^^
        headless=config.HEADLESS,
        ^^^^^^^^^^^^^^^^^^^^^^^^^
    ) as scraper:
    ^
  File "C:\autoGeneratedApp\linkedInInformationCollection\scraper.py", line 76, in __enter__
    self._init_driver()
    ~~~~~~~~~~~~~~~~~^^
  File "C:\autoGeneratedApp\linkedInInformationCollection\scraper.py", line 185, in _init_driver
    @staticmethod
    
  File "C:\autoGeneratedApp\linkedInInformationCollection\.venv\Lib\site-packages\selenium\webdriver\chrome\webdriver.py", line 45, in __init__
    super().__init__(
    ~~~~~~~~~~~~~~~~^
        browser_name=DesiredCapabilities.CHROME["browserName"],
        ^^^^^^^^^^^^^^^^^^^^^^^^^^^^^^^^^^^^^^^^^^^^^^^^^^^^^^^
    ...<3 lines>...
        keep_alive=keep_alive,
        ^^^^^^^^^^^^^^^^^^^^^^
    )
    ^
  File "C:\autoGeneratedApp\linkedInInformationCollection\.venv\Lib\site-packages\selenium\webdriver\chromium\webdriver.py", line 50, in __init__
    if finder.get_browser_path():
       ~~~~~~~~~~~~~~~~~~~~~~~^^
  File "C:\autoGeneratedApp\linkedInInformationCollection\.venv\Lib\site-packages\selenium\webdriver\common\driver_finder.py", line 47, in get_browser_path
    return self._binary_paths()["browser_path"]
           ~~~~~~~~~~~~~~~~~~^^
  File "C:\autoGeneratedApp\linkedInInformationCollection\.venv\Lib\site-packages\selenium\webdriver\common\driver_finder.py", line 78, in _binary_paths
    raise NoSuchDriverException(msg) from err
selenium.common.exceptions.NoSuchDriverException: Message: Unable to obtain driver for chrome; For documentation on this error, please visit: https://www.selenium.dev/documentation/webdriver/troubleshooting/errors/driver_location

2026-03-27 19:47:02,700 [INFO] __main__ - ▶ 开始检查新动态 …
2026-03-27 19:47:02,720 [WARNING] scraper - 未检测到 Chrome 可执行文件，将使用默认方式启动浏览器
2026-03-27 19:47:39,309 [INFO] undetected_chromedriver.patcher - patching driver executable C:\Users\ANGUTANG\appdata\roaming\undetected_chromedriver\undetected_chromedriver.exe
2026-03-27 19:47:40,593 [WARNING] scraper - undetected_chromedriver 初始化失败，回退到 Selenium Chrome 驱动: Binary Location Must be a String
2026-03-27 19:47:40,784 [ERROR] __main__ - 抓取过程出现未预期错误: Message: Unable to obtain driver for chrome; For documentation on this error, please visit: https://www.selenium.dev/documentation/webdriver/troubleshooting/errors/driver_location
Traceback (most recent call last):
  File "C:\autoGeneratedApp\linkedInInformationCollection\scraper.py", line 174, in _init_driver
    options.add_argument("--window-size=1920,1080")
                       ^^^^^^^^^^^^^^^^^^^^^^^^^^
  File "C:\autoGeneratedApp\linkedInInformationCollection\.venv\Lib\site-packages\undetected_chromedriver\__init__.py", line 372, in __init__
    options.binary_location = (
    ^^^^^^^^^^^^^^^^^^^^^^^
  File "C:\autoGeneratedApp\linkedInInformationCollection\.venv\Lib\site-packages\selenium\webdriver\chromium\options.py", line 52, in binary_location
    raise TypeError(self.BINARY_LOCATION_ERROR)
TypeError: Binary Location Must be a String

During handling of the above exception, another exception occurred:

Traceback (most recent call last):
  File "C:\autoGeneratedApp\linkedInInformationCollection\.venv\Lib\site-packages\selenium\webdriver\common\driver_finder.py", line 75, in _binary_paths
    raise ValueError(f"The browser path is not a valid file: {output['browser_path']}")
ValueError: The browser path is not a valid file: 

The above exception was the direct cause of the following exception:

Traceback (most recent call last):
  File "C:\autoGeneratedApp\linkedInInformationCollection\main.py", line 42, in check_for_new_posts
    with LinkedInScraper(
         ~~~~~~~~~~~~~~~^
        email=config.LINKEDIN_EMAIL,
        ^^^^^^^^^^^^^^^^^^^^^^^^^^^^
        password=config.LINKEDIN_PASSWORD,
        ^^^^^^^^^^^^^^^^^^^^^^^^^^^^^^^^^^
        headless=config.HEADLESS,
        ^^^^^^^^^^^^^^^^^^^^^^^^^
    ) as scraper:
    ^
  File "C:\autoGeneratedApp\linkedInInformationCollection\scraper.py", line 76, in __enter__
    self._init_driver()
    ~~~~~~~~~~~~~~~~~^^
  File "C:\autoGeneratedApp\linkedInInformationCollection\scraper.py", line 185, in _init_driver
    @staticmethod
    
  File "C:\autoGeneratedApp\linkedInInformationCollection\.venv\Lib\site-packages\selenium\webdriver\chrome\webdriver.py", line 45, in __init__
    super().__init__(
    ~~~~~~~~~~~~~~~~^
        browser_name=DesiredCapabilities.CHROME["browserName"],
        ^^^^^^^^^^^^^^^^^^^^^^^^^^^^^^^^^^^^^^^^^^^^^^^^^^^^^^^
    ...<3 lines>...
        keep_alive=keep_alive,
        ^^^^^^^^^^^^^^^^^^^^^^
    )
    ^
  File "C:\autoGeneratedApp\linkedInInformationCollection\.venv\Lib\site-packages\selenium\webdriver\chromium\webdriver.py", line 50, in __init__
    if finder.get_browser_path():
       ~~~~~~~~~~~~~~~~~~~~~~~^^
  File "C:\autoGeneratedApp\linkedInInformationCollection\.venv\Lib\site-packages\selenium\webdriver\common\driver_finder.py", line 47, in get_browser_path
    return self._binary_paths()["browser_path"]
           ~~~~~~~~~~~~~~~~~~^^
  File "C:\autoGeneratedApp\linkedInInformationCollection\.venv\Lib\site-packages\selenium\webdriver\common\driver_finder.py", line 78, in _binary_paths
    raise NoSuchDriverException(msg) from err
selenium.common.exceptions.NoSuchDriverException: Message: Unable to obtain driver for chrome; For documentation on this error, please visit: https://www.selenium.dev/documentation/webdriver/troubleshooting/errors/driver_location

2026-03-27 19:52:40,788 [INFO] __main__ - ▶ 开始检查新动态 …
2026-03-27 19:52:40,805 [WARNING] scraper - 未检测到 Chrome 可执行文件，将使用默认方式启动浏览器
2026-03-27 19:53:15,665 [INFO] undetected_chromedriver.patcher - patching driver executable C:\Users\ANGUTANG\appdata\roaming\undetected_chromedriver\undetected_chromedriver.exe
2026-03-27 19:53:16,976 [WARNING] scraper - undetected_chromedriver 初始化失败，回退到 Selenium Chrome 驱动: Binary Location Must be a String
2026-03-27 19:53:17,186 [ERROR] __main__ - 抓取过程出现未预期错误: Message: Unable to obtain driver for chrome; For documentation on this error, please visit: https://www.selenium.dev/documentation/webdriver/troubleshooting/errors/driver_location
Traceback (most recent call last):
  File "C:\autoGeneratedApp\linkedInInformationCollection\scraper.py", line 174, in _init_driver
    options.add_argument("--window-size=1920,1080")
                       ^^^^^^^^^^^^^^^^^^^^^^^^^^
  File "C:\autoGeneratedApp\linkedInInformationCollection\.venv\Lib\site-packages\undetected_chromedriver\__init__.py", line 372, in __init__
    options.binary_location = (
    ^^^^^^^^^^^^^^^^^^^^^^^
  File "C:\autoGeneratedApp\linkedInInformationCollection\.venv\Lib\site-packages\selenium\webdriver\chromium\options.py", line 52, in binary_location
    raise TypeError(self.BINARY_LOCATION_ERROR)
TypeError: Binary Location Must be a String

During handling of the above exception, another exception occurred:

Traceback (most recent call last):
  File "C:\autoGeneratedApp\linkedInInformationCollection\.venv\Lib\site-packages\selenium\webdriver\common\driver_finder.py", line 75, in _binary_paths
    raise ValueError(f"The browser path is not a valid file: {output['browser_path']}")
ValueError: The browser path is not a valid file: 

The above exception was the direct cause of the following exception:

Traceback (most recent call last):
  File "C:\autoGeneratedApp\linkedInInformationCollection\main.py", line 42, in check_for_new_posts
    with LinkedInScraper(
         ~~~~~~~~~~~~~~~^
        email=config.LINKEDIN_EMAIL,
        ^^^^^^^^^^^^^^^^^^^^^^^^^^^^
        password=config.LINKEDIN_PASSWORD,
        ^^^^^^^^^^^^^^^^^^^^^^^^^^^^^^^^^^
        headless=config.HEADLESS,
        ^^^^^^^^^^^^^^^^^^^^^^^^^
    ) as scraper:
    ^
  File "C:\autoGeneratedApp\linkedInInformationCollection\scraper.py", line 76, in __enter__
    self._init_driver()
    ~~~~~~~~~~~~~~~~~^^
  File "C:\autoGeneratedApp\linkedInInformationCollection\scraper.py", line 185, in _init_driver
    @staticmethod
    
  File "C:\autoGeneratedApp\linkedInInformationCollection\.venv\Lib\site-packages\selenium\webdriver\chrome\webdriver.py", line 45, in __init__
    super().__init__(
    ~~~~~~~~~~~~~~~~^
        browser_name=DesiredCapabilities.CHROME["browserName"],
        ^^^^^^^^^^^^^^^^^^^^^^^^^^^^^^^^^^^^^^^^^^^^^^^^^^^^^^^
    ...<3 lines>...
        keep_alive=keep_alive,
        ^^^^^^^^^^^^^^^^^^^^^^
    )
    ^
  File "C:\autoGeneratedApp\linkedInInformationCollection\.venv\Lib\site-packages\selenium\webdriver\chromium\webdriver.py", line 50, in __init__
    if finder.get_browser_path():
       ~~~~~~~~~~~~~~~~~~~~~~~^^
  File "C:\autoGeneratedApp\linkedInInformationCollection\.venv\Lib\site-packages\selenium\webdriver\common\driver_finder.py", line 47, in get_browser_path
    return self._binary_paths()["browser_path"]
           ~~~~~~~~~~~~~~~~~~^^
  File "C:\autoGeneratedApp\linkedInInformationCollection\.venv\Lib\site-packages\selenium\webdriver\common\driver_finder.py", line 78, in _binary_paths
    raise NoSuchDriverException(msg) from err
selenium.common.exceptions.NoSuchDriverException: Message: Unable to obtain driver for chrome; For documentation on this error, please visit: https://www.selenium.dev/documentation/webdriver/troubleshooting/errors/driver_location

2026-03-27 19:58:17,193 [INFO] __main__ - ▶ 开始检查新动态 …
2026-03-27 19:58:17,212 [WARNING] scraper - 未检测到 Chrome 可执行文件，将使用默认方式启动浏览器
2026-03-27 19:58:55,287 [INFO] undetected_chromedriver.patcher - patching driver executable C:\Users\ANGUTANG\appdata\roaming\undetected_chromedriver\undetected_chromedriver.exe
2026-03-27 19:58:56,609 [WARNING] scraper - undetected_chromedriver 初始化失败，回退到 Selenium Chrome 驱动: Binary Location Must be a String
2026-03-27 19:58:56,787 [ERROR] __main__ - 抓取过程出现未预期错误: Message: Unable to obtain driver for chrome; For documentation on this error, please visit: https://www.selenium.dev/documentation/webdriver/troubleshooting/errors/driver_location
Traceback (most recent call last):
  File "C:\autoGeneratedApp\linkedInInformationCollection\scraper.py", line 174, in _init_driver
    options.add_argument("--window-size=1920,1080")
                       ^^^^^^^^^^^^^^^^^^^^^^^^^^
  File "C:\autoGeneratedApp\linkedInInformationCollection\.venv\Lib\site-packages\undetected_chromedriver\__init__.py", line 372, in __init__
    options.binary_location = (
    ^^^^^^^^^^^^^^^^^^^^^^^
  File "C:\autoGeneratedApp\linkedInInformationCollection\.venv\Lib\site-packages\selenium\webdriver\chromium\options.py", line 52, in binary_location
    raise TypeError(self.BINARY_LOCATION_ERROR)
TypeError: Binary Location Must be a String

During handling of the above exception, another exception occurred:

Traceback (most recent call last):
  File "C:\autoGeneratedApp\linkedInInformationCollection\.venv\Lib\site-packages\selenium\webdriver\common\driver_finder.py", line 75, in _binary_paths
    raise ValueError(f"The browser path is not a valid file: {output['browser_path']}")
ValueError: The browser path is not a valid file: 

The above exception was the direct cause of the following exception:

Traceback (most recent call last):
  File "C:\autoGeneratedApp\linkedInInformationCollection\main.py", line 42, in check_for_new_posts
    with LinkedInScraper(
         ~~~~~~~~~~~~~~~^
        email=config.LINKEDIN_EMAIL,
        ^^^^^^^^^^^^^^^^^^^^^^^^^^^^
        password=config.LINKEDIN_PASSWORD,
        ^^^^^^^^^^^^^^^^^^^^^^^^^^^^^^^^^^
        headless=config.HEADLESS,
        ^^^^^^^^^^^^^^^^^^^^^^^^^
    ) as scraper:
    ^
  File "C:\autoGeneratedApp\linkedInInformationCollection\scraper.py", line 76, in __enter__
    self._init_driver()
    ~~~~~~~~~~~~~~~~~^^
  File "C:\autoGeneratedApp\linkedInInformationCollection\scraper.py", line 185, in _init_driver
    @staticmethod
    
  File "C:\autoGeneratedApp\linkedInInformationCollection\.venv\Lib\site-packages\selenium\webdriver\chrome\webdriver.py", line 45, in __init__
    super().__init__(
    ~~~~~~~~~~~~~~~~^
        browser_name=DesiredCapabilities.CHROME["browserName"],
        ^^^^^^^^^^^^^^^^^^^^^^^^^^^^^^^^^^^^^^^^^^^^^^^^^^^^^^^
    ...<3 lines>...
        keep_alive=keep_alive,
        ^^^^^^^^^^^^^^^^^^^^^^
    )
    ^
  File "C:\autoGeneratedApp\linkedInInformationCollection\.venv\Lib\site-packages\selenium\webdriver\chromium\webdriver.py", line 50, in __init__
    if finder.get_browser_path():
       ~~~~~~~~~~~~~~~~~~~~~~~^^
  File "C:\autoGeneratedApp\linkedInInformationCollection\.venv\Lib\site-packages\selenium\webdriver\common\driver_finder.py", line 47, in get_browser_path
    return self._binary_paths()["browser_path"]
           ~~~~~~~~~~~~~~~~~~^^
  File "C:\autoGeneratedApp\linkedInInformationCollection\.venv\Lib\site-packages\selenium\webdriver\common\driver_finder.py", line 78, in _binary_paths
    raise NoSuchDriverException(msg) from err
selenium.common.exceptions.NoSuchDriverException: Message: Unable to obtain driver for chrome; For documentation on this error, please visit: https://www.selenium.dev/documentation/webdriver/troubleshooting/errors/driver_location

2026-03-27 20:03:56,791 [INFO] __main__ - ▶ 开始检查新动态 …
2026-03-27 20:03:56,813 [WARNING] scraper - 未检测到 Chrome 可执行文件，将使用默认方式启动浏览器
2026-03-27 20:04:33,977 [INFO] undetected_chromedriver.patcher - patching driver executable C:\Users\ANGUTANG\appdata\roaming\undetected_chromedriver\undetected_chromedriver.exe
2026-03-27 20:04:35,338 [WARNING] scraper - undetected_chromedriver 初始化失败，回退到 Selenium Chrome 驱动: Binary Location Must be a String
2026-03-27 20:04:35,543 [ERROR] __main__ - 抓取过程出现未预期错误: Message: Unable to obtain driver for chrome; For documentation on this error, please visit: https://www.selenium.dev/documentation/webdriver/troubleshooting/errors/driver_location
Traceback (most recent call last):
  File "C:\autoGeneratedApp\linkedInInformationCollection\scraper.py", line 174, in _init_driver
    options.add_argument("--window-size=1920,1080")
                       ^^^^^^^^^^^^^^^^^^^^^^^^^^
  File "C:\autoGeneratedApp\linkedInInformationCollection\.venv\Lib\site-packages\undetected_chromedriver\__init__.py", line 372, in __init__
    options.binary_location = (
    ^^^^^^^^^^^^^^^^^^^^^^^
  File "C:\autoGeneratedApp\linkedInInformationCollection\.venv\Lib\site-packages\selenium\webdriver\chromium\options.py", line 52, in binary_location
    raise TypeError(self.BINARY_LOCATION_ERROR)
TypeError: Binary Location Must be a String

During handling of the above exception, another exception occurred:

Traceback (most recent call last):
  File "C:\autoGeneratedApp\linkedInInformationCollection\.venv\Lib\site-packages\selenium\webdriver\common\driver_finder.py", line 75, in _binary_paths
    raise ValueError(f"The browser path is not a valid file: {output['browser_path']}")
ValueError: The browser path is not a valid file: 

The above exception was the direct cause of the following exception:

Traceback (most recent call last):
  File "C:\autoGeneratedApp\linkedInInformationCollection\main.py", line 42, in check_for_new_posts
    with LinkedInScraper(
         ~~~~~~~~~~~~~~~^
        email=config.LINKEDIN_EMAIL,
        ^^^^^^^^^^^^^^^^^^^^^^^^^^^^
        password=config.LINKEDIN_PASSWORD,
        ^^^^^^^^^^^^^^^^^^^^^^^^^^^^^^^^^^
        headless=config.HEADLESS,
        ^^^^^^^^^^^^^^^^^^^^^^^^^
    ) as scraper:
    ^
  File "C:\autoGeneratedApp\linkedInInformationCollection\scraper.py", line 76, in __enter__
    self._init_driver()
    ~~~~~~~~~~~~~~~~~^^
  File "C:\autoGeneratedApp\linkedInInformationCollection\scraper.py", line 185, in _init_driver
    @staticmethod
    
  File "C:\autoGeneratedApp\linkedInInformationCollection\.venv\Lib\site-packages\selenium\webdriver\chrome\webdriver.py", line 45, in __init__
    super().__init__(
    ~~~~~~~~~~~~~~~~^
        browser_name=DesiredCapabilities.CHROME["browserName"],
        ^^^^^^^^^^^^^^^^^^^^^^^^^^^^^^^^^^^^^^^^^^^^^^^^^^^^^^^
    ...<3 lines>...
        keep_alive=keep_alive,
        ^^^^^^^^^^^^^^^^^^^^^^
    )
    ^
  File "C:\autoGeneratedApp\linkedInInformationCollection\.venv\Lib\site-packages\selenium\webdriver\chromium\webdriver.py", line 50, in __init__
    if finder.get_browser_path():
       ~~~~~~~~~~~~~~~~~~~~~~~^^
  File "C:\autoGeneratedApp\linkedInInformationCollection\.venv\Lib\site-packages\selenium\webdriver\common\driver_finder.py", line 47, in get_browser_path
    return self._binary_paths()["browser_path"]
           ~~~~~~~~~~~~~~~~~~^^
  File "C:\autoGeneratedApp\linkedInInformationCollection\.venv\Lib\site-packages\selenium\webdriver\common\driver_finder.py", line 78, in _binary_paths
    raise NoSuchDriverException(msg) from err
selenium.common.exceptions.NoSuchDriverException: Message: Unable to obtain driver for chrome; For documentation on this error, please visit: https://www.selenium.dev/documentation/webdriver/troubleshooting/errors/driver_location

2026-03-27 20:09:35,549 [INFO] __main__ - ▶ 开始检查新动态 …
2026-03-27 20:09:35,570 [WARNING] scraper - 未检测到 Chrome 可执行文件，将使用默认方式启动浏览器
2026-03-27 20:10:10,282 [INFO] undetected_chromedriver.patcher - patching driver executable C:\Users\ANGUTANG\appdata\roaming\undetected_chromedriver\undetected_chromedriver.exe
2026-03-27 20:10:11,543 [WARNING] scraper - undetected_chromedriver 初始化失败，回退到 Selenium Chrome 驱动: Binary Location Must be a String
2026-03-27 20:10:11,704 [ERROR] __main__ - 抓取过程出现未预期错误: Message: Unable to obtain driver for chrome; For documentation on this error, please visit: https://www.selenium.dev/documentation/webdriver/troubleshooting/errors/driver_location
Traceback (most recent call last):
  File "C:\autoGeneratedApp\linkedInInformationCollection\scraper.py", line 174, in _init_driver
    options.add_argument("--window-size=1920,1080")
                       ^^^^^^^^^^^^^^^^^^^^^^^^^^
  File "C:\autoGeneratedApp\linkedInInformationCollection\.venv\Lib\site-packages\undetected_chromedriver\__init__.py", line 372, in __init__
    options.binary_location = (
    ^^^^^^^^^^^^^^^^^^^^^^^
  File "C:\autoGeneratedApp\linkedInInformationCollection\.venv\Lib\site-packages\selenium\webdriver\chromium\options.py", line 52, in binary_location
    raise TypeError(self.BINARY_LOCATION_ERROR)
TypeError: Binary Location Must be a String

During handling of the above exception, another exception occurred:

Traceback (most recent call last):
  File "C:\autoGeneratedApp\linkedInInformationCollection\.venv\Lib\site-packages\selenium\webdriver\common\driver_finder.py", line 75, in _binary_paths
    raise ValueError(f"The browser path is not a valid file: {output['browser_path']}")
ValueError: The browser path is not a valid file: 

The above exception was the direct cause of the following exception:

Traceback (most recent call last):
  File "C:\autoGeneratedApp\linkedInInformationCollection\main.py", line 42, in check_for_new_posts
    with LinkedInScraper(
         ~~~~~~~~~~~~~~~^
        email=config.LINKEDIN_EMAIL,
        ^^^^^^^^^^^^^^^^^^^^^^^^^^^^
        password=config.LINKEDIN_PASSWORD,
        ^^^^^^^^^^^^^^^^^^^^^^^^^^^^^^^^^^
        headless=config.HEADLESS,
        ^^^^^^^^^^^^^^^^^^^^^^^^^
    ) as scraper:
    ^
  File "C:\autoGeneratedApp\linkedInInformationCollection\scraper.py", line 76, in __enter__
    self._init_driver()
    ~~~~~~~~~~~~~~~~~^^
  File "C:\autoGeneratedApp\linkedInInformationCollection\scraper.py", line 185, in _init_driver
    @staticmethod
    
  File "C:\autoGeneratedApp\linkedInInformationCollection\.venv\Lib\site-packages\selenium\webdriver\chrome\webdriver.py", line 45, in __init__
    super().__init__(
    ~~~~~~~~~~~~~~~~^
        browser_name=DesiredCapabilities.CHROME["browserName"],
        ^^^^^^^^^^^^^^^^^^^^^^^^^^^^^^^^^^^^^^^^^^^^^^^^^^^^^^^
    ...<3 lines>...
        keep_alive=keep_alive,
        ^^^^^^^^^^^^^^^^^^^^^^
    )
    ^
  File "C:\autoGeneratedApp\linkedInInformationCollection\.venv\Lib\site-packages\selenium\webdriver\chromium\webdriver.py", line 50, in __init__
    if finder.get_browser_path():
       ~~~~~~~~~~~~~~~~~~~~~~~^^
  File "C:\autoGeneratedApp\linkedInInformationCollection\.venv\Lib\site-packages\selenium\webdriver\common\driver_finder.py", line 47, in get_browser_path
    return self._binary_paths()["browser_path"]
           ~~~~~~~~~~~~~~~~~~^^
  File "C:\autoGeneratedApp\linkedInInformationCollection\.venv\Lib\site-packages\selenium\webdriver\common\driver_finder.py", line 78, in _binary_paths
    raise NoSuchDriverException(msg) from err
selenium.common.exceptions.NoSuchDriverException: Message: Unable to obtain driver for chrome; For documentation on this error, please visit: https://www.selenium.dev/documentation/webdriver/troubleshooting/errors/driver_location

2026-03-27 20:15:11,708 [INFO] __main__ - ▶ 开始检查新动态 …
2026-03-27 20:15:11,728 [WARNING] scraper - 未检测到 Chrome 可执行文件，将使用默认方式启动浏览器
2026-03-27 20:15:52,134 [INFO] undetected_chromedriver.patcher - patching driver executable C:\Users\ANGUTANG\appdata\roaming\undetected_chromedriver\undetected_chromedriver.exe
2026-03-27 20:15:53,480 [WARNING] scraper - undetected_chromedriver 初始化失败，回退到 Selenium Chrome 驱动: Binary Location Must be a String
2026-03-27 20:15:53,660 [ERROR] __main__ - 抓取过程出现未预期错误: Message: Unable to obtain driver for chrome; For documentation on this error, please visit: https://www.selenium.dev/documentation/webdriver/troubleshooting/errors/driver_location
Traceback (most recent call last):
  File "C:\autoGeneratedApp\linkedInInformationCollection\scraper.py", line 174, in _init_driver
    options.add_argument("--window-size=1920,1080")
                       ^^^^^^^^^^^^^^^^^^^^^^^^^^
  File "C:\autoGeneratedApp\linkedInInformationCollection\.venv\Lib\site-packages\undetected_chromedriver\__init__.py", line 372, in __init__
    options.binary_location = (
    ^^^^^^^^^^^^^^^^^^^^^^^
  File "C:\autoGeneratedApp\linkedInInformationCollection\.venv\Lib\site-packages\selenium\webdriver\chromium\options.py", line 52, in binary_location
    raise TypeError(self.BINARY_LOCATION_ERROR)
TypeError: Binary Location Must be a String

During handling of the above exception, another exception occurred:

Traceback (most recent call last):
  File "C:\autoGeneratedApp\linkedInInformationCollection\.venv\Lib\site-packages\selenium\webdriver\common\driver_finder.py", line 75, in _binary_paths
    raise ValueError(f"The browser path is not a valid file: {output['browser_path']}")
ValueError: The browser path is not a valid file: 

The above exception was the direct cause of the following exception:

Traceback (most recent call last):
  File "C:\autoGeneratedApp\linkedInInformationCollection\main.py", line 42, in check_for_new_posts
    with LinkedInScraper(
         ~~~~~~~~~~~~~~~^
        email=config.LINKEDIN_EMAIL,
        ^^^^^^^^^^^^^^^^^^^^^^^^^^^^
        password=config.LINKEDIN_PASSWORD,
        ^^^^^^^^^^^^^^^^^^^^^^^^^^^^^^^^^^
        headless=config.HEADLESS,
        ^^^^^^^^^^^^^^^^^^^^^^^^^
    ) as scraper:
    ^
  File "C:\autoGeneratedApp\linkedInInformationCollection\scraper.py", line 76, in __enter__
    self._init_driver()
    ~~~~~~~~~~~~~~~~~^^
  File "C:\autoGeneratedApp\linkedInInformationCollection\scraper.py", line 185, in _init_driver
    @staticmethod
    
  File "C:\autoGeneratedApp\linkedInInformationCollection\.venv\Lib\site-packages\selenium\webdriver\chrome\webdriver.py", line 45, in __init__
    super().__init__(
    ~~~~~~~~~~~~~~~~^
        browser_name=DesiredCapabilities.CHROME["browserName"],
        ^^^^^^^^^^^^^^^^^^^^^^^^^^^^^^^^^^^^^^^^^^^^^^^^^^^^^^^
    ...<3 lines>...
        keep_alive=keep_alive,
        ^^^^^^^^^^^^^^^^^^^^^^
    )
    ^
  File "C:\autoGeneratedApp\linkedInInformationCollection\.venv\Lib\site-packages\selenium\webdriver\chromium\webdriver.py", line 50, in __init__
    if finder.get_browser_path():
       ~~~~~~~~~~~~~~~~~~~~~~~^^
  File "C:\autoGeneratedApp\linkedInInformationCollection\.venv\Lib\site-packages\selenium\webdriver\common\driver_finder.py", line 47, in get_browser_path
    return self._binary_paths()["browser_path"]
           ~~~~~~~~~~~~~~~~~~^^
  File "C:\autoGeneratedApp\linkedInInformationCollection\.venv\Lib\site-packages\selenium\webdriver\common\driver_finder.py", line 78, in _binary_paths
    raise NoSuchDriverException(msg) from err
selenium.common.exceptions.NoSuchDriverException: Message: Unable to obtain driver for chrome; For documentation on this error, please visit: https://www.selenium.dev/documentation/webdriver/troubleshooting/errors/driver_location

2026-03-27 20:20:53,665 [INFO] __main__ - ▶ 开始检查新动态 …
2026-03-27 20:20:53,684 [WARNING] scraper - 未检测到 Chrome 可执行文件，将使用默认方式启动浏览器
2026-03-27 20:21:32,352 [INFO] undetected_chromedriver.patcher - patching driver executable C:\Users\ANGUTANG\appdata\roaming\undetected_chromedriver\undetected_chromedriver.exe
2026-03-27 20:21:33,621 [WARNING] scraper - undetected_chromedriver 初始化失败，回退到 Selenium Chrome 驱动: Binary Location Must be a String
2026-03-27 20:21:33,784 [ERROR] __main__ - 抓取过程出现未预期错误: Message: Unable to obtain driver for chrome; For documentation on this error, please visit: https://www.selenium.dev/documentation/webdriver/troubleshooting/errors/driver_location
Traceback (most recent call last):
  File "C:\autoGeneratedApp\linkedInInformationCollection\scraper.py", line 174, in _init_driver
    options.add_argument("--window-size=1920,1080")
                       ^^^^^^^^^^^^^^^^^^^^^^^^^^
  File "C:\autoGeneratedApp\linkedInInformationCollection\.venv\Lib\site-packages\undetected_chromedriver\__init__.py", line 372, in __init__
    options.binary_location = (
    ^^^^^^^^^^^^^^^^^^^^^^^
  File "C:\autoGeneratedApp\linkedInInformationCollection\.venv\Lib\site-packages\selenium\webdriver\chromium\options.py", line 52, in binary_location
    raise TypeError(self.BINARY_LOCATION_ERROR)
TypeError: Binary Location Must be a String

During handling of the above exception, another exception occurred:

Traceback (most recent call last):
  File "C:\autoGeneratedApp\linkedInInformationCollection\.venv\Lib\site-packages\selenium\webdriver\common\driver_finder.py", line 75, in _binary_paths
    raise ValueError(f"The browser path is not a valid file: {output['browser_path']}")
ValueError: The browser path is not a valid file: 

The above exception was the direct cause of the following exception:

Traceback (most recent call last):
  File "C:\autoGeneratedApp\linkedInInformationCollection\main.py", line 42, in check_for_new_posts
    with LinkedInScraper(
         ~~~~~~~~~~~~~~~^
        email=config.LINKEDIN_EMAIL,
        ^^^^^^^^^^^^^^^^^^^^^^^^^^^^
        password=config.LINKEDIN_PASSWORD,
        ^^^^^^^^^^^^^^^^^^^^^^^^^^^^^^^^^^
        headless=config.HEADLESS,
        ^^^^^^^^^^^^^^^^^^^^^^^^^
    ) as scraper:
    ^
  File "C:\autoGeneratedApp\linkedInInformationCollection\scraper.py", line 76, in __enter__
    self._init_driver()
    ~~~~~~~~~~~~~~~~~^^
  File "C:\autoGeneratedApp\linkedInInformationCollection\scraper.py", line 185, in _init_driver
    @staticmethod
    
  File "C:\autoGeneratedApp\linkedInInformationCollection\.venv\Lib\site-packages\selenium\webdriver\chrome\webdriver.py", line 45, in __init__
    super().__init__(
    ~~~~~~~~~~~~~~~~^
        browser_name=DesiredCapabilities.CHROME["browserName"],
        ^^^^^^^^^^^^^^^^^^^^^^^^^^^^^^^^^^^^^^^^^^^^^^^^^^^^^^^
    ...<3 lines>...
        keep_alive=keep_alive,
        ^^^^^^^^^^^^^^^^^^^^^^
    )
    ^
  File "C:\autoGeneratedApp\linkedInInformationCollection\.venv\Lib\site-packages\selenium\webdriver\chromium\webdriver.py", line 50, in __init__
    if finder.get_browser_path():
       ~~~~~~~~~~~~~~~~~~~~~~~^^
  File "C:\autoGeneratedApp\linkedInInformationCollection\.venv\Lib\site-packages\selenium\webdriver\common\driver_finder.py", line 47, in get_browser_path
    return self._binary_paths()["browser_path"]
           ~~~~~~~~~~~~~~~~~~^^
  File "C:\autoGeneratedApp\linkedInInformationCollection\.venv\Lib\site-packages\selenium\webdriver\common\driver_finder.py", line 78, in _binary_paths
    raise NoSuchDriverException(msg) from err
selenium.common.exceptions.NoSuchDriverException: Message: Unable to obtain driver for chrome; For documentation on this error, please visit: https://www.selenium.dev/documentation/webdriver/troubleshooting/errors/driver_location

2026-03-27 20:26:33,787 [INFO] __main__ - ▶ 开始检查新动态 …
2026-03-27 20:26:33,804 [WARNING] scraper - 未检测到 Chrome 可执行文件，将使用默认方式启动浏览器
2026-03-27 20:27:09,081 [INFO] undetected_chromedriver.patcher - patching driver executable C:\Users\ANGUTANG\appdata\roaming\undetected_chromedriver\undetected_chromedriver.exe
2026-03-27 20:27:10,443 [WARNING] scraper - undetected_chromedriver 初始化失败，回退到 Selenium Chrome 驱动: Binary Location Must be a String
2026-03-27 20:27:10,633 [ERROR] __main__ - 抓取过程出现未预期错误: Message: Unable to obtain driver for chrome; For documentation on this error, please visit: https://www.selenium.dev/documentation/webdriver/troubleshooting/errors/driver_location
Traceback (most recent call last):
  File "C:\autoGeneratedApp\linkedInInformationCollection\scraper.py", line 174, in _init_driver
    options.add_argument("--window-size=1920,1080")
                       ^^^^^^^^^^^^^^^^^^^^^^^^^^
  File "C:\autoGeneratedApp\linkedInInformationCollection\.venv\Lib\site-packages\undetected_chromedriver\__init__.py", line 372, in __init__
    options.binary_location = (
    ^^^^^^^^^^^^^^^^^^^^^^^
  File "C:\autoGeneratedApp\linkedInInformationCollection\.venv\Lib\site-packages\selenium\webdriver\chromium\options.py", line 52, in binary_location
    raise TypeError(self.BINARY_LOCATION_ERROR)
TypeError: Binary Location Must be a String

During handling of the above exception, another exception occurred:

Traceback (most recent call last):
  File "C:\autoGeneratedApp\linkedInInformationCollection\.venv\Lib\site-packages\selenium\webdriver\common\driver_finder.py", line 75, in _binary_paths
    raise ValueError(f"The browser path is not a valid file: {output['browser_path']}")
ValueError: The browser path is not a valid file: 

The above exception was the direct cause of the following exception:

Traceback (most recent call last):
  File "C:\autoGeneratedApp\linkedInInformationCollection\main.py", line 42, in check_for_new_posts
    with LinkedInScraper(
         ~~~~~~~~~~~~~~~^
        email=config.LINKEDIN_EMAIL,
        ^^^^^^^^^^^^^^^^^^^^^^^^^^^^
        password=config.LINKEDIN_PASSWORD,
        ^^^^^^^^^^^^^^^^^^^^^^^^^^^^^^^^^^
        headless=config.HEADLESS,
        ^^^^^^^^^^^^^^^^^^^^^^^^^
    ) as scraper:
    ^
  File "C:\autoGeneratedApp\linkedInInformationCollection\scraper.py", line 76, in __enter__
    self._init_driver()
    ~~~~~~~~~~~~~~~~~^^
  File "C:\autoGeneratedApp\linkedInInformationCollection\scraper.py", line 185, in _init_driver
    @staticmethod
    
  File "C:\autoGeneratedApp\linkedInInformationCollection\.venv\Lib\site-packages\selenium\webdriver\chrome\webdriver.py", line 45, in __init__
    super().__init__(
    ~~~~~~~~~~~~~~~~^
        browser_name=DesiredCapabilities.CHROME["browserName"],
        ^^^^^^^^^^^^^^^^^^^^^^^^^^^^^^^^^^^^^^^^^^^^^^^^^^^^^^^
    ...<3 lines>...
        keep_alive=keep_alive,
        ^^^^^^^^^^^^^^^^^^^^^^
    )
    ^
  File "C:\autoGeneratedApp\linkedInInformationCollection\.venv\Lib\site-packages\selenium\webdriver\chromium\webdriver.py", line 50, in __init__
    if finder.get_browser_path():
       ~~~~~~~~~~~~~~~~~~~~~~~^^
  File "C:\autoGeneratedApp\linkedInInformationCollection\.venv\Lib\site-packages\selenium\webdriver\common\driver_finder.py", line 47, in get_browser_path
    return self._binary_paths()["browser_path"]
           ~~~~~~~~~~~~~~~~~~^^
  File "C:\autoGeneratedApp\linkedInInformationCollection\.venv\Lib\site-packages\selenium\webdriver\common\driver_finder.py", line 78, in _binary_paths
    raise NoSuchDriverException(msg) from err
selenium.common.exceptions.NoSuchDriverException: Message: Unable to obtain driver for chrome; For documentation on this error, please visit: https://www.selenium.dev/documentation/webdriver/troubleshooting/errors/driver_location

2026-03-27 20:32:40,685 [INFO] __main__ - ▶ 开始检查新动态 …
2026-03-27 20:32:40,703 [WARNING] scraper - 未检测到 Chrome 可执行文件，将使用默认方式启动浏览器
2026-03-27 20:33:20,611 [INFO] undetected_chromedriver.patcher - patching driver executable C:\Users\ANGUTANG\appdata\roaming\undetected_chromedriver\undetected_chromedriver.exe
2026-03-27 20:33:21,911 [WARNING] scraper - undetected_chromedriver 初始化失败，回退到 Selenium Chrome 驱动: Binary Location Must be a String
2026-03-27 20:33:22,076 [ERROR] __main__ - 抓取过程出现未预期错误: Message: Unable to obtain driver for chrome; For documentation on this error, please visit: https://www.selenium.dev/documentation/webdriver/troubleshooting/errors/driver_location
Traceback (most recent call last):
  File "C:\autoGeneratedApp\linkedInInformationCollection\scraper.py", line 174, in _init_driver
    options.add_argument("--window-size=1920,1080")
                       ^^^^^^^^^^^^^^^^^^^^^^^^^^
  File "C:\autoGeneratedApp\linkedInInformationCollection\.venv\Lib\site-packages\undetected_chromedriver\__init__.py", line 372, in __init__
    options.binary_location = (
    ^^^^^^^^^^^^^^^^^^^^^^^
  File "C:\autoGeneratedApp\linkedInInformationCollection\.venv\Lib\site-packages\selenium\webdriver\chromium\options.py", line 52, in binary_location
    raise TypeError(self.BINARY_LOCATION_ERROR)
TypeError: Binary Location Must be a String

During handling of the above exception, another exception occurred:

Traceback (most recent call last):
  File "C:\autoGeneratedApp\linkedInInformationCollection\.venv\Lib\site-packages\selenium\webdriver\common\driver_finder.py", line 75, in _binary_paths
    raise ValueError(f"The browser path is not a valid file: {output['browser_path']}")
ValueError: The browser path is not a valid file: 

The above exception was the direct cause of the following exception:

Traceback (most recent call last):
  File "C:\autoGeneratedApp\linkedInInformationCollection\main.py", line 42, in check_for_new_posts
    with LinkedInScraper(
         ~~~~~~~~~~~~~~~^
        email=config.LINKEDIN_EMAIL,
        ^^^^^^^^^^^^^^^^^^^^^^^^^^^^
        password=config.LINKEDIN_PASSWORD,
        ^^^^^^^^^^^^^^^^^^^^^^^^^^^^^^^^^^
        headless=config.HEADLESS,
        ^^^^^^^^^^^^^^^^^^^^^^^^^
    ) as scraper:
    ^
  File "C:\autoGeneratedApp\linkedInInformationCollection\scraper.py", line 76, in __enter__
    self._init_driver()
    ~~~~~~~~~~~~~~~~~^^
  File "C:\autoGeneratedApp\linkedInInformationCollection\scraper.py", line 185, in _init_driver
    @staticmethod
    
  File "C:\autoGeneratedApp\linkedInInformationCollection\.venv\Lib\site-packages\selenium\webdriver\chrome\webdriver.py", line 45, in __init__
    super().__init__(
    ~~~~~~~~~~~~~~~~^
        browser_name=DesiredCapabilities.CHROME["browserName"],
        ^^^^^^^^^^^^^^^^^^^^^^^^^^^^^^^^^^^^^^^^^^^^^^^^^^^^^^^
    ...<3 lines>...
        keep_alive=keep_alive,
        ^^^^^^^^^^^^^^^^^^^^^^
    )
    ^
  File "C:\autoGeneratedApp\linkedInInformationCollection\.venv\Lib\site-packages\selenium\webdriver\chromium\webdriver.py", line 50, in __init__
    if finder.get_browser_path():
       ~~~~~~~~~~~~~~~~~~~~~~~^^
  File "C:\autoGeneratedApp\linkedInInformationCollection\.venv\Lib\site-packages\selenium\webdriver\common\driver_finder.py", line 47, in get_browser_path
    return self._binary_paths()["browser_path"]
           ~~~~~~~~~~~~~~~~~~^^
  File "C:\autoGeneratedApp\linkedInInformationCollection\.venv\Lib\site-packages\selenium\webdriver\common\driver_finder.py", line 78, in _binary_paths
    raise NoSuchDriverException(msg) from err
selenium.common.exceptions.NoSuchDriverException: Message: Unable to obtain driver for chrome; For documentation on this error, please visit: https://www.selenium.dev/documentation/webdriver/troubleshooting/errors/driver_location

2026-03-27 20:38:52,067 [INFO] __main__ - ▶ 开始检查新动态 …
2026-03-27 20:38:52,085 [WARNING] scraper - 未检测到 Chrome 可执行文件，将使用默认方式启动浏览器
2026-03-27 20:39:27,258 [INFO] undetected_chromedriver.patcher - patching driver executable C:\Users\ANGUTANG\appdata\roaming\undetected_chromedriver\undetected_chromedriver.exe
2026-03-27 20:39:28,812 [WARNING] scraper - undetected_chromedriver 初始化失败，回退到 Selenium Chrome 驱动: Binary Location Must be a String
2026-03-27 20:39:29,034 [ERROR] __main__ - 抓取过程出现未预期错误: Message: Unable to obtain driver for chrome; For documentation on this error, please visit: https://www.selenium.dev/documentation/webdriver/troubleshooting/errors/driver_location
Traceback (most recent call last):
  File "C:\autoGeneratedApp\linkedInInformationCollection\scraper.py", line 174, in _init_driver
    options.add_argument("--window-size=1920,1080")
                       ^^^^^^^^^^^^^^^^^^^^^^^^^^
  File "C:\autoGeneratedApp\linkedInInformationCollection\.venv\Lib\site-packages\undetected_chromedriver\__init__.py", line 372, in __init__
    options.binary_location = (
    ^^^^^^^^^^^^^^^^^^^^^^^
  File "C:\autoGeneratedApp\linkedInInformationCollection\.venv\Lib\site-packages\selenium\webdriver\chromium\options.py", line 52, in binary_location
    raise TypeError(self.BINARY_LOCATION_ERROR)
TypeError: Binary Location Must be a String

During handling of the above exception, another exception occurred:

Traceback (most recent call last):
  File "C:\autoGeneratedApp\linkedInInformationCollection\.venv\Lib\site-packages\selenium\webdriver\common\driver_finder.py", line 75, in _binary_paths
    raise ValueError(f"The browser path is not a valid file: {output['browser_path']}")
ValueError: The browser path is not a valid file: 

The above exception was the direct cause of the following exception:

Traceback (most recent call last):
  File "C:\autoGeneratedApp\linkedInInformationCollection\main.py", line 42, in check_for_new_posts
    with LinkedInScraper(
         ~~~~~~~~~~~~~~~^
        email=config.LINKEDIN_EMAIL,
        ^^^^^^^^^^^^^^^^^^^^^^^^^^^^
        password=config.LINKEDIN_PASSWORD,
        ^^^^^^^^^^^^^^^^^^^^^^^^^^^^^^^^^^
        headless=config.HEADLESS,
        ^^^^^^^^^^^^^^^^^^^^^^^^^
    ) as scraper:
    ^
  File "C:\autoGeneratedApp\linkedInInformationCollection\scraper.py", line 76, in __enter__
    self._init_driver()
    ~~~~~~~~~~~~~~~~~^^
  File "C:\autoGeneratedApp\linkedInInformationCollection\scraper.py", line 185, in _init_driver
    @staticmethod
    
  File "C:\autoGeneratedApp\linkedInInformationCollection\.venv\Lib\site-packages\selenium\webdriver\chrome\webdriver.py", line 45, in __init__
    super().__init__(
    ~~~~~~~~~~~~~~~~^
        browser_name=DesiredCapabilities.CHROME["browserName"],
        ^^^^^^^^^^^^^^^^^^^^^^^^^^^^^^^^^^^^^^^^^^^^^^^^^^^^^^^
    ...<3 lines>...
        keep_alive=keep_alive,
        ^^^^^^^^^^^^^^^^^^^^^^
    )
    ^
  File "C:\autoGeneratedApp\linkedInInformationCollection\.venv\Lib\site-packages\selenium\webdriver\chromium\webdriver.py", line 50, in __init__
    if finder.get_browser_path():
       ~~~~~~~~~~~~~~~~~~~~~~~^^
  File "C:\autoGeneratedApp\linkedInInformationCollection\.venv\Lib\site-packages\selenium\webdriver\common\driver_finder.py", line 47, in get_browser_path
    return self._binary_paths()["browser_path"]
           ~~~~~~~~~~~~~~~~~~^^
  File "C:\autoGeneratedApp\linkedInInformationCollection\.venv\Lib\site-packages\selenium\webdriver\common\driver_finder.py", line 78, in _binary_paths
    raise NoSuchDriverException(msg) from err
selenium.common.exceptions.NoSuchDriverException: Message: Unable to obtain driver for chrome; For documentation on this error, please visit: https://www.selenium.dev/documentation/webdriver/troubleshooting/errors/driver_location

2026-03-27 20:44:59,026 [INFO] __main__ - ▶ 开始检查新动态 …
2026-03-27 20:44:59,045 [WARNING] scraper - 未检测到 Chrome 可执行文件，将使用默认方式启动浏览器
2026-03-27 20:45:41,294 [INFO] undetected_chromedriver.patcher - patching driver executable C:\Users\ANGUTANG\appdata\roaming\undetected_chromedriver\undetected_chromedriver.exe
2026-03-27 20:45:42,650 [WARNING] scraper - undetected_chromedriver 初始化失败，回退到 Selenium Chrome 驱动: Binary Location Must be a String
2026-03-27 20:45:43,437 [ERROR] __main__ - 抓取过程出现未预期错误: Message: Unable to obtain driver for chrome; For documentation on this error, please visit: https://www.selenium.dev/documentation/webdriver/troubleshooting/errors/driver_location
Traceback (most recent call last):
  File "C:\autoGeneratedApp\linkedInInformationCollection\scraper.py", line 174, in _init_driver
    options.add_argument("--window-size=1920,1080")
                       ^^^^^^^^^^^^^^^^^^^^^^^^^^
  File "C:\autoGeneratedApp\linkedInInformationCollection\.venv\Lib\site-packages\undetected_chromedriver\__init__.py", line 372, in __init__
    options.binary_location = (
    ^^^^^^^^^^^^^^^^^^^^^^^
  File "C:\autoGeneratedApp\linkedInInformationCollection\.venv\Lib\site-packages\selenium\webdriver\chromium\options.py", line 52, in binary_location
    raise TypeError(self.BINARY_LOCATION_ERROR)
TypeError: Binary Location Must be a String

During handling of the above exception, another exception occurred:

Traceback (most recent call last):
  File "C:\autoGeneratedApp\linkedInInformationCollection\.venv\Lib\site-packages\selenium\webdriver\common\driver_finder.py", line 75, in _binary_paths
    raise ValueError(f"The browser path is not a valid file: {output['browser_path']}")
ValueError: The browser path is not a valid file: 

The above exception was the direct cause of the following exception:

Traceback (most recent call last):
  File "C:\autoGeneratedApp\linkedInInformationCollection\main.py", line 42, in check_for_new_posts
    with LinkedInScraper(
         ~~~~~~~~~~~~~~~^
        email=config.LINKEDIN_EMAIL,
        ^^^^^^^^^^^^^^^^^^^^^^^^^^^^
        password=config.LINKEDIN_PASSWORD,
        ^^^^^^^^^^^^^^^^^^^^^^^^^^^^^^^^^^
        headless=config.HEADLESS,
        ^^^^^^^^^^^^^^^^^^^^^^^^^
    ) as scraper:
    ^
  File "C:\autoGeneratedApp\linkedInInformationCollection\scraper.py", line 76, in __enter__
    self._init_driver()
    ~~~~~~~~~~~~~~~~~^^
  File "C:\autoGeneratedApp\linkedInInformationCollection\scraper.py", line 185, in _init_driver
    @staticmethod
    
  File "C:\autoGeneratedApp\linkedInInformationCollection\.venv\Lib\site-packages\selenium\webdriver\chrome\webdriver.py", line 45, in __init__
    super().__init__(
    ~~~~~~~~~~~~~~~~^
        browser_name=DesiredCapabilities.CHROME["browserName"],
        ^^^^^^^^^^^^^^^^^^^^^^^^^^^^^^^^^^^^^^^^^^^^^^^^^^^^^^^
    ...<3 lines>...
        keep_alive=keep_alive,
        ^^^^^^^^^^^^^^^^^^^^^^
    )
    ^
  File "C:\autoGeneratedApp\linkedInInformationCollection\.venv\Lib\site-packages\selenium\webdriver\chromium\webdriver.py", line 50, in __init__
    if finder.get_browser_path():
       ~~~~~~~~~~~~~~~~~~~~~~~^^
  File "C:\autoGeneratedApp\linkedInInformationCollection\.venv\Lib\site-packages\selenium\webdriver\common\driver_finder.py", line 47, in get_browser_path
    return self._binary_paths()["browser_path"]
           ~~~~~~~~~~~~~~~~~~^^
  File "C:\autoGeneratedApp\linkedInInformationCollection\.venv\Lib\site-packages\selenium\webdriver\common\driver_finder.py", line 78, in _binary_paths
    raise NoSuchDriverException(msg) from err
selenium.common.exceptions.NoSuchDriverException: Message: Unable to obtain driver for chrome; For documentation on this error, please visit: https://www.selenium.dev/documentation/webdriver/troubleshooting/errors/driver_location

2026-03-27 20:51:13,428 [INFO] __main__ - ▶ 开始检查新动态 …
2026-03-27 20:51:13,446 [WARNING] scraper - 未检测到 Chrome 可执行文件，将使用默认方式启动浏览器
2026-03-27 20:51:52,856 [INFO] undetected_chromedriver.patcher - patching driver executable C:\Users\ANGUTANG\appdata\roaming\undetected_chromedriver\undetected_chromedriver.exe
2026-03-27 20:51:54,241 [WARNING] scraper - undetected_chromedriver 初始化失败，回退到 Selenium Chrome 驱动: Binary Location Must be a String
2026-03-27 20:51:54,432 [ERROR] __main__ - 抓取过程出现未预期错误: Message: Unable to obtain driver for chrome; For documentation on this error, please visit: https://www.selenium.dev/documentation/webdriver/troubleshooting/errors/driver_location
Traceback (most recent call last):
  File "C:\autoGeneratedApp\linkedInInformationCollection\scraper.py", line 174, in _init_driver
    options.add_argument("--window-size=1920,1080")
                       ^^^^^^^^^^^^^^^^^^^^^^^^^^
  File "C:\autoGeneratedApp\linkedInInformationCollection\.venv\Lib\site-packages\undetected_chromedriver\__init__.py", line 372, in __init__
    options.binary_location = (
    ^^^^^^^^^^^^^^^^^^^^^^^
  File "C:\autoGeneratedApp\linkedInInformationCollection\.venv\Lib\site-packages\selenium\webdriver\chromium\options.py", line 52, in binary_location
    raise TypeError(self.BINARY_LOCATION_ERROR)
TypeError: Binary Location Must be a String

During handling of the above exception, another exception occurred:

Traceback (most recent call last):
  File "C:\autoGeneratedApp\linkedInInformationCollection\.venv\Lib\site-packages\selenium\webdriver\common\driver_finder.py", line 75, in _binary_paths
    raise ValueError(f"The browser path is not a valid file: {output['browser_path']}")
ValueError: The browser path is not a valid file: 

The above exception was the direct cause of the following exception:

Traceback (most recent call last):
  File "C:\autoGeneratedApp\linkedInInformationCollection\main.py", line 42, in check_for_new_posts
    with LinkedInScraper(
         ~~~~~~~~~~~~~~~^
        email=config.LINKEDIN_EMAIL,
        ^^^^^^^^^^^^^^^^^^^^^^^^^^^^
        password=config.LINKEDIN_PASSWORD,
        ^^^^^^^^^^^^^^^^^^^^^^^^^^^^^^^^^^
        headless=config.HEADLESS,
        ^^^^^^^^^^^^^^^^^^^^^^^^^
    ) as scraper:
    ^
  File "C:\autoGeneratedApp\linkedInInformationCollection\scraper.py", line 76, in __enter__
    self._init_driver()
    ~~~~~~~~~~~~~~~~~^^
  File "C:\autoGeneratedApp\linkedInInformationCollection\scraper.py", line 185, in _init_driver
    @staticmethod
    
  File "C:\autoGeneratedApp\linkedInInformationCollection\.venv\Lib\site-packages\selenium\webdriver\chrome\webdriver.py", line 45, in __init__
    super().__init__(
    ~~~~~~~~~~~~~~~~^
        browser_name=DesiredCapabilities.CHROME["browserName"],
        ^^^^^^^^^^^^^^^^^^^^^^^^^^^^^^^^^^^^^^^^^^^^^^^^^^^^^^^
    ...<3 lines>...
        keep_alive=keep_alive,
        ^^^^^^^^^^^^^^^^^^^^^^
    )
    ^
  File "C:\autoGeneratedApp\linkedInInformationCollection\.venv\Lib\site-packages\selenium\webdriver\chromium\webdriver.py", line 50, in __init__
    if finder.get_browser_path():
       ~~~~~~~~~~~~~~~~~~~~~~~^^
  File "C:\autoGeneratedApp\linkedInInformationCollection\.venv\Lib\site-packages\selenium\webdriver\common\driver_finder.py", line 47, in get_browser_path
    return self._binary_paths()["browser_path"]
           ~~~~~~~~~~~~~~~~~~^^
  File "C:\autoGeneratedApp\linkedInInformationCollection\.venv\Lib\site-packages\selenium\webdriver\common\driver_finder.py", line 78, in _binary_paths
    raise NoSuchDriverException(msg) from err
selenium.common.exceptions.NoSuchDriverException: Message: Unable to obtain driver for chrome; For documentation on this error, please visit: https://www.selenium.dev/documentation/webdriver/troubleshooting/errors/driver_location

2026-03-27 20:57:24,424 [INFO] __main__ - ▶ 开始检查新动态 …
2026-03-27 20:57:24,444 [WARNING] scraper - 未检测到 Chrome 可执行文件，将使用默认方式启动浏览器
2026-03-27 20:57:58,324 [INFO] undetected_chromedriver.patcher - patching driver executable C:\Users\ANGUTANG\appdata\roaming\undetected_chromedriver\undetected_chromedriver.exe
2026-03-27 20:57:59,724 [WARNING] scraper - undetected_chromedriver 初始化失败，回退到 Selenium Chrome 驱动: Binary Location Must be a String
2026-03-27 20:57:59,946 [ERROR] __main__ - 抓取过程出现未预期错误: Message: Unable to obtain driver for chrome; For documentation on this error, please visit: https://www.selenium.dev/documentation/webdriver/troubleshooting/errors/driver_location
Traceback (most recent call last):
  File "C:\autoGeneratedApp\linkedInInformationCollection\scraper.py", line 174, in _init_driver
    options.add_argument("--window-size=1920,1080")
                       ^^^^^^^^^^^^^^^^^^^^^^^^^^
  File "C:\autoGeneratedApp\linkedInInformationCollection\.venv\Lib\site-packages\undetected_chromedriver\__init__.py", line 372, in __init__
    options.binary_location = (
    ^^^^^^^^^^^^^^^^^^^^^^^
  File "C:\autoGeneratedApp\linkedInInformationCollection\.venv\Lib\site-packages\selenium\webdriver\chromium\options.py", line 52, in binary_location
    raise TypeError(self.BINARY_LOCATION_ERROR)
TypeError: Binary Location Must be a String

During handling of the above exception, another exception occurred:

Traceback (most recent call last):
  File "C:\autoGeneratedApp\linkedInInformationCollection\.venv\Lib\site-packages\selenium\webdriver\common\driver_finder.py", line 75, in _binary_paths
    raise ValueError(f"The browser path is not a valid file: {output['browser_path']}")
ValueError: The browser path is not a valid file: 

The above exception was the direct cause of the following exception:

Traceback (most recent call last):
  File "C:\autoGeneratedApp\linkedInInformationCollection\main.py", line 42, in check_for_new_posts
    with LinkedInScraper(
         ~~~~~~~~~~~~~~~^
        email=config.LINKEDIN_EMAIL,
        ^^^^^^^^^^^^^^^^^^^^^^^^^^^^
        password=config.LINKEDIN_PASSWORD,
        ^^^^^^^^^^^^^^^^^^^^^^^^^^^^^^^^^^
        headless=config.HEADLESS,
        ^^^^^^^^^^^^^^^^^^^^^^^^^
    ) as scraper:
    ^
  File "C:\autoGeneratedApp\linkedInInformationCollection\scraper.py", line 76, in __enter__
    self._init_driver()
    ~~~~~~~~~~~~~~~~~^^
  File "C:\autoGeneratedApp\linkedInInformationCollection\scraper.py", line 185, in _init_driver
    @staticmethod
    
  File "C:\autoGeneratedApp\linkedInInformationCollection\.venv\Lib\site-packages\selenium\webdriver\chrome\webdriver.py", line 45, in __init__
    super().__init__(
    ~~~~~~~~~~~~~~~~^
        browser_name=DesiredCapabilities.CHROME["browserName"],
        ^^^^^^^^^^^^^^^^^^^^^^^^^^^^^^^^^^^^^^^^^^^^^^^^^^^^^^^
    ...<3 lines>...
        keep_alive=keep_alive,
        ^^^^^^^^^^^^^^^^^^^^^^
    )
    ^
  File "C:\autoGeneratedApp\linkedInInformationCollection\.venv\Lib\site-packages\selenium\webdriver\chromium\webdriver.py", line 50, in __init__
    if finder.get_browser_path():
       ~~~~~~~~~~~~~~~~~~~~~~~^^
  File "C:\autoGeneratedApp\linkedInInformationCollection\.venv\Lib\site-packages\selenium\webdriver\common\driver_finder.py", line 47, in get_browser_path
    return self._binary_paths()["browser_path"]
           ~~~~~~~~~~~~~~~~~~^^
  File "C:\autoGeneratedApp\linkedInInformationCollection\.venv\Lib\site-packages\selenium\webdriver\common\driver_finder.py", line 78, in _binary_paths
    raise NoSuchDriverException(msg) from err
selenium.common.exceptions.NoSuchDriverException: Message: Unable to obtain driver for chrome; For documentation on this error, please visit: https://www.selenium.dev/documentation/webdriver/troubleshooting/errors/driver_location

2026-03-27 21:03:29,942 [INFO] __main__ - ▶ 开始检查新动态 …
2026-03-27 21:03:29,961 [WARNING] scraper - 未检测到 Chrome 可执行文件，将使用默认方式启动浏览器
2026-03-27 21:04:08,142 [INFO] undetected_chromedriver.patcher - patching driver executable C:\Users\ANGUTANG\appdata\roaming\undetected_chromedriver\undetected_chromedriver.exe
2026-03-27 21:04:09,712 [WARNING] scraper - undetected_chromedriver 初始化失败，回退到 Selenium Chrome 驱动: Binary Location Must be a String
2026-03-27 21:04:09,892 [ERROR] __main__ - 抓取过程出现未预期错误: Message: Unable to obtain driver for chrome; For documentation on this error, please visit: https://www.selenium.dev/documentation/webdriver/troubleshooting/errors/driver_location
Traceback (most recent call last):
  File "C:\autoGeneratedApp\linkedInInformationCollection\scraper.py", line 174, in _init_driver
    options.add_argument("--window-size=1920,1080")
                       ^^^^^^^^^^^^^^^^^^^^^^^^^^
  File "C:\autoGeneratedApp\linkedInInformationCollection\.venv\Lib\site-packages\undetected_chromedriver\__init__.py", line 372, in __init__
    options.binary_location = (
    ^^^^^^^^^^^^^^^^^^^^^^^
  File "C:\autoGeneratedApp\linkedInInformationCollection\.venv\Lib\site-packages\selenium\webdriver\chromium\options.py", line 52, in binary_location
    raise TypeError(self.BINARY_LOCATION_ERROR)
TypeError: Binary Location Must be a String

During handling of the above exception, another exception occurred:

Traceback (most recent call last):
  File "C:\autoGeneratedApp\linkedInInformationCollection\.venv\Lib\site-packages\selenium\webdriver\common\driver_finder.py", line 75, in _binary_paths
    raise ValueError(f"The browser path is not a valid file: {output['browser_path']}")
ValueError: The browser path is not a valid file: 

The above exception was the direct cause of the following exception:

Traceback (most recent call last):
  File "C:\autoGeneratedApp\linkedInInformationCollection\main.py", line 42, in check_for_new_posts
    with LinkedInScraper(
         ~~~~~~~~~~~~~~~^
        email=config.LINKEDIN_EMAIL,
        ^^^^^^^^^^^^^^^^^^^^^^^^^^^^
        password=config.LINKEDIN_PASSWORD,
        ^^^^^^^^^^^^^^^^^^^^^^^^^^^^^^^^^^
        headless=config.HEADLESS,
        ^^^^^^^^^^^^^^^^^^^^^^^^^
    ) as scraper:
    ^
  File "C:\autoGeneratedApp\linkedInInformationCollection\scraper.py", line 76, in __enter__
    self._init_driver()
    ~~~~~~~~~~~~~~~~~^^
  File "C:\autoGeneratedApp\linkedInInformationCollection\scraper.py", line 185, in _init_driver
    @staticmethod
    
  File "C:\autoGeneratedApp\linkedInInformationCollection\.venv\Lib\site-packages\selenium\webdriver\chrome\webdriver.py", line 45, in __init__
    super().__init__(
    ~~~~~~~~~~~~~~~~^
        browser_name=DesiredCapabilities.CHROME["browserName"],
        ^^^^^^^^^^^^^^^^^^^^^^^^^^^^^^^^^^^^^^^^^^^^^^^^^^^^^^^
    ...<3 lines>...
        keep_alive=keep_alive,
        ^^^^^^^^^^^^^^^^^^^^^^
    )
    ^
  File "C:\autoGeneratedApp\linkedInInformationCollection\.venv\Lib\site-packages\selenium\webdriver\chromium\webdriver.py", line 50, in __init__
    if finder.get_browser_path():
       ~~~~~~~~~~~~~~~~~~~~~~~^^
  File "C:\autoGeneratedApp\linkedInInformationCollection\.venv\Lib\site-packages\selenium\webdriver\common\driver_finder.py", line 47, in get_browser_path
    return self._binary_paths()["browser_path"]
           ~~~~~~~~~~~~~~~~~~^^
  File "C:\autoGeneratedApp\linkedInInformationCollection\.venv\Lib\site-packages\selenium\webdriver\common\driver_finder.py", line 78, in _binary_paths
    raise NoSuchDriverException(msg) from err
selenium.common.exceptions.NoSuchDriverException: Message: Unable to obtain driver for chrome; For documentation on this error, please visit: https://www.selenium.dev/documentation/webdriver/troubleshooting/errors/driver_location

2026-03-27 21:09:39,892 [INFO] __main__ - ▶ 开始检查新动态 …
2026-03-27 21:09:39,910 [WARNING] scraper - 未检测到 Chrome 可执行文件，将使用默认方式启动浏览器
2026-03-27 21:10:15,513 [INFO] undetected_chromedriver.patcher - patching driver executable C:\Users\ANGUTANG\appdata\roaming\undetected_chromedriver\undetected_chromedriver.exe
2026-03-27 21:10:16,922 [WARNING] scraper - undetected_chromedriver 初始化失败，回退到 Selenium Chrome 驱动: Binary Location Must be a String
2026-03-27 21:10:17,111 [ERROR] __main__ - 抓取过程出现未预期错误: Message: Unable to obtain driver for chrome; For documentation on this error, please visit: https://www.selenium.dev/documentation/webdriver/troubleshooting/errors/driver_location
Traceback (most recent call last):
  File "C:\autoGeneratedApp\linkedInInformationCollection\scraper.py", line 174, in _init_driver
    options.add_argument("--window-size=1920,1080")
                       ^^^^^^^^^^^^^^^^^^^^^^^^^^
  File "C:\autoGeneratedApp\linkedInInformationCollection\.venv\Lib\site-packages\undetected_chromedriver\__init__.py", line 372, in __init__
    options.binary_location = (
    ^^^^^^^^^^^^^^^^^^^^^^^
  File "C:\autoGeneratedApp\linkedInInformationCollection\.venv\Lib\site-packages\selenium\webdriver\chromium\options.py", line 52, in binary_location
    raise TypeError(self.BINARY_LOCATION_ERROR)
TypeError: Binary Location Must be a String

During handling of the above exception, another exception occurred:

Traceback (most recent call last):
  File "C:\autoGeneratedApp\linkedInInformationCollection\.venv\Lib\site-packages\selenium\webdriver\common\driver_finder.py", line 75, in _binary_paths
    raise ValueError(f"The browser path is not a valid file: {output['browser_path']}")
ValueError: The browser path is not a valid file: 

The above exception was the direct cause of the following exception:

Traceback (most recent call last):
  File "C:\autoGeneratedApp\linkedInInformationCollection\main.py", line 42, in check_for_new_posts
    with LinkedInScraper(
         ~~~~~~~~~~~~~~~^
        email=config.LINKEDIN_EMAIL,
        ^^^^^^^^^^^^^^^^^^^^^^^^^^^^
        password=config.LINKEDIN_PASSWORD,
        ^^^^^^^^^^^^^^^^^^^^^^^^^^^^^^^^^^
        headless=config.HEADLESS,
        ^^^^^^^^^^^^^^^^^^^^^^^^^
    ) as scraper:
    ^
  File "C:\autoGeneratedApp\linkedInInformationCollection\scraper.py", line 76, in __enter__
    self._init_driver()
    ~~~~~~~~~~~~~~~~~^^
  File "C:\autoGeneratedApp\linkedInInformationCollection\scraper.py", line 185, in _init_driver
    @staticmethod
    
  File "C:\autoGeneratedApp\linkedInInformationCollection\.venv\Lib\site-packages\selenium\webdriver\chrome\webdriver.py", line 45, in __init__
    super().__init__(
    ~~~~~~~~~~~~~~~~^
        browser_name=DesiredCapabilities.CHROME["browserName"],
        ^^^^^^^^^^^^^^^^^^^^^^^^^^^^^^^^^^^^^^^^^^^^^^^^^^^^^^^
    ...<3 lines>...
        keep_alive=keep_alive,
        ^^^^^^^^^^^^^^^^^^^^^^
    )
    ^
  File "C:\autoGeneratedApp\linkedInInformationCollection\.venv\Lib\site-packages\selenium\webdriver\chromium\webdriver.py", line 50, in __init__
    if finder.get_browser_path():
       ~~~~~~~~~~~~~~~~~~~~~~~^^
  File "C:\autoGeneratedApp\linkedInInformationCollection\.venv\Lib\site-packages\selenium\webdriver\common\driver_finder.py", line 47, in get_browser_path
    return self._binary_paths()["browser_path"]
           ~~~~~~~~~~~~~~~~~~^^
  File "C:\autoGeneratedApp\linkedInInformationCollection\.venv\Lib\site-packages\selenium\webdriver\common\driver_finder.py", line 78, in _binary_paths
    raise NoSuchDriverException(msg) from err
selenium.common.exceptions.NoSuchDriverException: Message: Unable to obtain driver for chrome; For documentation on this error, please visit: https://www.selenium.dev/documentation/webdriver/troubleshooting/errors/driver_location

2026-03-27 21:15:47,114 [INFO] __main__ - ▶ 开始检查新动态 …
2026-03-27 21:15:47,141 [WARNING] scraper - 未检测到 Chrome 可执行文件，将使用默认方式启动浏览器
2026-03-27 21:16:29,362 [INFO] undetected_chromedriver.patcher - patching driver executable C:\Users\ANGUTANG\appdata\roaming\undetected_chromedriver\undetected_chromedriver.exe
2026-03-27 21:16:30,671 [WARNING] scraper - undetected_chromedriver 初始化失败，回退到 Selenium Chrome 驱动: Binary Location Must be a String
2026-03-27 21:16:30,853 [ERROR] __main__ - 抓取过程出现未预期错误: Message: Unable to obtain driver for chrome; For documentation on this error, please visit: https://www.selenium.dev/documentation/webdriver/troubleshooting/errors/driver_location
Traceback (most recent call last):
  File "C:\autoGeneratedApp\linkedInInformationCollection\scraper.py", line 174, in _init_driver
    options.add_argument("--window-size=1920,1080")
                       ^^^^^^^^^^^^^^^^^^^^^^^^^^
  File "C:\autoGeneratedApp\linkedInInformationCollection\.venv\Lib\site-packages\undetected_chromedriver\__init__.py", line 372, in __init__
    options.binary_location = (
    ^^^^^^^^^^^^^^^^^^^^^^^
  File "C:\autoGeneratedApp\linkedInInformationCollection\.venv\Lib\site-packages\selenium\webdriver\chromium\options.py", line 52, in binary_location
    raise TypeError(self.BINARY_LOCATION_ERROR)
TypeError: Binary Location Must be a String

During handling of the above exception, another exception occurred:

Traceback (most recent call last):
  File "C:\autoGeneratedApp\linkedInInformationCollection\.venv\Lib\site-packages\selenium\webdriver\common\driver_finder.py", line 75, in _binary_paths
    raise ValueError(f"The browser path is not a valid file: {output['browser_path']}")
ValueError: The browser path is not a valid file: 

The above exception was the direct cause of the following exception:

Traceback (most recent call last):
  File "C:\autoGeneratedApp\linkedInInformationCollection\main.py", line 42, in check_for_new_posts
    with LinkedInScraper(
         ~~~~~~~~~~~~~~~^
        email=config.LINKEDIN_EMAIL,
        ^^^^^^^^^^^^^^^^^^^^^^^^^^^^
        password=config.LINKEDIN_PASSWORD,
        ^^^^^^^^^^^^^^^^^^^^^^^^^^^^^^^^^^
        headless=config.HEADLESS,
        ^^^^^^^^^^^^^^^^^^^^^^^^^
    ) as scraper:
    ^
  File "C:\autoGeneratedApp\linkedInInformationCollection\scraper.py", line 76, in __enter__
    self._init_driver()
    ~~~~~~~~~~~~~~~~~^^
  File "C:\autoGeneratedApp\linkedInInformationCollection\scraper.py", line 185, in _init_driver
    @staticmethod
    
  File "C:\autoGeneratedApp\linkedInInformationCollection\.venv\Lib\site-packages\selenium\webdriver\chrome\webdriver.py", line 45, in __init__
    super().__init__(
    ~~~~~~~~~~~~~~~~^
        browser_name=DesiredCapabilities.CHROME["browserName"],
        ^^^^^^^^^^^^^^^^^^^^^^^^^^^^^^^^^^^^^^^^^^^^^^^^^^^^^^^
    ...<3 lines>...
        keep_alive=keep_alive,
        ^^^^^^^^^^^^^^^^^^^^^^
    )
    ^
  File "C:\autoGeneratedApp\linkedInInformationCollection\.venv\Lib\site-packages\selenium\webdriver\chromium\webdriver.py", line 50, in __init__
    if finder.get_browser_path():
       ~~~~~~~~~~~~~~~~~~~~~~~^^
  File "C:\autoGeneratedApp\linkedInInformationCollection\.venv\Lib\site-packages\selenium\webdriver\common\driver_finder.py", line 47, in get_browser_path
    return self._binary_paths()["browser_path"]
           ~~~~~~~~~~~~~~~~~~^^
  File "C:\autoGeneratedApp\linkedInInformationCollection\.venv\Lib\site-packages\selenium\webdriver\common\driver_finder.py", line 78, in _binary_paths
    raise NoSuchDriverException(msg) from err
selenium.common.exceptions.NoSuchDriverException: Message: Unable to obtain driver for chrome; For documentation on this error, please visit: https://www.selenium.dev/documentation/webdriver/troubleshooting/errors/driver_location

2026-03-27 21:22:00,852 [INFO] __main__ - ▶ 开始检查新动态 …
2026-03-27 21:22:00,872 [WARNING] scraper - 未检测到 Chrome 可执行文件，将使用默认方式启动浏览器
2026-03-27 21:22:34,927 [INFO] undetected_chromedriver.patcher - patching driver executable C:\Users\ANGUTANG\appdata\roaming\undetected_chromedriver\undetected_chromedriver.exe
2026-03-27 21:22:36,207 [WARNING] scraper - undetected_chromedriver 初始化失败，回退到 Selenium Chrome 驱动: Binary Location Must be a String
2026-03-27 21:22:36,432 [ERROR] __main__ - 抓取过程出现未预期错误: Message: Unable to obtain driver for chrome; For documentation on this error, please visit: https://www.selenium.dev/documentation/webdriver/troubleshooting/errors/driver_location
Traceback (most recent call last):
  File "C:\autoGeneratedApp\linkedInInformationCollection\scraper.py", line 174, in _init_driver
    options.add_argument("--window-size=1920,1080")
                       ^^^^^^^^^^^^^^^^^^^^^^^^^^
  File "C:\autoGeneratedApp\linkedInInformationCollection\.venv\Lib\site-packages\undetected_chromedriver\__init__.py", line 372, in __init__
    options.binary_location = (
    ^^^^^^^^^^^^^^^^^^^^^^^
  File "C:\autoGeneratedApp\linkedInInformationCollection\.venv\Lib\site-packages\selenium\webdriver\chromium\options.py", line 52, in binary_location
    raise TypeError(self.BINARY_LOCATION_ERROR)
TypeError: Binary Location Must be a String

During handling of the above exception, another exception occurred:

Traceback (most recent call last):
  File "C:\autoGeneratedApp\linkedInInformationCollection\.venv\Lib\site-packages\selenium\webdriver\common\driver_finder.py", line 75, in _binary_paths
    raise ValueError(f"The browser path is not a valid file: {output['browser_path']}")
ValueError: The browser path is not a valid file: 

The above exception was the direct cause of the following exception:

Traceback (most recent call last):
  File "C:\autoGeneratedApp\linkedInInformationCollection\main.py", line 42, in check_for_new_posts
    with LinkedInScraper(
         ~~~~~~~~~~~~~~~^
        email=config.LINKEDIN_EMAIL,
        ^^^^^^^^^^^^^^^^^^^^^^^^^^^^
        password=config.LINKEDIN_PASSWORD,
        ^^^^^^^^^^^^^^^^^^^^^^^^^^^^^^^^^^
        headless=config.HEADLESS,
        ^^^^^^^^^^^^^^^^^^^^^^^^^
    ) as scraper:
    ^
  File "C:\autoGeneratedApp\linkedInInformationCollection\scraper.py", line 76, in __enter__
    self._init_driver()
    ~~~~~~~~~~~~~~~~~^^
  File "C:\autoGeneratedApp\linkedInInformationCollection\scraper.py", line 185, in _init_driver
    @staticmethod
    
  File "C:\autoGeneratedApp\linkedInInformationCollection\.venv\Lib\site-packages\selenium\webdriver\chrome\webdriver.py", line 45, in __init__
    super().__init__(
    ~~~~~~~~~~~~~~~~^
        browser_name=DesiredCapabilities.CHROME["browserName"],
        ^^^^^^^^^^^^^^^^^^^^^^^^^^^^^^^^^^^^^^^^^^^^^^^^^^^^^^^
    ...<3 lines>...
        keep_alive=keep_alive,
        ^^^^^^^^^^^^^^^^^^^^^^
    )
    ^
  File "C:\autoGeneratedApp\linkedInInformationCollection\.venv\Lib\site-packages\selenium\webdriver\chromium\webdriver.py", line 50, in __init__
    if finder.get_browser_path():
       ~~~~~~~~~~~~~~~~~~~~~~~^^
  File "C:\autoGeneratedApp\linkedInInformationCollection\.venv\Lib\site-packages\selenium\webdriver\common\driver_finder.py", line 47, in get_browser_path
    return self._binary_paths()["browser_path"]
           ~~~~~~~~~~~~~~~~~~^^
  File "C:\autoGeneratedApp\linkedInInformationCollection\.venv\Lib\site-packages\selenium\webdriver\common\driver_finder.py", line 78, in _binary_paths
    raise NoSuchDriverException(msg) from err
selenium.common.exceptions.NoSuchDriverException: Message: Unable to obtain driver for chrome; For documentation on this error, please visit: https://www.selenium.dev/documentation/webdriver/troubleshooting/errors/driver_location

2026-03-27 21:28:06,434 [INFO] __main__ - ▶ 开始检查新动态 …
2026-03-27 21:28:06,457 [WARNING] scraper - 未检测到 Chrome 可执行文件，将使用默认方式启动浏览器
2026-03-27 21:28:41,707 [INFO] undetected_chromedriver.patcher - patching driver executable C:\Users\ANGUTANG\appdata\roaming\undetected_chromedriver\undetected_chromedriver.exe
2026-03-27 21:28:42,987 [WARNING] scraper - undetected_chromedriver 初始化失败，回退到 Selenium Chrome 驱动: Binary Location Must be a String
2026-03-27 21:28:43,195 [ERROR] __main__ - 抓取过程出现未预期错误: Message: Unable to obtain driver for chrome; For documentation on this error, please visit: https://www.selenium.dev/documentation/webdriver/troubleshooting/errors/driver_location
Traceback (most recent call last):
  File "C:\autoGeneratedApp\linkedInInformationCollection\scraper.py", line 174, in _init_driver
    options.add_argument("--window-size=1920,1080")
                       ^^^^^^^^^^^^^^^^^^^^^^^^^^
  File "C:\autoGeneratedApp\linkedInInformationCollection\.venv\Lib\site-packages\undetected_chromedriver\__init__.py", line 372, in __init__
    options.binary_location = (
    ^^^^^^^^^^^^^^^^^^^^^^^
  File "C:\autoGeneratedApp\linkedInInformationCollection\.venv\Lib\site-packages\selenium\webdriver\chromium\options.py", line 52, in binary_location
    raise TypeError(self.BINARY_LOCATION_ERROR)
TypeError: Binary Location Must be a String

During handling of the above exception, another exception occurred:

Traceback (most recent call last):
  File "C:\autoGeneratedApp\linkedInInformationCollection\.venv\Lib\site-packages\selenium\webdriver\common\driver_finder.py", line 75, in _binary_paths
    raise ValueError(f"The browser path is not a valid file: {output['browser_path']}")
ValueError: The browser path is not a valid file: 

The above exception was the direct cause of the following exception:

Traceback (most recent call last):
  File "C:\autoGeneratedApp\linkedInInformationCollection\main.py", line 42, in check_for_new_posts
    with LinkedInScraper(
         ~~~~~~~~~~~~~~~^
        email=config.LINKEDIN_EMAIL,
        ^^^^^^^^^^^^^^^^^^^^^^^^^^^^
        password=config.LINKEDIN_PASSWORD,
        ^^^^^^^^^^^^^^^^^^^^^^^^^^^^^^^^^^
        headless=config.HEADLESS,
        ^^^^^^^^^^^^^^^^^^^^^^^^^
    ) as scraper:
    ^
  File "C:\autoGeneratedApp\linkedInInformationCollection\scraper.py", line 76, in __enter__
    self._init_driver()
    ~~~~~~~~~~~~~~~~~^^
  File "C:\autoGeneratedApp\linkedInInformationCollection\scraper.py", line 185, in _init_driver
    @staticmethod
    
  File "C:\autoGeneratedApp\linkedInInformationCollection\.venv\Lib\site-packages\selenium\webdriver\chrome\webdriver.py", line 45, in __init__
    super().__init__(
    ~~~~~~~~~~~~~~~~^
        browser_name=DesiredCapabilities.CHROME["browserName"],
        ^^^^^^^^^^^^^^^^^^^^^^^^^^^^^^^^^^^^^^^^^^^^^^^^^^^^^^^
    ...<3 lines>...
        keep_alive=keep_alive,
        ^^^^^^^^^^^^^^^^^^^^^^
    )
    ^
  File "C:\autoGeneratedApp\linkedInInformationCollection\.venv\Lib\site-packages\selenium\webdriver\chromium\webdriver.py", line 50, in __init__
    if finder.get_browser_path():
       ~~~~~~~~~~~~~~~~~~~~~~~^^
  File "C:\autoGeneratedApp\linkedInInformationCollection\.venv\Lib\site-packages\selenium\webdriver\common\driver_finder.py", line 47, in get_browser_path
    return self._binary_paths()["browser_path"]
           ~~~~~~~~~~~~~~~~~~^^
  File "C:\autoGeneratedApp\linkedInInformationCollection\.venv\Lib\site-packages\selenium\webdriver\common\driver_finder.py", line 78, in _binary_paths
    raise NoSuchDriverException(msg) from err
selenium.common.exceptions.NoSuchDriverException: Message: Unable to obtain driver for chrome; For documentation on this error, please visit: https://www.selenium.dev/documentation/webdriver/troubleshooting/errors/driver_location

2026-03-27 21:34:13,195 [INFO] __main__ - ▶ 开始检查新动态 …
2026-03-27 21:34:13,217 [WARNING] scraper - 未检测到 Chrome 可执行文件，将使用默认方式启动浏览器
2026-03-27 21:34:44,483 [INFO] undetected_chromedriver.patcher - patching driver executable C:\Users\ANGUTANG\appdata\roaming\undetected_chromedriver\undetected_chromedriver.exe
2026-03-27 21:34:45,923 [WARNING] scraper - undetected_chromedriver 初始化失败，回退到 Selenium Chrome 驱动: Binary Location Must be a String
2026-03-27 21:34:46,130 [ERROR] __main__ - 抓取过程出现未预期错误: Message: Unable to obtain driver for chrome; For documentation on this error, please visit: https://www.selenium.dev/documentation/webdriver/troubleshooting/errors/driver_location
Traceback (most recent call last):
  File "C:\autoGeneratedApp\linkedInInformationCollection\scraper.py", line 174, in _init_driver
    options.add_argument("--window-size=1920,1080")
                       ^^^^^^^^^^^^^^^^^^^^^^^^^^
  File "C:\autoGeneratedApp\linkedInInformationCollection\.venv\Lib\site-packages\undetected_chromedriver\__init__.py", line 372, in __init__
    options.binary_location = (
    ^^^^^^^^^^^^^^^^^^^^^^^
  File "C:\autoGeneratedApp\linkedInInformationCollection\.venv\Lib\site-packages\selenium\webdriver\chromium\options.py", line 52, in binary_location
    raise TypeError(self.BINARY_LOCATION_ERROR)
TypeError: Binary Location Must be a String

During handling of the above exception, another exception occurred:

Traceback (most recent call last):
  File "C:\autoGeneratedApp\linkedInInformationCollection\.venv\Lib\site-packages\selenium\webdriver\common\driver_finder.py", line 75, in _binary_paths
    raise ValueError(f"The browser path is not a valid file: {output['browser_path']}")
ValueError: The browser path is not a valid file: 

The above exception was the direct cause of the following exception:

Traceback (most recent call last):
  File "C:\autoGeneratedApp\linkedInInformationCollection\main.py", line 42, in check_for_new_posts
    with LinkedInScraper(
         ~~~~~~~~~~~~~~~^
        email=config.LINKEDIN_EMAIL,
        ^^^^^^^^^^^^^^^^^^^^^^^^^^^^
        password=config.LINKEDIN_PASSWORD,
        ^^^^^^^^^^^^^^^^^^^^^^^^^^^^^^^^^^
        headless=config.HEADLESS,
        ^^^^^^^^^^^^^^^^^^^^^^^^^
    ) as scraper:
    ^
  File "C:\autoGeneratedApp\linkedInInformationCollection\scraper.py", line 76, in __enter__
    self._init_driver()
    ~~~~~~~~~~~~~~~~~^^
  File "C:\autoGeneratedApp\linkedInInformationCollection\scraper.py", line 185, in _init_driver
    @staticmethod
    
  File "C:\autoGeneratedApp\linkedInInformationCollection\.venv\Lib\site-packages\selenium\webdriver\chrome\webdriver.py", line 45, in __init__
    super().__init__(
    ~~~~~~~~~~~~~~~~^
        browser_name=DesiredCapabilities.CHROME["browserName"],
        ^^^^^^^^^^^^^^^^^^^^^^^^^^^^^^^^^^^^^^^^^^^^^^^^^^^^^^^
    ...<3 lines>...
        keep_alive=keep_alive,
        ^^^^^^^^^^^^^^^^^^^^^^
    )
    ^
  File "C:\autoGeneratedApp\linkedInInformationCollection\.venv\Lib\site-packages\selenium\webdriver\chromium\webdriver.py", line 50, in __init__
    if finder.get_browser_path():
       ~~~~~~~~~~~~~~~~~~~~~~~^^
  File "C:\autoGeneratedApp\linkedInInformationCollection\.venv\Lib\site-packages\selenium\webdriver\common\driver_finder.py", line 47, in get_browser_path
    return self._binary_paths()["browser_path"]
           ~~~~~~~~~~~~~~~~~~^^
  File "C:\autoGeneratedApp\linkedInInformationCollection\.venv\Lib\site-packages\selenium\webdriver\common\driver_finder.py", line 78, in _binary_paths
    raise NoSuchDriverException(msg) from err
selenium.common.exceptions.NoSuchDriverException: Message: Unable to obtain driver for chrome; For documentation on this error, please visit: https://www.selenium.dev/documentation/webdriver/troubleshooting/errors/driver_location

2026-03-27 21:40:16,133 [INFO] __main__ - ▶ 开始检查新动态 …
2026-03-27 21:40:16,152 [WARNING] scraper - 未检测到 Chrome 可执行文件，将使用默认方式启动浏览器
2026-03-27 21:40:53,546 [INFO] undetected_chromedriver.patcher - patching driver executable C:\Users\ANGUTANG\appdata\roaming\undetected_chromedriver\undetected_chromedriver.exe
2026-03-27 21:40:54,849 [WARNING] scraper - undetected_chromedriver 初始化失败，回退到 Selenium Chrome 驱动: Binary Location Must be a String
2026-03-27 21:40:55,030 [ERROR] __main__ - 抓取过程出现未预期错误: Message: Unable to obtain driver for chrome; For documentation on this error, please visit: https://www.selenium.dev/documentation/webdriver/troubleshooting/errors/driver_location
Traceback (most recent call last):
  File "C:\autoGeneratedApp\linkedInInformationCollection\scraper.py", line 174, in _init_driver
    options.add_argument("--window-size=1920,1080")
                       ^^^^^^^^^^^^^^^^^^^^^^^^^^
  File "C:\autoGeneratedApp\linkedInInformationCollection\.venv\Lib\site-packages\undetected_chromedriver\__init__.py", line 372, in __init__
    options.binary_location = (
    ^^^^^^^^^^^^^^^^^^^^^^^
  File "C:\autoGeneratedApp\linkedInInformationCollection\.venv\Lib\site-packages\selenium\webdriver\chromium\options.py", line 52, in binary_location
    raise TypeError(self.BINARY_LOCATION_ERROR)
TypeError: Binary Location Must be a String

During handling of the above exception, another exception occurred:

Traceback (most recent call last):
  File "C:\autoGeneratedApp\linkedInInformationCollection\.venv\Lib\site-packages\selenium\webdriver\common\driver_finder.py", line 75, in _binary_paths
    raise ValueError(f"The browser path is not a valid file: {output['browser_path']}")
ValueError: The browser path is not a valid file: 

The above exception was the direct cause of the following exception:

Traceback (most recent call last):
  File "C:\autoGeneratedApp\linkedInInformationCollection\main.py", line 42, in check_for_new_posts
    with LinkedInScraper(
         ~~~~~~~~~~~~~~~^
        email=config.LINKEDIN_EMAIL,
        ^^^^^^^^^^^^^^^^^^^^^^^^^^^^
        password=config.LINKEDIN_PASSWORD,
        ^^^^^^^^^^^^^^^^^^^^^^^^^^^^^^^^^^
        headless=config.HEADLESS,
        ^^^^^^^^^^^^^^^^^^^^^^^^^
    ) as scraper:
    ^
  File "C:\autoGeneratedApp\linkedInInformationCollection\scraper.py", line 76, in __enter__
    self._init_driver()
    ~~~~~~~~~~~~~~~~~^^
  File "C:\autoGeneratedApp\linkedInInformationCollection\scraper.py", line 185, in _init_driver
    @staticmethod
    
  File "C:\autoGeneratedApp\linkedInInformationCollection\.venv\Lib\site-packages\selenium\webdriver\chrome\webdriver.py", line 45, in __init__
    super().__init__(
    ~~~~~~~~~~~~~~~~^
        browser_name=DesiredCapabilities.CHROME["browserName"],
        ^^^^^^^^^^^^^^^^^^^^^^^^^^^^^^^^^^^^^^^^^^^^^^^^^^^^^^^
    ...<3 lines>...
        keep_alive=keep_alive,
        ^^^^^^^^^^^^^^^^^^^^^^
    )
    ^
  File "C:\autoGeneratedApp\linkedInInformationCollection\.venv\Lib\site-packages\selenium\webdriver\chromium\webdriver.py", line 50, in __init__
    if finder.get_browser_path():
       ~~~~~~~~~~~~~~~~~~~~~~~^^
  File "C:\autoGeneratedApp\linkedInInformationCollection\.venv\Lib\site-packages\selenium\webdriver\common\driver_finder.py", line 47, in get_browser_path
    return self._binary_paths()["browser_path"]
           ~~~~~~~~~~~~~~~~~~^^
  File "C:\autoGeneratedApp\linkedInInformationCollection\.venv\Lib\site-packages\selenium\webdriver\common\driver_finder.py", line 78, in _binary_paths
    raise NoSuchDriverException(msg) from err
selenium.common.exceptions.NoSuchDriverException: Message: Unable to obtain driver for chrome; For documentation on this error, please visit: https://www.selenium.dev/documentation/webdriver/troubleshooting/errors/driver_location

2026-03-27 21:46:25,036 [INFO] __main__ - ▶ 开始检查新动态 …
2026-03-27 21:46:25,058 [WARNING] scraper - 未检测到 Chrome 可执行文件，将使用默认方式启动浏览器
2026-03-27 21:47:02,401 [INFO] undetected_chromedriver.patcher - patching driver executable C:\Users\ANGUTANG\appdata\roaming\undetected_chromedriver\undetected_chromedriver.exe
2026-03-27 21:47:03,733 [WARNING] scraper - undetected_chromedriver 初始化失败，回退到 Selenium Chrome 驱动: Binary Location Must be a String
2026-03-27 21:47:06,269 [ERROR] __main__ - 抓取过程出现未预期错误: Message: Unable to obtain driver for chrome; For documentation on this error, please visit: https://www.selenium.dev/documentation/webdriver/troubleshooting/errors/driver_location
Traceback (most recent call last):
  File "C:\autoGeneratedApp\linkedInInformationCollection\scraper.py", line 174, in _init_driver
    options.add_argument("--window-size=1920,1080")
                       ^^^^^^^^^^^^^^^^^^^^^^^^^^
  File "C:\autoGeneratedApp\linkedInInformationCollection\.venv\Lib\site-packages\undetected_chromedriver\__init__.py", line 372, in __init__
    options.binary_location = (
    ^^^^^^^^^^^^^^^^^^^^^^^
  File "C:\autoGeneratedApp\linkedInInformationCollection\.venv\Lib\site-packages\selenium\webdriver\chromium\options.py", line 52, in binary_location
    raise TypeError(self.BINARY_LOCATION_ERROR)
TypeError: Binary Location Must be a String

During handling of the above exception, another exception occurred:

Traceback (most recent call last):
  File "C:\autoGeneratedApp\linkedInInformationCollection\.venv\Lib\site-packages\selenium\webdriver\common\driver_finder.py", line 75, in _binary_paths
    raise ValueError(f"The browser path is not a valid file: {output['browser_path']}")
ValueError: The browser path is not a valid file: 

The above exception was the direct cause of the following exception:

Traceback (most recent call last):
  File "C:\autoGeneratedApp\linkedInInformationCollection\main.py", line 42, in check_for_new_posts
    with LinkedInScraper(
         ~~~~~~~~~~~~~~~^
        email=config.LINKEDIN_EMAIL,
        ^^^^^^^^^^^^^^^^^^^^^^^^^^^^
        password=config.LINKEDIN_PASSWORD,
        ^^^^^^^^^^^^^^^^^^^^^^^^^^^^^^^^^^
        headless=config.HEADLESS,
        ^^^^^^^^^^^^^^^^^^^^^^^^^
    ) as scraper:
    ^
  File "C:\autoGeneratedApp\linkedInInformationCollection\scraper.py", line 76, in __enter__
    self._init_driver()
    ~~~~~~~~~~~~~~~~~^^
  File "C:\autoGeneratedApp\linkedInInformationCollection\scraper.py", line 185, in _init_driver
    @staticmethod
    
  File "C:\autoGeneratedApp\linkedInInformationCollection\.venv\Lib\site-packages\selenium\webdriver\chrome\webdriver.py", line 45, in __init__
    super().__init__(
    ~~~~~~~~~~~~~~~~^
        browser_name=DesiredCapabilities.CHROME["browserName"],
        ^^^^^^^^^^^^^^^^^^^^^^^^^^^^^^^^^^^^^^^^^^^^^^^^^^^^^^^
    ...<3 lines>...
        keep_alive=keep_alive,
        ^^^^^^^^^^^^^^^^^^^^^^
    )
    ^
  File "C:\autoGeneratedApp\linkedInInformationCollection\.venv\Lib\site-packages\selenium\webdriver\chromium\webdriver.py", line 50, in __init__
    if finder.get_browser_path():
       ~~~~~~~~~~~~~~~~~~~~~~~^^
  File "C:\autoGeneratedApp\linkedInInformationCollection\.venv\Lib\site-packages\selenium\webdriver\common\driver_finder.py", line 47, in get_browser_path
    return self._binary_paths()["browser_path"]
           ~~~~~~~~~~~~~~~~~~^^
  File "C:\autoGeneratedApp\linkedInInformationCollection\.venv\Lib\site-packages\selenium\webdriver\common\driver_finder.py", line 78, in _binary_paths
    raise NoSuchDriverException(msg) from err
selenium.common.exceptions.NoSuchDriverException: Message: Unable to obtain driver for chrome; For documentation on this error, please visit: https://www.selenium.dev/documentation/webdriver/troubleshooting/errors/driver_location

2026-03-27 21:52:36,272 [INFO] __main__ - ▶ 开始检查新动态 …
2026-03-27 21:52:36,293 [WARNING] scraper - 未检测到 Chrome 可执行文件，将使用默认方式启动浏览器
2026-03-27 21:53:13,428 [INFO] undetected_chromedriver.patcher - patching driver executable C:\Users\ANGUTANG\appdata\roaming\undetected_chromedriver\undetected_chromedriver.exe
2026-03-27 21:53:14,711 [WARNING] scraper - undetected_chromedriver 初始化失败，回退到 Selenium Chrome 驱动: Binary Location Must be a String
2026-03-27 21:53:14,916 [ERROR] __main__ - 抓取过程出现未预期错误: Message: Unable to obtain driver for chrome; For documentation on this error, please visit: https://www.selenium.dev/documentation/webdriver/troubleshooting/errors/driver_location
Traceback (most recent call last):
  File "C:\autoGeneratedApp\linkedInInformationCollection\scraper.py", line 174, in _init_driver
    options.add_argument("--window-size=1920,1080")
                       ^^^^^^^^^^^^^^^^^^^^^^^^^^
  File "C:\autoGeneratedApp\linkedInInformationCollection\.venv\Lib\site-packages\undetected_chromedriver\__init__.py", line 372, in __init__
    options.binary_location = (
    ^^^^^^^^^^^^^^^^^^^^^^^
  File "C:\autoGeneratedApp\linkedInInformationCollection\.venv\Lib\site-packages\selenium\webdriver\chromium\options.py", line 52, in binary_location
    raise TypeError(self.BINARY_LOCATION_ERROR)
TypeError: Binary Location Must be a String

During handling of the above exception, another exception occurred:

Traceback (most recent call last):
  File "C:\autoGeneratedApp\linkedInInformationCollection\.venv\Lib\site-packages\selenium\webdriver\common\driver_finder.py", line 75, in _binary_paths
    raise ValueError(f"The browser path is not a valid file: {output['browser_path']}")
ValueError: The browser path is not a valid file: 

The above exception was the direct cause of the following exception:

Traceback (most recent call last):
  File "C:\autoGeneratedApp\linkedInInformationCollection\main.py", line 42, in check_for_new_posts
    with LinkedInScraper(
         ~~~~~~~~~~~~~~~^
        email=config.LINKEDIN_EMAIL,
        ^^^^^^^^^^^^^^^^^^^^^^^^^^^^
        password=config.LINKEDIN_PASSWORD,
        ^^^^^^^^^^^^^^^^^^^^^^^^^^^^^^^^^^
        headless=config.HEADLESS,
        ^^^^^^^^^^^^^^^^^^^^^^^^^
    ) as scraper:
    ^
  File "C:\autoGeneratedApp\linkedInInformationCollection\scraper.py", line 76, in __enter__
    self._init_driver()
    ~~~~~~~~~~~~~~~~~^^
  File "C:\autoGeneratedApp\linkedInInformationCollection\scraper.py", line 185, in _init_driver
    @staticmethod
    
  File "C:\autoGeneratedApp\linkedInInformationCollection\.venv\Lib\site-packages\selenium\webdriver\chrome\webdriver.py", line 45, in __init__
    super().__init__(
    ~~~~~~~~~~~~~~~~^
        browser_name=DesiredCapabilities.CHROME["browserName"],
        ^^^^^^^^^^^^^^^^^^^^^^^^^^^^^^^^^^^^^^^^^^^^^^^^^^^^^^^
    ...<3 lines>...
        keep_alive=keep_alive,
        ^^^^^^^^^^^^^^^^^^^^^^
    )
    ^
  File "C:\autoGeneratedApp\linkedInInformationCollection\.venv\Lib\site-packages\selenium\webdriver\chromium\webdriver.py", line 50, in __init__
    if finder.get_browser_path():
       ~~~~~~~~~~~~~~~~~~~~~~~^^
  File "C:\autoGeneratedApp\linkedInInformationCollection\.venv\Lib\site-packages\selenium\webdriver\common\driver_finder.py", line 47, in get_browser_path
    return self._binary_paths()["browser_path"]
           ~~~~~~~~~~~~~~~~~~^^
  File "C:\autoGeneratedApp\linkedInInformationCollection\.venv\Lib\site-packages\selenium\webdriver\common\driver_finder.py", line 78, in _binary_paths
    raise NoSuchDriverException(msg) from err
selenium.common.exceptions.NoSuchDriverException: Message: Unable to obtain driver for chrome; For documentation on this error, please visit: https://www.selenium.dev/documentation/webdriver/troubleshooting/errors/driver_location

2026-03-27 21:58:44,918 [INFO] __main__ - ▶ 开始检查新动态 …
2026-03-27 21:58:44,941 [WARNING] scraper - 未检测到 Chrome 可执行文件，将使用默认方式启动浏览器
2026-03-27 21:59:16,371 [INFO] undetected_chromedriver.patcher - patching driver executable C:\Users\ANGUTANG\appdata\roaming\undetected_chromedriver\undetected_chromedriver.exe
2026-03-27 21:59:17,685 [WARNING] scraper - undetected_chromedriver 初始化失败，回退到 Selenium Chrome 驱动: Binary Location Must be a String
2026-03-27 21:59:17,878 [ERROR] __main__ - 抓取过程出现未预期错误: Message: Unable to obtain driver for chrome; For documentation on this error, please visit: https://www.selenium.dev/documentation/webdriver/troubleshooting/errors/driver_location
Traceback (most recent call last):
  File "C:\autoGeneratedApp\linkedInInformationCollection\scraper.py", line 174, in _init_driver
    options.add_argument("--window-size=1920,1080")
                       ^^^^^^^^^^^^^^^^^^^^^^^^^^
  File "C:\autoGeneratedApp\linkedInInformationCollection\.venv\Lib\site-packages\undetected_chromedriver\__init__.py", line 372, in __init__
    options.binary_location = (
    ^^^^^^^^^^^^^^^^^^^^^^^
  File "C:\autoGeneratedApp\linkedInInformationCollection\.venv\Lib\site-packages\selenium\webdriver\chromium\options.py", line 52, in binary_location
    raise TypeError(self.BINARY_LOCATION_ERROR)
TypeError: Binary Location Must be a String

During handling of the above exception, another exception occurred:

Traceback (most recent call last):
  File "C:\autoGeneratedApp\linkedInInformationCollection\.venv\Lib\site-packages\selenium\webdriver\common\driver_finder.py", line 75, in _binary_paths
    raise ValueError(f"The browser path is not a valid file: {output['browser_path']}")
ValueError: The browser path is not a valid file: 

The above exception was the direct cause of the following exception:

Traceback (most recent call last):
  File "C:\autoGeneratedApp\linkedInInformationCollection\main.py", line 42, in check_for_new_posts
    with LinkedInScraper(
         ~~~~~~~~~~~~~~~^
        email=config.LINKEDIN_EMAIL,
        ^^^^^^^^^^^^^^^^^^^^^^^^^^^^
        password=config.LINKEDIN_PASSWORD,
        ^^^^^^^^^^^^^^^^^^^^^^^^^^^^^^^^^^
        headless=config.HEADLESS,
        ^^^^^^^^^^^^^^^^^^^^^^^^^
    ) as scraper:
    ^
  File "C:\autoGeneratedApp\linkedInInformationCollection\scraper.py", line 76, in __enter__
    self._init_driver()
    ~~~~~~~~~~~~~~~~~^^
  File "C:\autoGeneratedApp\linkedInInformationCollection\scraper.py", line 185, in _init_driver
    @staticmethod
    
  File "C:\autoGeneratedApp\linkedInInformationCollection\.venv\Lib\site-packages\selenium\webdriver\chrome\webdriver.py", line 45, in __init__
    super().__init__(
    ~~~~~~~~~~~~~~~~^
        browser_name=DesiredCapabilities.CHROME["browserName"],
        ^^^^^^^^^^^^^^^^^^^^^^^^^^^^^^^^^^^^^^^^^^^^^^^^^^^^^^^
    ...<3 lines>...
        keep_alive=keep_alive,
        ^^^^^^^^^^^^^^^^^^^^^^
    )
    ^
  File "C:\autoGeneratedApp\linkedInInformationCollection\.venv\Lib\site-packages\selenium\webdriver\chromium\webdriver.py", line 50, in __init__
    if finder.get_browser_path():
       ~~~~~~~~~~~~~~~~~~~~~~~^^
  File "C:\autoGeneratedApp\linkedInInformationCollection\.venv\Lib\site-packages\selenium\webdriver\common\driver_finder.py", line 47, in get_browser_path
    return self._binary_paths()["browser_path"]
           ~~~~~~~~~~~~~~~~~~^^
  File "C:\autoGeneratedApp\linkedInInformationCollection\.venv\Lib\site-packages\selenium\webdriver\common\driver_finder.py", line 78, in _binary_paths
    raise NoSuchDriverException(msg) from err
selenium.common.exceptions.NoSuchDriverException: Message: Unable to obtain driver for chrome; For documentation on this error, please visit: https://www.selenium.dev/documentation/webdriver/troubleshooting/errors/driver_location

2026-03-27 22:04:47,881 [INFO] __main__ - ▶ 开始检查新动态 …
2026-03-27 22:04:47,899 [WARNING] scraper - 未检测到 Chrome 可执行文件，将使用默认方式启动浏览器
2026-03-27 22:05:25,193 [INFO] undetected_chromedriver.patcher - patching driver executable C:\Users\ANGUTANG\appdata\roaming\undetected_chromedriver\undetected_chromedriver.exe
2026-03-27 22:05:26,478 [WARNING] scraper - undetected_chromedriver 初始化失败，回退到 Selenium Chrome 驱动: Binary Location Must be a String
2026-03-27 22:05:26,694 [ERROR] __main__ - 抓取过程出现未预期错误: Message: Unable to obtain driver for chrome; For documentation on this error, please visit: https://www.selenium.dev/documentation/webdriver/troubleshooting/errors/driver_location
Traceback (most recent call last):
  File "C:\autoGeneratedApp\linkedInInformationCollection\scraper.py", line 174, in _init_driver
    options.add_argument("--window-size=1920,1080")
                       ^^^^^^^^^^^^^^^^^^^^^^^^^^
  File "C:\autoGeneratedApp\linkedInInformationCollection\.venv\Lib\site-packages\undetected_chromedriver\__init__.py", line 372, in __init__
    options.binary_location = (
    ^^^^^^^^^^^^^^^^^^^^^^^
  File "C:\autoGeneratedApp\linkedInInformationCollection\.venv\Lib\site-packages\selenium\webdriver\chromium\options.py", line 52, in binary_location
    raise TypeError(self.BINARY_LOCATION_ERROR)
TypeError: Binary Location Must be a String

During handling of the above exception, another exception occurred:

Traceback (most recent call last):
  File "C:\autoGeneratedApp\linkedInInformationCollection\.venv\Lib\site-packages\selenium\webdriver\common\driver_finder.py", line 75, in _binary_paths
    raise ValueError(f"The browser path is not a valid file: {output['browser_path']}")
ValueError: The browser path is not a valid file: 

The above exception was the direct cause of the following exception:

Traceback (most recent call last):
  File "C:\autoGeneratedApp\linkedInInformationCollection\main.py", line 42, in check_for_new_posts
    with LinkedInScraper(
         ~~~~~~~~~~~~~~~^
        email=config.LINKEDIN_EMAIL,
        ^^^^^^^^^^^^^^^^^^^^^^^^^^^^
        password=config.LINKEDIN_PASSWORD,
        ^^^^^^^^^^^^^^^^^^^^^^^^^^^^^^^^^^
        headless=config.HEADLESS,
        ^^^^^^^^^^^^^^^^^^^^^^^^^
    ) as scraper:
    ^
  File "C:\autoGeneratedApp\linkedInInformationCollection\scraper.py", line 76, in __enter__
    self._init_driver()
    ~~~~~~~~~~~~~~~~~^^
  File "C:\autoGeneratedApp\linkedInInformationCollection\scraper.py", line 185, in _init_driver
    @staticmethod
    
  File "C:\autoGeneratedApp\linkedInInformationCollection\.venv\Lib\site-packages\selenium\webdriver\chrome\webdriver.py", line 45, in __init__
    super().__init__(
    ~~~~~~~~~~~~~~~~^
        browser_name=DesiredCapabilities.CHROME["browserName"],
        ^^^^^^^^^^^^^^^^^^^^^^^^^^^^^^^^^^^^^^^^^^^^^^^^^^^^^^^
    ...<3 lines>...
        keep_alive=keep_alive,
        ^^^^^^^^^^^^^^^^^^^^^^
    )
    ^
  File "C:\autoGeneratedApp\linkedInInformationCollection\.venv\Lib\site-packages\selenium\webdriver\chromium\webdriver.py", line 50, in __init__
    if finder.get_browser_path():
       ~~~~~~~~~~~~~~~~~~~~~~~^^
  File "C:\autoGeneratedApp\linkedInInformationCollection\.venv\Lib\site-packages\selenium\webdriver\common\driver_finder.py", line 47, in get_browser_path
    return self._binary_paths()["browser_path"]
           ~~~~~~~~~~~~~~~~~~^^
  File "C:\autoGeneratedApp\linkedInInformationCollection\.venv\Lib\site-packages\selenium\webdriver\common\driver_finder.py", line 78, in _binary_paths
    raise NoSuchDriverException(msg) from err
selenium.common.exceptions.NoSuchDriverException: Message: Unable to obtain driver for chrome; For documentation on this error, please visit: https://www.selenium.dev/documentation/webdriver/troubleshooting/errors/driver_location

2026-03-27 22:10:56,697 [INFO] __main__ - ▶ 开始检查新动态 …
2026-03-27 22:10:56,723 [WARNING] scraper - 未检测到 Chrome 可执行文件，将使用默认方式启动浏览器
2026-03-27 22:11:33,506 [INFO] undetected_chromedriver.patcher - patching driver executable C:\Users\ANGUTANG\appdata\roaming\undetected_chromedriver\undetected_chromedriver.exe
2026-03-27 22:11:35,468 [WARNING] scraper - undetected_chromedriver 初始化失败，回退到 Selenium Chrome 驱动: Binary Location Must be a String
2026-03-27 22:11:35,752 [ERROR] __main__ - 抓取过程出现未预期错误: Message: Unable to obtain driver for chrome; For documentation on this error, please visit: https://www.selenium.dev/documentation/webdriver/troubleshooting/errors/driver_location
Traceback (most recent call last):
  File "C:\autoGeneratedApp\linkedInInformationCollection\scraper.py", line 174, in _init_driver
    options.add_argument("--window-size=1920,1080")
                       ^^^^^^^^^^^^^^^^^^^^^^^^^^
  File "C:\autoGeneratedApp\linkedInInformationCollection\.venv\Lib\site-packages\undetected_chromedriver\__init__.py", line 372, in __init__
    options.binary_location = (
    ^^^^^^^^^^^^^^^^^^^^^^^
  File "C:\autoGeneratedApp\linkedInInformationCollection\.venv\Lib\site-packages\selenium\webdriver\chromium\options.py", line 52, in binary_location
    raise TypeError(self.BINARY_LOCATION_ERROR)
TypeError: Binary Location Must be a String

During handling of the above exception, another exception occurred:

Traceback (most recent call last):
  File "C:\autoGeneratedApp\linkedInInformationCollection\.venv\Lib\site-packages\selenium\webdriver\common\driver_finder.py", line 75, in _binary_paths
    raise ValueError(f"The browser path is not a valid file: {output['browser_path']}")
ValueError: The browser path is not a valid file: 

The above exception was the direct cause of the following exception:

Traceback (most recent call last):
  File "C:\autoGeneratedApp\linkedInInformationCollection\main.py", line 42, in check_for_new_posts
    with LinkedInScraper(
         ~~~~~~~~~~~~~~~^
        email=config.LINKEDIN_EMAIL,
        ^^^^^^^^^^^^^^^^^^^^^^^^^^^^
        password=config.LINKEDIN_PASSWORD,
        ^^^^^^^^^^^^^^^^^^^^^^^^^^^^^^^^^^
        headless=config.HEADLESS,
        ^^^^^^^^^^^^^^^^^^^^^^^^^
    ) as scraper:
    ^
  File "C:\autoGeneratedApp\linkedInInformationCollection\scraper.py", line 76, in __enter__
    self._init_driver()
    ~~~~~~~~~~~~~~~~~^^
  File "C:\autoGeneratedApp\linkedInInformationCollection\scraper.py", line 185, in _init_driver
    @staticmethod
    
  File "C:\autoGeneratedApp\linkedInInformationCollection\.venv\Lib\site-packages\selenium\webdriver\chrome\webdriver.py", line 45, in __init__
    super().__init__(
    ~~~~~~~~~~~~~~~~^
        browser_name=DesiredCapabilities.CHROME["browserName"],
        ^^^^^^^^^^^^^^^^^^^^^^^^^^^^^^^^^^^^^^^^^^^^^^^^^^^^^^^
    ...<3 lines>...
        keep_alive=keep_alive,
        ^^^^^^^^^^^^^^^^^^^^^^
    )
    ^
  File "C:\autoGeneratedApp\linkedInInformationCollection\.venv\Lib\site-packages\selenium\webdriver\chromium\webdriver.py", line 50, in __init__
    if finder.get_browser_path():
       ~~~~~~~~~~~~~~~~~~~~~~~^^
  File "C:\autoGeneratedApp\linkedInInformationCollection\.venv\Lib\site-packages\selenium\webdriver\common\driver_finder.py", line 47, in get_browser_path
    return self._binary_paths()["browser_path"]
           ~~~~~~~~~~~~~~~~~~^^
  File "C:\autoGeneratedApp\linkedInInformationCollection\.venv\Lib\site-packages\selenium\webdriver\common\driver_finder.py", line 78, in _binary_paths
    raise NoSuchDriverException(msg) from err
selenium.common.exceptions.NoSuchDriverException: Message: Unable to obtain driver for chrome; For documentation on this error, please visit: https://www.selenium.dev/documentation/webdriver/troubleshooting/errors/driver_location

2026-03-27 22:17:05,754 [INFO] __main__ - ▶ 开始检查新动态 …
2026-03-27 22:17:05,773 [WARNING] scraper - 未检测到 Chrome 可执行文件，将使用默认方式启动浏览器
2026-03-27 22:17:39,332 [INFO] undetected_chromedriver.patcher - patching driver executable C:\Users\ANGUTANG\appdata\roaming\undetected_chromedriver\undetected_chromedriver.exe
2026-03-27 22:17:40,642 [WARNING] scraper - undetected_chromedriver 初始化失败，回退到 Selenium Chrome 驱动: Binary Location Must be a String
2026-03-27 22:17:40,853 [ERROR] __main__ - 抓取过程出现未预期错误: Message: Unable to obtain driver for chrome; For documentation on this error, please visit: https://www.selenium.dev/documentation/webdriver/troubleshooting/errors/driver_location
Traceback (most recent call last):
  File "C:\autoGeneratedApp\linkedInInformationCollection\scraper.py", line 174, in _init_driver
    options.add_argument("--window-size=1920,1080")
                       ^^^^^^^^^^^^^^^^^^^^^^^^^^
  File "C:\autoGeneratedApp\linkedInInformationCollection\.venv\Lib\site-packages\undetected_chromedriver\__init__.py", line 372, in __init__
    options.binary_location = (
    ^^^^^^^^^^^^^^^^^^^^^^^
  File "C:\autoGeneratedApp\linkedInInformationCollection\.venv\Lib\site-packages\selenium\webdriver\chromium\options.py", line 52, in binary_location
    raise TypeError(self.BINARY_LOCATION_ERROR)
TypeError: Binary Location Must be a String

During handling of the above exception, another exception occurred:

Traceback (most recent call last):
  File "C:\autoGeneratedApp\linkedInInformationCollection\.venv\Lib\site-packages\selenium\webdriver\common\driver_finder.py", line 75, in _binary_paths
    raise ValueError(f"The browser path is not a valid file: {output['browser_path']}")
ValueError: The browser path is not a valid file: 

The above exception was the direct cause of the following exception:

Traceback (most recent call last):
  File "C:\autoGeneratedApp\linkedInInformationCollection\main.py", line 42, in check_for_new_posts
    with LinkedInScraper(
         ~~~~~~~~~~~~~~~^
        email=config.LINKEDIN_EMAIL,
        ^^^^^^^^^^^^^^^^^^^^^^^^^^^^
        password=config.LINKEDIN_PASSWORD,
        ^^^^^^^^^^^^^^^^^^^^^^^^^^^^^^^^^^
        headless=config.HEADLESS,
        ^^^^^^^^^^^^^^^^^^^^^^^^^
    ) as scraper:
    ^
  File "C:\autoGeneratedApp\linkedInInformationCollection\scraper.py", line 76, in __enter__
    self._init_driver()
    ~~~~~~~~~~~~~~~~~^^
  File "C:\autoGeneratedApp\linkedInInformationCollection\scraper.py", line 185, in _init_driver
    @staticmethod
    
  File "C:\autoGeneratedApp\linkedInInformationCollection\.venv\Lib\site-packages\selenium\webdriver\chrome\webdriver.py", line 45, in __init__
    super().__init__(
    ~~~~~~~~~~~~~~~~^
        browser_name=DesiredCapabilities.CHROME["browserName"],
        ^^^^^^^^^^^^^^^^^^^^^^^^^^^^^^^^^^^^^^^^^^^^^^^^^^^^^^^
    ...<3 lines>...
        keep_alive=keep_alive,
        ^^^^^^^^^^^^^^^^^^^^^^
    )
    ^
  File "C:\autoGeneratedApp\linkedInInformationCollection\.venv\Lib\site-packages\selenium\webdriver\chromium\webdriver.py", line 50, in __init__
    if finder.get_browser_path():
       ~~~~~~~~~~~~~~~~~~~~~~~^^
  File "C:\autoGeneratedApp\linkedInInformationCollection\.venv\Lib\site-packages\selenium\webdriver\common\driver_finder.py", line 47, in get_browser_path
    return self._binary_paths()["browser_path"]
           ~~~~~~~~~~~~~~~~~~^^
  File "C:\autoGeneratedApp\linkedInInformationCollection\.venv\Lib\site-packages\selenium\webdriver\common\driver_finder.py", line 78, in _binary_paths
    raise NoSuchDriverException(msg) from err
selenium.common.exceptions.NoSuchDriverException: Message: Unable to obtain driver for chrome; For documentation on this error, please visit: https://www.selenium.dev/documentation/webdriver/troubleshooting/errors/driver_location

2026-03-27 22:22:40,857 [INFO] __main__ - ▶ 开始检查新动态 …
2026-03-27 22:22:40,877 [WARNING] scraper - 未检测到 Chrome 可执行文件，将使用默认方式启动浏览器
2026-03-27 22:23:13,829 [INFO] undetected_chromedriver.patcher - patching driver executable C:\Users\ANGUTANG\appdata\roaming\undetected_chromedriver\undetected_chromedriver.exe
2026-03-27 22:23:15,105 [WARNING] scraper - undetected_chromedriver 初始化失败，回退到 Selenium Chrome 驱动: Binary Location Must be a String
2026-03-27 22:23:15,305 [ERROR] __main__ - 抓取过程出现未预期错误: Message: Unable to obtain driver for chrome; For documentation on this error, please visit: https://www.selenium.dev/documentation/webdriver/troubleshooting/errors/driver_location
Traceback (most recent call last):
  File "C:\autoGeneratedApp\linkedInInformationCollection\scraper.py", line 174, in _init_driver
    options.add_argument("--window-size=1920,1080")
                       ^^^^^^^^^^^^^^^^^^^^^^^^^^
  File "C:\autoGeneratedApp\linkedInInformationCollection\.venv\Lib\site-packages\undetected_chromedriver\__init__.py", line 372, in __init__
    options.binary_location = (
    ^^^^^^^^^^^^^^^^^^^^^^^
  File "C:\autoGeneratedApp\linkedInInformationCollection\.venv\Lib\site-packages\selenium\webdriver\chromium\options.py", line 52, in binary_location
    raise TypeError(self.BINARY_LOCATION_ERROR)
TypeError: Binary Location Must be a String

During handling of the above exception, another exception occurred:

Traceback (most recent call last):
  File "C:\autoGeneratedApp\linkedInInformationCollection\.venv\Lib\site-packages\selenium\webdriver\common\driver_finder.py", line 75, in _binary_paths
    raise ValueError(f"The browser path is not a valid file: {output['browser_path']}")
ValueError: The browser path is not a valid file: 

The above exception was the direct cause of the following exception:

Traceback (most recent call last):
  File "C:\autoGeneratedApp\linkedInInformationCollection\main.py", line 42, in check_for_new_posts
    with LinkedInScraper(
         ~~~~~~~~~~~~~~~^
        email=config.LINKEDIN_EMAIL,
        ^^^^^^^^^^^^^^^^^^^^^^^^^^^^
        password=config.LINKEDIN_PASSWORD,
        ^^^^^^^^^^^^^^^^^^^^^^^^^^^^^^^^^^
        headless=config.HEADLESS,
        ^^^^^^^^^^^^^^^^^^^^^^^^^
    ) as scraper:
    ^
  File "C:\autoGeneratedApp\linkedInInformationCollection\scraper.py", line 76, in __enter__
    self._init_driver()
    ~~~~~~~~~~~~~~~~~^^
  File "C:\autoGeneratedApp\linkedInInformationCollection\scraper.py", line 185, in _init_driver
    @staticmethod
    
  File "C:\autoGeneratedApp\linkedInInformationCollection\.venv\Lib\site-packages\selenium\webdriver\chrome\webdriver.py", line 45, in __init__
    super().__init__(
    ~~~~~~~~~~~~~~~~^
        browser_name=DesiredCapabilities.CHROME["browserName"],
        ^^^^^^^^^^^^^^^^^^^^^^^^^^^^^^^^^^^^^^^^^^^^^^^^^^^^^^^
    ...<3 lines>...
        keep_alive=keep_alive,
        ^^^^^^^^^^^^^^^^^^^^^^
    )
    ^
  File "C:\autoGeneratedApp\linkedInInformationCollection\.venv\Lib\site-packages\selenium\webdriver\chromium\webdriver.py", line 50, in __init__
    if finder.get_browser_path():
       ~~~~~~~~~~~~~~~~~~~~~~~^^
  File "C:\autoGeneratedApp\linkedInInformationCollection\.venv\Lib\site-packages\selenium\webdriver\common\driver_finder.py", line 47, in get_browser_path
    return self._binary_paths()["browser_path"]
           ~~~~~~~~~~~~~~~~~~^^
  File "C:\autoGeneratedApp\linkedInInformationCollection\.venv\Lib\site-packages\selenium\webdriver\common\driver_finder.py", line 78, in _binary_paths
    raise NoSuchDriverException(msg) from err
selenium.common.exceptions.NoSuchDriverException: Message: Unable to obtain driver for chrome; For documentation on this error, please visit: https://www.selenium.dev/documentation/webdriver/troubleshooting/errors/driver_location

2026-03-27 22:28:45,308 [INFO] __main__ - ▶ 开始检查新动态 …
2026-03-27 22:28:45,324 [WARNING] scraper - 未检测到 Chrome 可执行文件，将使用默认方式启动浏览器
2026-03-27 22:29:24,022 [INFO] undetected_chromedriver.patcher - patching driver executable C:\Users\ANGUTANG\appdata\roaming\undetected_chromedriver\undetected_chromedriver.exe
2026-03-27 22:29:25,323 [WARNING] scraper - undetected_chromedriver 初始化失败，回退到 Selenium Chrome 驱动: Binary Location Must be a String
2026-03-27 22:29:25,498 [ERROR] __main__ - 抓取过程出现未预期错误: Message: Unable to obtain driver for chrome; For documentation on this error, please visit: https://www.selenium.dev/documentation/webdriver/troubleshooting/errors/driver_location
Traceback (most recent call last):
  File "C:\autoGeneratedApp\linkedInInformationCollection\scraper.py", line 174, in _init_driver
    options.add_argument("--window-size=1920,1080")
                       ^^^^^^^^^^^^^^^^^^^^^^^^^^
  File "C:\autoGeneratedApp\linkedInInformationCollection\.venv\Lib\site-packages\undetected_chromedriver\__init__.py", line 372, in __init__
    options.binary_location = (
    ^^^^^^^^^^^^^^^^^^^^^^^
  File "C:\autoGeneratedApp\linkedInInformationCollection\.venv\Lib\site-packages\selenium\webdriver\chromium\options.py", line 52, in binary_location
    raise TypeError(self.BINARY_LOCATION_ERROR)
TypeError: Binary Location Must be a String

During handling of the above exception, another exception occurred:

Traceback (most recent call last):
  File "C:\autoGeneratedApp\linkedInInformationCollection\.venv\Lib\site-packages\selenium\webdriver\common\driver_finder.py", line 75, in _binary_paths
    raise ValueError(f"The browser path is not a valid file: {output['browser_path']}")
ValueError: The browser path is not a valid file: 

The above exception was the direct cause of the following exception:

Traceback (most recent call last):
  File "C:\autoGeneratedApp\linkedInInformationCollection\main.py", line 42, in check_for_new_posts
    with LinkedInScraper(
         ~~~~~~~~~~~~~~~^
        email=config.LINKEDIN_EMAIL,
        ^^^^^^^^^^^^^^^^^^^^^^^^^^^^
        password=config.LINKEDIN_PASSWORD,
        ^^^^^^^^^^^^^^^^^^^^^^^^^^^^^^^^^^
        headless=config.HEADLESS,
        ^^^^^^^^^^^^^^^^^^^^^^^^^
    ) as scraper:
    ^
  File "C:\autoGeneratedApp\linkedInInformationCollection\scraper.py", line 76, in __enter__
    self._init_driver()
    ~~~~~~~~~~~~~~~~~^^
  File "C:\autoGeneratedApp\linkedInInformationCollection\scraper.py", line 185, in _init_driver
    @staticmethod
    
  File "C:\autoGeneratedApp\linkedInInformationCollection\.venv\Lib\site-packages\selenium\webdriver\chrome\webdriver.py", line 45, in __init__
    super().__init__(
    ~~~~~~~~~~~~~~~~^
        browser_name=DesiredCapabilities.CHROME["browserName"],
        ^^^^^^^^^^^^^^^^^^^^^^^^^^^^^^^^^^^^^^^^^^^^^^^^^^^^^^^
    ...<3 lines>...
        keep_alive=keep_alive,
        ^^^^^^^^^^^^^^^^^^^^^^
    )
    ^
  File "C:\autoGeneratedApp\linkedInInformationCollection\.venv\Lib\site-packages\selenium\webdriver\chromium\webdriver.py", line 50, in __init__
    if finder.get_browser_path():
       ~~~~~~~~~~~~~~~~~~~~~~~^^
  File "C:\autoGeneratedApp\linkedInInformationCollection\.venv\Lib\site-packages\selenium\webdriver\common\driver_finder.py", line 47, in get_browser_path
    return self._binary_paths()["browser_path"]
           ~~~~~~~~~~~~~~~~~~^^
  File "C:\autoGeneratedApp\linkedInInformationCollection\.venv\Lib\site-packages\selenium\webdriver\common\driver_finder.py", line 78, in _binary_paths
    raise NoSuchDriverException(msg) from err
selenium.common.exceptions.NoSuchDriverException: Message: Unable to obtain driver for chrome; For documentation on this error, please visit: https://www.selenium.dev/documentation/webdriver/troubleshooting/errors/driver_location

2026-03-27 22:34:25,501 [INFO] __main__ - ▶ 开始检查新动态 …
2026-03-27 22:34:25,526 [WARNING] scraper - 未检测到 Chrome 可执行文件，将使用默认方式启动浏览器
2026-03-27 22:35:02,596 [INFO] undetected_chromedriver.patcher - patching driver executable C:\Users\ANGUTANG\appdata\roaming\undetected_chromedriver\undetected_chromedriver.exe
2026-03-27 22:35:03,959 [WARNING] scraper - undetected_chromedriver 初始化失败，回退到 Selenium Chrome 驱动: Binary Location Must be a String
2026-03-27 22:35:04,151 [ERROR] __main__ - 抓取过程出现未预期错误: Message: Unable to obtain driver for chrome; For documentation on this error, please visit: https://www.selenium.dev/documentation/webdriver/troubleshooting/errors/driver_location
Traceback (most recent call last):
  File "C:\autoGeneratedApp\linkedInInformationCollection\scraper.py", line 174, in _init_driver
    options.add_argument("--window-size=1920,1080")
                       ^^^^^^^^^^^^^^^^^^^^^^^^^^
  File "C:\autoGeneratedApp\linkedInInformationCollection\.venv\Lib\site-packages\undetected_chromedriver\__init__.py", line 372, in __init__
    options.binary_location = (
    ^^^^^^^^^^^^^^^^^^^^^^^
  File "C:\autoGeneratedApp\linkedInInformationCollection\.venv\Lib\site-packages\selenium\webdriver\chromium\options.py", line 52, in binary_location
    raise TypeError(self.BINARY_LOCATION_ERROR)
TypeError: Binary Location Must be a String

During handling of the above exception, another exception occurred:

Traceback (most recent call last):
  File "C:\autoGeneratedApp\linkedInInformationCollection\.venv\Lib\site-packages\selenium\webdriver\common\driver_finder.py", line 75, in _binary_paths
    raise ValueError(f"The browser path is not a valid file: {output['browser_path']}")
ValueError: The browser path is not a valid file: 

The above exception was the direct cause of the following exception:

Traceback (most recent call last):
  File "C:\autoGeneratedApp\linkedInInformationCollection\main.py", line 42, in check_for_new_posts
    with LinkedInScraper(
         ~~~~~~~~~~~~~~~^
        email=config.LINKEDIN_EMAIL,
        ^^^^^^^^^^^^^^^^^^^^^^^^^^^^
        password=config.LINKEDIN_PASSWORD,
        ^^^^^^^^^^^^^^^^^^^^^^^^^^^^^^^^^^
        headless=config.HEADLESS,
        ^^^^^^^^^^^^^^^^^^^^^^^^^
    ) as scraper:
    ^
  File "C:\autoGeneratedApp\linkedInInformationCollection\scraper.py", line 76, in __enter__
    self._init_driver()
    ~~~~~~~~~~~~~~~~~^^
  File "C:\autoGeneratedApp\linkedInInformationCollection\scraper.py", line 185, in _init_driver
    @staticmethod
    
  File "C:\autoGeneratedApp\linkedInInformationCollection\.venv\Lib\site-packages\selenium\webdriver\chrome\webdriver.py", line 45, in __init__
    super().__init__(
    ~~~~~~~~~~~~~~~~^
        browser_name=DesiredCapabilities.CHROME["browserName"],
        ^^^^^^^^^^^^^^^^^^^^^^^^^^^^^^^^^^^^^^^^^^^^^^^^^^^^^^^
    ...<3 lines>...
        keep_alive=keep_alive,
        ^^^^^^^^^^^^^^^^^^^^^^
    )
    ^
  File "C:\autoGeneratedApp\linkedInInformationCollection\.venv\Lib\site-packages\selenium\webdriver\chromium\webdriver.py", line 50, in __init__
    if finder.get_browser_path():
       ~~~~~~~~~~~~~~~~~~~~~~~^^
  File "C:\autoGeneratedApp\linkedInInformationCollection\.venv\Lib\site-packages\selenium\webdriver\common\driver_finder.py", line 47, in get_browser_path
    return self._binary_paths()["browser_path"]
           ~~~~~~~~~~~~~~~~~~^^
  File "C:\autoGeneratedApp\linkedInInformationCollection\.venv\Lib\site-packages\selenium\webdriver\common\driver_finder.py", line 78, in _binary_paths
    raise NoSuchDriverException(msg) from err
selenium.common.exceptions.NoSuchDriverException: Message: Unable to obtain driver for chrome; For documentation on this error, please visit: https://www.selenium.dev/documentation/webdriver/troubleshooting/errors/driver_location

2026-03-27 22:40:34,153 [INFO] __main__ - ▶ 开始检查新动态 …
2026-03-27 22:40:34,172 [WARNING] scraper - 未检测到 Chrome 可执行文件，将使用默认方式启动浏览器
2026-03-27 22:41:15,251 [INFO] undetected_chromedriver.patcher - patching driver executable C:\Users\ANGUTANG\appdata\roaming\undetected_chromedriver\undetected_chromedriver.exe
2026-03-27 22:41:16,620 [WARNING] scraper - undetected_chromedriver 初始化失败，回退到 Selenium Chrome 驱动: Binary Location Must be a String
2026-03-27 22:41:16,812 [ERROR] __main__ - 抓取过程出现未预期错误: Message: Unable to obtain driver for chrome; For documentation on this error, please visit: https://www.selenium.dev/documentation/webdriver/troubleshooting/errors/driver_location
Traceback (most recent call last):
  File "C:\autoGeneratedApp\linkedInInformationCollection\scraper.py", line 174, in _init_driver
    options.add_argument("--window-size=1920,1080")
                       ^^^^^^^^^^^^^^^^^^^^^^^^^^
  File "C:\autoGeneratedApp\linkedInInformationCollection\.venv\Lib\site-packages\undetected_chromedriver\__init__.py", line 372, in __init__
    options.binary_location = (
    ^^^^^^^^^^^^^^^^^^^^^^^
  File "C:\autoGeneratedApp\linkedInInformationCollection\.venv\Lib\site-packages\selenium\webdriver\chromium\options.py", line 52, in binary_location
    raise TypeError(self.BINARY_LOCATION_ERROR)
TypeError: Binary Location Must be a String

During handling of the above exception, another exception occurred:

Traceback (most recent call last):
  File "C:\autoGeneratedApp\linkedInInformationCollection\.venv\Lib\site-packages\selenium\webdriver\common\driver_finder.py", line 75, in _binary_paths
    raise ValueError(f"The browser path is not a valid file: {output['browser_path']}")
ValueError: The browser path is not a valid file: 

The above exception was the direct cause of the following exception:

Traceback (most recent call last):
  File "C:\autoGeneratedApp\linkedInInformationCollection\main.py", line 42, in check_for_new_posts
    with LinkedInScraper(
         ~~~~~~~~~~~~~~~^
        email=config.LINKEDIN_EMAIL,
        ^^^^^^^^^^^^^^^^^^^^^^^^^^^^
        password=config.LINKEDIN_PASSWORD,
        ^^^^^^^^^^^^^^^^^^^^^^^^^^^^^^^^^^
        headless=config.HEADLESS,
        ^^^^^^^^^^^^^^^^^^^^^^^^^
    ) as scraper:
    ^
  File "C:\autoGeneratedApp\linkedInInformationCollection\scraper.py", line 76, in __enter__
    self._init_driver()
    ~~~~~~~~~~~~~~~~~^^
  File "C:\autoGeneratedApp\linkedInInformationCollection\scraper.py", line 185, in _init_driver
    @staticmethod
    
  File "C:\autoGeneratedApp\linkedInInformationCollection\.venv\Lib\site-packages\selenium\webdriver\chrome\webdriver.py", line 45, in __init__
    super().__init__(
    ~~~~~~~~~~~~~~~~^
        browser_name=DesiredCapabilities.CHROME["browserName"],
        ^^^^^^^^^^^^^^^^^^^^^^^^^^^^^^^^^^^^^^^^^^^^^^^^^^^^^^^
    ...<3 lines>...
        keep_alive=keep_alive,
        ^^^^^^^^^^^^^^^^^^^^^^
    )
    ^
  File "C:\autoGeneratedApp\linkedInInformationCollection\.venv\Lib\site-packages\selenium\webdriver\chromium\webdriver.py", line 50, in __init__
    if finder.get_browser_path():
       ~~~~~~~~~~~~~~~~~~~~~~~^^
  File "C:\autoGeneratedApp\linkedInInformationCollection\.venv\Lib\site-packages\selenium\webdriver\common\driver_finder.py", line 47, in get_browser_path
    return self._binary_paths()["browser_path"]
           ~~~~~~~~~~~~~~~~~~^^
  File "C:\autoGeneratedApp\linkedInInformationCollection\.venv\Lib\site-packages\selenium\webdriver\common\driver_finder.py", line 78, in _binary_paths
    raise NoSuchDriverException(msg) from err
selenium.common.exceptions.NoSuchDriverException: Message: Unable to obtain driver for chrome; For documentation on this error, please visit: https://www.selenium.dev/documentation/webdriver/troubleshooting/errors/driver_location

2026-03-27 22:46:16,817 [INFO] __main__ - ▶ 开始检查新动态 …
2026-03-27 22:46:16,862 [WARNING] scraper - 未检测到 Chrome 可执行文件，将使用默认方式启动浏览器
2026-03-27 22:46:59,395 [INFO] undetected_chromedriver.patcher - patching driver executable C:\Users\ANGUTANG\appdata\roaming\undetected_chromedriver\undetected_chromedriver.exe
2026-03-27 22:47:00,748 [WARNING] scraper - undetected_chromedriver 初始化失败，回退到 Selenium Chrome 驱动: Binary Location Must be a String
2026-03-27 22:47:00,912 [ERROR] __main__ - 抓取过程出现未预期错误: Message: Unable to obtain driver for chrome; For documentation on this error, please visit: https://www.selenium.dev/documentation/webdriver/troubleshooting/errors/driver_location
Traceback (most recent call last):
  File "C:\autoGeneratedApp\linkedInInformationCollection\scraper.py", line 174, in _init_driver
    options.add_argument("--window-size=1920,1080")
                       ^^^^^^^^^^^^^^^^^^^^^^^^^^
  File "C:\autoGeneratedApp\linkedInInformationCollection\.venv\Lib\site-packages\undetected_chromedriver\__init__.py", line 372, in __init__
    options.binary_location = (
    ^^^^^^^^^^^^^^^^^^^^^^^
  File "C:\autoGeneratedApp\linkedInInformationCollection\.venv\Lib\site-packages\selenium\webdriver\chromium\options.py", line 52, in binary_location
    raise TypeError(self.BINARY_LOCATION_ERROR)
TypeError: Binary Location Must be a String

During handling of the above exception, another exception occurred:

Traceback (most recent call last):
  File "C:\autoGeneratedApp\linkedInInformationCollection\.venv\Lib\site-packages\selenium\webdriver\common\driver_finder.py", line 75, in _binary_paths
    raise ValueError(f"The browser path is not a valid file: {output['browser_path']}")
ValueError: The browser path is not a valid file: 

The above exception was the direct cause of the following exception:

Traceback (most recent call last):
  File "C:\autoGeneratedApp\linkedInInformationCollection\main.py", line 42, in check_for_new_posts
    with LinkedInScraper(
         ~~~~~~~~~~~~~~~^
        email=config.LINKEDIN_EMAIL,
        ^^^^^^^^^^^^^^^^^^^^^^^^^^^^
        password=config.LINKEDIN_PASSWORD,
        ^^^^^^^^^^^^^^^^^^^^^^^^^^^^^^^^^^
        headless=config.HEADLESS,
        ^^^^^^^^^^^^^^^^^^^^^^^^^
    ) as scraper:
    ^
  File "C:\autoGeneratedApp\linkedInInformationCollection\scraper.py", line 76, in __enter__
    self._init_driver()
    ~~~~~~~~~~~~~~~~~^^
  File "C:\autoGeneratedApp\linkedInInformationCollection\scraper.py", line 185, in _init_driver
    @staticmethod
    
  File "C:\autoGeneratedApp\linkedInInformationCollection\.venv\Lib\site-packages\selenium\webdriver\chrome\webdriver.py", line 45, in __init__
    super().__init__(
    ~~~~~~~~~~~~~~~~^
        browser_name=DesiredCapabilities.CHROME["browserName"],
        ^^^^^^^^^^^^^^^^^^^^^^^^^^^^^^^^^^^^^^^^^^^^^^^^^^^^^^^
    ...<3 lines>...
        keep_alive=keep_alive,
        ^^^^^^^^^^^^^^^^^^^^^^
    )
    ^
  File "C:\autoGeneratedApp\linkedInInformationCollection\.venv\Lib\site-packages\selenium\webdriver\chromium\webdriver.py", line 50, in __init__
    if finder.get_browser_path():
       ~~~~~~~~~~~~~~~~~~~~~~~^^
  File "C:\autoGeneratedApp\linkedInInformationCollection\.venv\Lib\site-packages\selenium\webdriver\common\driver_finder.py", line 47, in get_browser_path
    return self._binary_paths()["browser_path"]
           ~~~~~~~~~~~~~~~~~~^^
  File "C:\autoGeneratedApp\linkedInInformationCollection\.venv\Lib\site-packages\selenium\webdriver\common\driver_finder.py", line 78, in _binary_paths
    raise NoSuchDriverException(msg) from err
selenium.common.exceptions.NoSuchDriverException: Message: Unable to obtain driver for chrome; For documentation on this error, please visit: https://www.selenium.dev/documentation/webdriver/troubleshooting/errors/driver_location

2026-03-27 22:52:00,915 [INFO] __main__ - ▶ 开始检查新动态 …
2026-03-27 22:52:00,937 [WARNING] scraper - 未检测到 Chrome 可执行文件，将使用默认方式启动浏览器
2026-03-27 22:52:38,740 [INFO] undetected_chromedriver.patcher - patching driver executable C:\Users\ANGUTANG\appdata\roaming\undetected_chromedriver\undetected_chromedriver.exe
2026-03-27 22:52:40,004 [WARNING] scraper - undetected_chromedriver 初始化失败，回退到 Selenium Chrome 驱动: Binary Location Must be a String
2026-03-27 22:54:38,808 [WARNING] selenium.webdriver.common.selenium_manager - There was an error managing chromedriver (error sending request for url (https://chromedriver.storage.googleapis.com/LATEST_RELEASE_103)); using driver found in the cache
2026-03-27 22:54:38,809 [WARNING] selenium.webdriver.common.selenium_manager - Error sending stats to Plausible: error sending request for url (https://plausible.io/api/event)
2026-03-27 22:54:38,810 [ERROR] __main__ - 抓取过程出现未预期错误: Message: Unable to obtain driver for chrome; For documentation on this error, please visit: https://www.selenium.dev/documentation/webdriver/troubleshooting/errors/driver_location
Traceback (most recent call last):
  File "C:\autoGeneratedApp\linkedInInformationCollection\scraper.py", line 174, in _init_driver
    options.add_argument("--window-size=1920,1080")
                       ^^^^^^^^^^^^^^^^^^^^^^^^^^
  File "C:\autoGeneratedApp\linkedInInformationCollection\.venv\Lib\site-packages\undetected_chromedriver\__init__.py", line 372, in __init__
    options.binary_location = (
    ^^^^^^^^^^^^^^^^^^^^^^^
  File "C:\autoGeneratedApp\linkedInInformationCollection\.venv\Lib\site-packages\selenium\webdriver\chromium\options.py", line 52, in binary_location
    raise TypeError(self.BINARY_LOCATION_ERROR)
TypeError: Binary Location Must be a String

During handling of the above exception, another exception occurred:

Traceback (most recent call last):
  File "C:\autoGeneratedApp\linkedInInformationCollection\.venv\Lib\site-packages\selenium\webdriver\common\driver_finder.py", line 75, in _binary_paths
    raise ValueError(f"The browser path is not a valid file: {output['browser_path']}")
ValueError: The browser path is not a valid file: 

The above exception was the direct cause of the following exception:

Traceback (most recent call last):
  File "C:\autoGeneratedApp\linkedInInformationCollection\main.py", line 42, in check_for_new_posts
    with LinkedInScraper(
         ~~~~~~~~~~~~~~~^
        email=config.LINKEDIN_EMAIL,
        ^^^^^^^^^^^^^^^^^^^^^^^^^^^^
        password=config.LINKEDIN_PASSWORD,
        ^^^^^^^^^^^^^^^^^^^^^^^^^^^^^^^^^^
        headless=config.HEADLESS,
        ^^^^^^^^^^^^^^^^^^^^^^^^^
    ) as scraper:
    ^
  File "C:\autoGeneratedApp\linkedInInformationCollection\scraper.py", line 76, in __enter__
    self._init_driver()
    ~~~~~~~~~~~~~~~~~^^
  File "C:\autoGeneratedApp\linkedInInformationCollection\scraper.py", line 185, in _init_driver
    @staticmethod
    
  File "C:\autoGeneratedApp\linkedInInformationCollection\.venv\Lib\site-packages\selenium\webdriver\chrome\webdriver.py", line 45, in __init__
    super().__init__(
    ~~~~~~~~~~~~~~~~^
        browser_name=DesiredCapabilities.CHROME["browserName"],
        ^^^^^^^^^^^^^^^^^^^^^^^^^^^^^^^^^^^^^^^^^^^^^^^^^^^^^^^
    ...<3 lines>...
        keep_alive=keep_alive,
        ^^^^^^^^^^^^^^^^^^^^^^
    )
    ^
  File "C:\autoGeneratedApp\linkedInInformationCollection\.venv\Lib\site-packages\selenium\webdriver\chromium\webdriver.py", line 50, in __init__
    if finder.get_browser_path():
       ~~~~~~~~~~~~~~~~~~~~~~~^^
  File "C:\autoGeneratedApp\linkedInInformationCollection\.venv\Lib\site-packages\selenium\webdriver\common\driver_finder.py", line 47, in get_browser_path
    return self._binary_paths()["browser_path"]
           ~~~~~~~~~~~~~~~~~~^^
  File "C:\autoGeneratedApp\linkedInInformationCollection\.venv\Lib\site-packages\selenium\webdriver\common\driver_finder.py", line 78, in _binary_paths
    raise NoSuchDriverException(msg) from err
selenium.common.exceptions.NoSuchDriverException: Message: Unable to obtain driver for chrome; For documentation on this error, please visit: https://www.selenium.dev/documentation/webdriver/troubleshooting/errors/driver_location

2026-03-28 10:18:52,009 [INFO] __main__ - ============================================================
2026-03-28 10:18:52,011 [INFO] __main__ - LinkedIn 动态追踪器已启动
2026-03-28 10:18:52,011 [INFO] __main__ - 监控目标: https://www.linkedin.com/in/%E4%B8%80%E4%B9%9F-%E5%94%90-297422295/
2026-03-28 10:18:52,012 [INFO] __main__ - 检查间隔: 5 分钟
2026-03-28 10:18:52,012 [INFO] __main__ - 通知邮箱: 360142420@qq.com
2026-03-28 10:18:52,013 [INFO] __main__ - ============================================================
2026-03-28 10:18:52,013 [INFO] __main__ - ▶ 开始检查新动态 …
2026-03-28 10:18:58,099 [INFO] scraper - Edge 浏览器已启动（无头模式: False）
2026-03-28 10:18:58,109 [INFO] scraper - 正在登录 LinkedIn …
2026-03-28 10:19:00,779 [ERROR] scraper - 登录过程发生意外错误: Message: no such window: target window already closed
from unknown error: web view not found
  (Session info: MicrosoftEdge=146.0.3856.84)
Stacktrace:
	msedgedriver!GetHandleVerifier [0x7ff71df21285+da15]
	msedgedriver!GetHandleVerifier [0x7ff71df212e4+da74]
	msedgedriver!GetHandleVerifier [0x7ff71e28f8dc+37c06c]
	msedgedriver!(No symbol) [0x7ff71dc2f18d]
	msedgedriver!(No symbol) [0x7ff71dcba3cc]
	msedgedriver!(No symbol) [0x7ff71dcd00ef]
	msedgedriver!(No symbol) [0x7ff71dc8b1fc]
	msedgedriver!(No symbol) [0x7ff71dc8a456]
	msedgedriver!(No symbol) [0x7ff71dc8b023]
	msedgedriver!(No symbol) [0x7ff71dd58b69]
	msedgedriver!(No symbol) [0x7ff71dd55103]
	msedgedriver!(No symbol) [0x7ff71dd64d14]
	msedgedriver!GetHandleVerifier [0x7ff71df3c108+28898]
	msedgedriver!GetHandleVerifier [0x7ff71df448c6+31056]
	msedgedriver!GetHandleVerifier [0x7ff71df289c4+15154]
	msedgedriver!GetHandleVerifier [0x7ff71df28b09+15299]
	msedgedriver!GetHandleVerifier [0x7ff71df15d02+2492]
	KERNEL32!BaseThreadInitThunk [0x7ff83ba5e8d7+17]
	ntdll!RtlUserThreadStart [0x7ff83c00c53c+2c]
Traceback (most recent call last):
  File "C:\autoGeneratedApp\linkedInInformationCollection\scraper.py", line 93, in login
    email_field = wait.until(
        EC.presence_of_element_located((By.ID, "username"))
    )
  File "C:\autoGeneratedApp\linkedInInformationCollection\.venv\Lib\site-packages\selenium\webdriver\support\wait.py", line 112, in until
    value = method(self._driver)
  File "C:\autoGeneratedApp\linkedInInformationCollection\.venv\Lib\site-packages\selenium\webdriver\support\expected_conditions.py", line 92, in _predicate
    return driver.find_element(*locator)
           ~~~~~~~~~~~~~~~~~~~^^^^^^^^^^
  File "C:\autoGeneratedApp\linkedInInformationCollection\.venv\Lib\site-packages\selenium\webdriver\remote\webdriver.py", line 816, in find_element
    return self.execute(Command.FIND_ELEMENT, {"using": by, "value": value})["value"]
           ~~~~~~~~~~~~^^^^^^^^^^^^^^^^^^^^^^^^^^^^^^^^^^^^^^^^^^^^^^^^^^^^^
  File "C:\autoGeneratedApp\linkedInInformationCollection\.venv\Lib\site-packages\selenium\webdriver\remote\webdriver.py", line 446, in execute
    self.error_handler.check_response(response)
    ~~~~~~~~~~~~~~~~~~~~~~~~~~~~~~~~~^^^^^^^^^^
  File "C:\autoGeneratedApp\linkedInInformationCollection\.venv\Lib\site-packages\selenium\webdriver\remote\errorhandler.py", line 232, in check_response
    raise exception_class(message, screen, stacktrace)
selenium.common.exceptions.NoSuchWindowException: Message: no such window: target window already closed
from unknown error: web view not found
  (Session info: MicrosoftEdge=146.0.3856.84)
Stacktrace:
	msedgedriver!GetHandleVerifier [0x7ff71df21285+da15]
	msedgedriver!GetHandleVerifier [0x7ff71df212e4+da74]
	msedgedriver!GetHandleVerifier [0x7ff71e28f8dc+37c06c]
	msedgedriver!(No symbol) [0x7ff71dc2f18d]
	msedgedriver!(No symbol) [0x7ff71dcba3cc]
	msedgedriver!(No symbol) [0x7ff71dcd00ef]
	msedgedriver!(No symbol) [0x7ff71dc8b1fc]
	msedgedriver!(No symbol) [0x7ff71dc8a456]
	msedgedriver!(No symbol) [0x7ff71dc8b023]
	msedgedriver!(No symbol) [0x7ff71dd58b69]
	msedgedriver!(No symbol) [0x7ff71dd55103]
	msedgedriver!(No symbol) [0x7ff71dd64d14]
	msedgedriver!GetHandleVerifier [0x7ff71df3c108+28898]
	msedgedriver!GetHandleVerifier [0x7ff71df448c6+31056]
	msedgedriver!GetHandleVerifier [0x7ff71df289c4+15154]
	msedgedriver!GetHandleVerifier [0x7ff71df28b09+15299]
	msedgedriver!GetHandleVerifier [0x7ff71df15d02+2492]
	KERNEL32!BaseThreadInitThunk [0x7ff83ba5e8d7+17]
	ntdll!RtlUserThreadStart [0x7ff83c00c53c+2c]

2026-03-28 10:19:00,876 [ERROR] __main__ - 登录失败，本次检查跳过
2026-03-28 10:19:06,768 [INFO] scraper - 浏览器已关闭
2026-03-28 10:19:06,768 [INFO] __main__ - 定时任务已设置，按 Ctrl+C 停止程序
2026-03-28 10:29:30,241 [INFO] __main__ - ============================================================
2026-03-28 10:29:30,241 [INFO] __main__ - LinkedIn 动态追踪器已启动
2026-03-28 10:29:30,242 [INFO] __main__ - 监控目标: https://www.linkedin.com/in/%E4%B8%80%E4%B9%9F-%E5%94%90-297422295/
2026-03-28 10:29:30,242 [INFO] __main__ - 检查间隔: 5 分钟
2026-03-28 10:29:30,242 [INFO] __main__ - 通知邮箱: 360142420@qq.com
2026-03-28 10:29:30,243 [INFO] __main__ - ============================================================
2026-03-28 10:29:30,243 [INFO] __main__ - ▶ 开始检查新动态 …
2026-03-28 10:29:31,798 [INFO] scraper - Edge 浏览器已启动（无头模式: False）
2026-03-28 10:29:31,798 [INFO] scraper - 正在登录 LinkedIn …
2026-03-28 10:29:44,134 [WARNING] scraper - 检测到 LinkedIn 安全验证，请手动完成后程序自动继续（等待 60 秒）
2026-03-28 10:30:44,144 [ERROR] scraper - 登录失败，当前页面: https://www.linkedin.com/mypreferences/d/two-step-challenges?challengeType=EPC&successUrl=%2Fd%2Ftwo-factor-authentication%2Fenroll
2026-03-28 10:30:44,145 [ERROR] __main__ - 登录失败，本次检查跳过
2026-03-28 10:30:46,878 [INFO] scraper - 浏览器已关闭
2026-03-28 10:30:46,880 [INFO] __main__ - 定时任务已设置，按 Ctrl+C 停止程序
2026-03-28 10:36:16,877 [INFO] __main__ - ▶ 开始检查新动态 …
2026-03-28 10:36:18,440 [INFO] scraper - Edge 浏览器已启动（无头模式: False）
2026-03-28 10:36:18,440 [INFO] scraper - 正在登录 LinkedIn …
2026-03-28 10:36:31,189 [ERROR] scraper - 登录失败，当前页面: https://www.linkedin.com/mypreferences/d/categories/account
2026-03-28 10:36:31,189 [ERROR] __main__ - 登录失败，本次检查跳过
2026-03-28 10:36:33,764 [INFO] scraper - 浏览器已关闭
2026-03-28 10:37:18,533 [INFO] __main__ - ============================================================
2026-03-28 10:37:18,534 [INFO] __main__ - LinkedIn 动态追踪器已启动
2026-03-28 10:37:18,534 [INFO] __main__ - 监控目标: https://www.linkedin.com/in/%E4%B8%80%E4%B9%9F-%E5%94%90-297422295/
2026-03-28 10:37:18,535 [INFO] __main__ - 检查间隔: 5 分钟
2026-03-28 10:37:18,535 [INFO] __main__ - 通知邮箱: 360142420@qq.com
2026-03-28 10:37:18,535 [INFO] __main__ - ============================================================
2026-03-28 10:37:18,536 [INFO] __main__ - ▶ 开始检查新动态 …
2026-03-28 10:37:20,519 [INFO] scraper - Edge 浏览器已启动（无头模式: False，会话目录: C:\autoGeneratedApp\linkedInInformationCollection\.edge_profile）
2026-03-28 10:37:20,522 [INFO] scraper - 正在登录 LinkedIn …
2026-03-28 10:37:40,394 [ERROR] scraper - 登录失败，当前页面: https://www.linkedin.com/mypreferences/d/categories/account
2026-03-28 10:37:40,395 [ERROR] __main__ - 登录失败，本次检查跳过
2026-03-28 10:37:52,800 [INFO] scraper - 浏览器已关闭
2026-03-28 10:37:52,801 [INFO] __main__ - 定时任务已设置，按 Ctrl+C 停止程序
2026-03-28 10:42:03,763 [INFO] __main__ - ▶ 开始检查新动态 …
2026-03-28 10:42:04,669 [INFO] scraper - Edge 浏览器已启动（无头模式: False）
2026-03-28 10:42:04,670 [INFO] scraper - 正在登录 LinkedIn …
2026-03-28 10:42:13,269 [ERROR] scraper - 登录失败，当前页面: https://www.linkedin.com/mypreferences/d/categories/account
2026-03-28 10:42:13,269 [ERROR] __main__ - 登录失败，本次检查跳过
2026-03-28 10:42:15,564 [INFO] scraper - 浏览器已关闭
2026-03-28 10:46:22,797 [INFO] __main__ - ============================================================
2026-03-28 10:46:22,797 [INFO] __main__ - LinkedIn 动态追踪器已启动
2026-03-28 10:46:22,797 [INFO] __main__ - 监控目标: https://www.linkedin.com/in/%E4%B8%80%E4%B9%9F-%E5%94%90-297422295/
2026-03-28 10:46:22,797 [INFO] __main__ - 检查间隔: 5 分钟
2026-03-28 10:46:22,798 [INFO] __main__ - 通知邮箱: 360142420@qq.com
2026-03-28 10:46:22,798 [INFO] __main__ - ============================================================
2026-03-28 10:46:22,798 [INFO] __main__ - ▶ 开始检查新动态 …
2026-03-28 10:46:23,757 [INFO] scraper - Edge 浏览器已启动（无头模式: False，会话目录: C:\autoGeneratedApp\linkedInInformationCollection\.edge_profile）
2026-03-28 10:46:23,757 [INFO] scraper - 正在登录 LinkedIn …
2026-03-28 10:46:33,986 [INFO] scraper - 登录成功
2026-03-28 10:46:33,986 [INFO] scraper - 访问用户动态页: https://www.linkedin.com/in/%E4%B8%80%E4%B9%9F-%E5%94%90-297422295/recent-activity/all/
2026-03-28 10:46:40,563 [WARNING] scraper - 页面上未找到帖子容器，可能该用户设置了隐私或页面结构已变化
2026-03-28 10:46:40,563 [INFO] scraper - 共抓取到 0 条帖子
2026-03-28 10:46:52,735 [INFO] scraper - 浏览器已关闭
2026-03-28 10:46:52,735 [INFO] __main__ - 未获取到任何帖子（可能受隐私设置限制）
2026-03-28 10:46:52,735 [INFO] __main__ - 定时任务已设置，按 Ctrl+C 停止程序
2026-03-28 10:47:45,562 [INFO] __main__ - ▶ 开始检查新动态 …
2026-03-28 10:47:46,391 [INFO] scraper - Edge 浏览器已启动（无头模式: False）
2026-03-28 10:47:46,391 [INFO] scraper - 正在登录 LinkedIn …
2026-03-28 10:47:53,973 [ERROR] scraper - 登录失败，当前页面: https://www.linkedin.com/mypreferences/d/categories/account
2026-03-28 10:47:53,973 [ERROR] __main__ - 登录失败，本次检查跳过
2026-03-28 10:47:56,321 [INFO] scraper - 浏览器已关闭
2026-03-28 10:52:22,733 [INFO] __main__ - ▶ 开始检查新动态 …
2026-03-28 10:52:23,620 [INFO] scraper - Edge 浏览器已启动（无头模式: False，会话目录: C:\autoGeneratedApp\linkedInInformationCollection\.edge_profile）
2026-03-28 10:52:23,621 [INFO] scraper - 正在登录 LinkedIn …
2026-03-28 10:52:35,279 [INFO] scraper - 登录成功
2026-03-28 10:52:35,279 [INFO] scraper - 访问用户动态页: https://www.linkedin.com/in/%E4%B8%80%E4%B9%9F-%E5%94%90-297422295/recent-activity/all/
2026-03-28 10:52:41,826 [WARNING] scraper - 页面上未找到帖子容器，可能该用户设置了隐私或页面结构已变化
2026-03-28 10:52:41,827 [INFO] scraper - 共抓取到 0 条帖子
2026-03-28 10:52:53,942 [INFO] scraper - 浏览器已关闭
2026-03-28 10:52:53,943 [INFO] __main__ - 未获取到任何帖子（可能受隐私设置限制）
2026-03-28 10:53:26,319 [INFO] __main__ - ▶ 开始检查新动态 …
2026-03-28 10:53:27,178 [INFO] scraper - Edge 浏览器已启动（无头模式: False）
2026-03-28 10:53:27,178 [INFO] scraper - 正在登录 LinkedIn …
2026-03-28 10:53:34,776 [ERROR] scraper - 登录失败，当前页面: https://www.linkedin.com/mypreferences/d/categories/account
2026-03-28 10:53:34,776 [ERROR] __main__ - 登录失败，本次检查跳过
2026-03-28 10:53:37,481 [INFO] scraper - 浏览器已关闭
2026-03-28 10:55:48,853 [INFO] __main__ - ============================================================
2026-03-28 10:55:48,853 [INFO] __main__ - LinkedIn 动态追踪器已启动
2026-03-28 10:55:48,853 [INFO] __main__ - 监控目标: https://www.linkedin.com/in/%E4%B8%80%E4%B9%9F-%E5%94%90-297422295/
2026-03-28 10:55:48,853 [INFO] __main__ - 检查间隔: 5 分钟
2026-03-28 10:55:48,853 [INFO] __main__ - 通知邮箱: 360142420@qq.com
2026-03-28 10:55:48,853 [INFO] __main__ - ============================================================
2026-03-28 10:55:48,854 [INFO] __main__ - ▶ 开始检查新动态 …
2026-03-28 10:55:49,790 [INFO] scraper - Edge 浏览器已启动（无头模式: False，会话目录: C:\autoGeneratedApp\linkedInInformationCollection\.edge_profile）
2026-03-28 10:55:49,790 [INFO] scraper - 正在登录 LinkedIn …
2026-03-28 10:56:30,370 [INFO] scraper - 检测到已存在登录会话，跳过账号密码输入
2026-03-28 10:56:30,371 [INFO] scraper - 访问用户动态页: https://www.linkedin.com/in/%E4%B8%80%E4%B9%9F-%E5%94%90-297422295/recent-activity/all/
2026-03-28 10:56:44,045 [INFO] scraper - 共抓取到 2 条帖子
2026-03-28 10:56:56,284 [INFO] scraper - 浏览器已关闭
2026-03-28 10:56:56,284 [INFO] __main__ - 首次运行，将当前 2 条帖子标记为已知，不发送通知
2026-03-28 10:56:56,286 [INFO] __main__ - 定时任务已设置，按 Ctrl+C 停止程序
2026-03-28 10:59:07,480 [INFO] __main__ - ▶ 开始检查新动态 …
2026-03-28 10:59:08,318 [INFO] scraper - Edge 浏览器已启动（无头模式: False）
2026-03-28 10:59:08,319 [INFO] scraper - 正在登录 LinkedIn …
2026-03-28 10:59:54,387 [INFO] scraper - 登录成功
2026-03-28 10:59:54,388 [INFO] scraper - 访问用户动态页: https://www.linkedin.com/in/%E4%B8%80%E4%B9%9F-%E5%94%90-297422295/recent-activity/all/
2026-03-28 11:00:09,206 [INFO] scraper - 共抓取到 3 条帖子
2026-03-28 11:00:11,512 [INFO] scraper - 浏览器已关闭
2026-03-28 11:00:11,512 [INFO] __main__ - ★ 发现 1 条新帖子，准备发送邮件通知 …
2026-03-28 11:00:16,963 [INFO] notifier - 通知邮件已发送至 360142420@qq.com
2026-03-28 11:01:56,287 [INFO] __main__ - ▶ 开始检查新动态 …
2026-03-28 11:01:57,154 [INFO] scraper - Edge 浏览器已启动（无头模式: False，会话目录: C:\autoGeneratedApp\linkedInInformationCollection\.edge_profile）
2026-03-28 11:01:57,154 [INFO] scraper - 正在登录 LinkedIn …
2026-03-28 11:02:04,466 [INFO] scraper - 检测到已存在登录会话，跳过账号密码输入
2026-03-28 11:02:04,467 [INFO] scraper - 访问用户动态页: https://www.linkedin.com/in/%E4%B8%80%E4%B9%9F-%E5%94%90-297422295/recent-activity/all/
2026-03-28 11:02:17,653 [INFO] scraper - 共抓取到 3 条帖子
2026-03-28 11:02:29,795 [INFO] scraper - 浏览器已关闭
2026-03-28 11:02:29,795 [INFO] __main__ - ✔ 无新动态
2026-03-28 11:05:46,964 [INFO] __main__ - ▶ 开始检查新动态 …
2026-03-28 11:05:47,861 [INFO] scraper - Edge 浏览器已启动（无头模式: False）
2026-03-28 11:05:47,862 [INFO] scraper - 正在登录 LinkedIn …
2026-03-28 11:06:33,507 [INFO] scraper - 登录成功
2026-03-28 11:06:33,508 [INFO] scraper - 访问用户动态页: https://www.linkedin.com/in/%E4%B8%80%E4%B9%9F-%E5%94%90-297422295/recent-activity/all/
2026-03-28 11:06:49,511 [INFO] scraper - 共抓取到 3 条帖子
2026-03-28 11:06:51,889 [INFO] scraper - 浏览器已关闭
2026-03-28 11:06:51,890 [INFO] __main__ - ✔ 无新动态
2026-03-28 11:08:10,662 [INFO] __main__ - ============================================================
2026-03-28 11:08:10,662 [INFO] __main__ - LinkedIn 动态追踪器已启动
2026-03-28 11:08:10,662 [INFO] __main__ - 监控目标: https://www.linkedin.com/in/jianshu-dong-1191b9129/
2026-03-28 11:08:10,663 [INFO] __main__ - 检查间隔: 5 分钟
2026-03-28 11:08:10,663 [INFO] __main__ - 通知邮箱: 360142420@qq.com
2026-03-28 11:08:10,663 [INFO] __main__ - ============================================================
2026-03-28 11:08:10,663 [INFO] __main__ - ▶ 开始检查新动态 …
2026-03-28 11:08:11,812 [INFO] scraper - Edge 浏览器已启动（无头模式: False，会话目录: C:\autoGeneratedApp\linkedInInformationCollection\.edge_profile）
2026-03-28 11:08:11,813 [INFO] scraper - 正在登录 LinkedIn …
2026-03-28 11:08:18,517 [INFO] scraper - 检测到已存在登录会话，跳过账号密码输入
2026-03-28 11:08:18,518 [INFO] scraper - 访问用户动态页: https://www.linkedin.com/in/jianshu-dong-1191b9129/recent-activity/all/
2026-03-28 11:08:27,578 [INFO] scraper - 共抓取到 5 条帖子
2026-03-28 11:08:39,748 [INFO] scraper - 浏览器已关闭
2026-03-28 11:08:39,748 [INFO] __main__ - 首次运行，将当前 5 条帖子标记为已知，不发送通知
2026-03-28 11:08:39,749 [INFO] __main__ - 定时任务已设置，按 Ctrl+C 停止程序
2026-03-28 11:12:21,890 [INFO] __main__ - ▶ 开始检查新动态 …
2026-03-28 11:12:22,725 [INFO] scraper - Edge 浏览器已启动（无头模式: False）
2026-03-28 11:12:22,726 [INFO] scraper - 正在登录 LinkedIn …
2026-03-28 11:13:08,403 [INFO] scraper - 登录成功
2026-03-28 11:13:08,403 [INFO] scraper - 访问用户动态页: https://www.linkedin.com/in/%E4%B8%80%E4%B9%9F-%E5%94%90-297422295/recent-activity/all/
2026-03-28 11:13:23,628 [INFO] scraper - 共抓取到 3 条帖子
2026-03-28 11:13:25,955 [INFO] scraper - 浏览器已关闭
2026-03-28 11:13:25,955 [INFO] __main__ - ★ 发现 3 条新帖子，准备发送邮件通知 …
2026-03-28 11:13:29,687 [INFO] notifier - 通知邮件已发送至 360142420@qq.com
2026-03-28 11:13:39,750 [INFO] __main__ - ▶ 开始检查新动态 …
2026-03-28 11:13:40,628 [INFO] scraper - Edge 浏览器已启动（无头模式: False，会话目录: C:\autoGeneratedApp\linkedInInformationCollection\.edge_profile）
2026-03-28 11:13:40,628 [INFO] scraper - 正在登录 LinkedIn …
2026-03-28 11:13:47,453 [INFO] scraper - 检测到已存在登录会话，跳过账号密码输入
2026-03-28 11:13:47,454 [INFO] scraper - 访问用户动态页: https://www.linkedin.com/in/jianshu-dong-1191b9129/recent-activity/all/
2026-03-28 11:13:55,797 [INFO] scraper - 共抓取到 5 条帖子
2026-03-28 11:14:07,939 [INFO] scraper - 浏览器已关闭
2026-03-28 11:14:07,939 [INFO] __main__ - ✔ 无新动态
2026-03-28 11:18:29,689 [INFO] __main__ - ▶ 开始检查新动态 …
2026-03-28 11:18:30,517 [INFO] scraper - Edge 浏览器已启动（无头模式: False）
2026-03-28 11:18:30,517 [INFO] scraper - 正在登录 LinkedIn …
2026-03-28 11:19:07,940 [INFO] __main__ - ▶ 开始检查新动态 …
2026-03-28 11:19:09,368 [INFO] scraper - Edge 浏览器已启动（无头模式: False，会话目录: C:\autoGeneratedApp\linkedInInformationCollection\.edge_profile）
2026-03-28 11:19:09,369 [INFO] scraper - 正在登录 LinkedIn …
2026-03-28 11:19:17,042 [INFO] scraper - 检测到已存在登录会话，跳过账号密码输入
2026-03-28 11:19:17,042 [INFO] scraper - 访问用户动态页: https://www.linkedin.com/in/jianshu-dong-1191b9129/recent-activity/all/
2026-03-28 11:19:17,619 [INFO] scraper - 登录成功
2026-03-28 11:19:17,620 [INFO] scraper - 访问用户动态页: https://www.linkedin.com/in/%E4%B8%80%E4%B9%9F-%E5%94%90-297422295/recent-activity/all/
2026-03-28 11:19:49,770 [INFO] scraper - 共抓取到 3 条帖子
2026-03-28 11:19:52,060 [INFO] scraper - 浏览器已关闭
2026-03-28 11:19:52,060 [INFO] __main__ - ✔ 无新动态
2026-03-28 11:19:57,610 [INFO] scraper - 共抓取到 5 条帖子
2026-03-28 11:20:09,756 [INFO] scraper - 浏览器已关闭
2026-03-28 11:20:09,756 [INFO] __main__ - ✔ 无新动态
2026-03-28 11:24:52,062 [INFO] __main__ - ▶ 开始检查新动态 …
2026-03-28 11:24:52,924 [INFO] scraper - Edge 浏览器已启动（无头模式: False）
2026-03-28 11:24:52,925 [INFO] scraper - 正在登录 LinkedIn …
2026-03-28 11:24:54,683 [INFO] __main__ - ============================================================
2026-03-28 11:24:54,683 [INFO] __main__ - LinkedIn 动态追踪器已启动
2026-03-28 11:24:54,683 [INFO] __main__ - 监控目标: https://www.linkedin.com/in/jianshu-dong-1191b9129/
2026-03-28 11:24:54,683 [INFO] __main__ - 检查间隔: 5 分钟
2026-03-28 11:24:54,684 [INFO] __main__ - 通知邮箱: 360142420@qq.com
2026-03-28 11:24:54,684 [INFO] __main__ - ============================================================
2026-03-28 11:24:54,684 [INFO] __main__ - ▶ 开始检查新动态 …
2026-03-28 11:24:55,593 [INFO] scraper - Edge 浏览器已启动（无头模式: False，会话目录: C:\autoGeneratedApp\linkedInInformationCollection\.edge_profile）
2026-03-28 11:24:55,593 [INFO] scraper - 正在登录 LinkedIn …
2026-03-28 11:25:03,303 [INFO] scraper - 检测到已存在登录会话，跳过账号密码输入
2026-03-28 11:25:03,303 [INFO] __main__ - 浏览器已启动并登录，后续检查将复用此会话
2026-03-28 11:25:03,304 [INFO] scraper - 访问用户动态页: https://www.linkedin.com/in/jianshu-dong-1191b9129/recent-activity/all/
2026-03-28 11:25:18,509 [INFO] scraper - 共抓取到 5 条帖子
2026-03-28 11:25:18,509 [INFO] __main__ - ✔ 无新动态
2026-03-28 11:25:18,509 [INFO] __main__ - 定时任务已设置，按 Ctrl+C 停止程序
2026-03-28 11:26:02,553 [INFO] scraper - 登录成功
2026-03-28 11:26:02,553 [INFO] scraper - 访问用户动态页: https://www.linkedin.com/in/%E4%B8%80%E4%B9%9F-%E5%94%90-297422295/recent-activity/all/
2026-03-28 11:26:17,532 [INFO] scraper - 共抓取到 3 条帖子
2026-03-28 11:26:19,879 [INFO] scraper - 浏览器已关闭
2026-03-28 11:26:19,879 [INFO] __main__ - ✔ 无新动态
2026-03-28 11:30:18,512 [INFO] __main__ - ▶ 开始检查新动态 …
2026-03-28 11:30:18,543 [INFO] scraper - 访问用户动态页: https://www.linkedin.com/in/jianshu-dong-1191b9129/recent-activity/all/
2026-03-28 11:30:35,734 [INFO] scraper - 共抓取到 5 条帖子
2026-03-28 11:30:35,734 [INFO] __main__ - ✔ 无新动态
2026-03-28 11:31:19,881 [INFO] __main__ - ▶ 开始检查新动态 …
2026-03-28 11:31:20,793 [INFO] scraper - Edge 浏览器已启动（无头模式: False）
2026-03-28 11:31:20,794 [INFO] scraper - 正在登录 LinkedIn …
2026-03-28 11:32:16,408 [INFO] scraper - 登录成功
2026-03-28 11:32:16,408 [INFO] scraper - 访问用户动态页: https://www.linkedin.com/in/%E4%B8%80%E4%B9%9F-%E5%94%90-297422295/recent-activity/all/
2026-03-28 11:32:31,021 [INFO] scraper - 共抓取到 3 条帖子
2026-03-28 11:32:33,358 [INFO] scraper - 浏览器已关闭
2026-03-28 11:32:33,358 [INFO] __main__ - ✔ 无新动态
2026-03-28 11:35:35,736 [INFO] __main__ - ▶ 开始检查新动态 …
2026-03-28 11:35:35,764 [INFO] scraper - 访问用户动态页: https://www.linkedin.com/in/jianshu-dong-1191b9129/recent-activity/all/
2026-03-28 11:35:51,873 [INFO] scraper - 共抓取到 5 条帖子
2026-03-28 11:35:51,874 [INFO] __main__ - ✔ 无新动态
2026-03-28 11:37:33,360 [INFO] __main__ - ▶ 开始检查新动态 …
2026-03-28 11:37:34,257 [INFO] scraper - Edge 浏览器已启动（无头模式: False）
2026-03-28 11:37:34,257 [INFO] scraper - 正在登录 LinkedIn …
2026-03-28 11:38:29,729 [INFO] scraper - 登录成功
2026-03-28 11:38:29,730 [INFO] scraper - 访问用户动态页: https://www.linkedin.com/in/%E4%B8%80%E4%B9%9F-%E5%94%90-297422295/recent-activity/all/
2026-03-28 11:38:47,364 [INFO] scraper - 共抓取到 3 条帖子
2026-03-28 11:38:49,683 [INFO] scraper - 浏览器已关闭
2026-03-28 11:38:49,683 [INFO] __main__ - ✔ 无新动态
2026-03-28 11:40:51,876 [INFO] __main__ - ▶ 开始检查新动态 …
2026-03-28 11:40:51,915 [INFO] scraper - 访问用户动态页: https://www.linkedin.com/in/jianshu-dong-1191b9129/recent-activity/all/
2026-03-28 11:41:11,426 [INFO] scraper - 共抓取到 5 条帖子
2026-03-28 11:41:11,427 [INFO] __main__ - ✔ 无新动态
2026-03-28 11:43:49,685 [INFO] __main__ - ▶ 开始检查新动态 …
2026-03-28 11:43:50,574 [INFO] scraper - Edge 浏览器已启动（无头模式: False）
2026-03-28 11:43:50,574 [INFO] scraper - 正在登录 LinkedIn …
2026-03-28 11:44:59,109 [INFO] scraper - 登录成功
2026-03-28 11:44:59,109 [INFO] scraper - 访问用户动态页: https://www.linkedin.com/in/%E4%B8%80%E4%B9%9F-%E5%94%90-297422295/recent-activity/all/
2026-03-28 11:45:15,039 [INFO] scraper - 共抓取到 3 条帖子
2026-03-28 11:45:17,517 [INFO] scraper - 浏览器已关闭
2026-03-28 11:45:17,517 [INFO] __main__ - ✔ 无新动态
2026-03-28 11:46:11,428 [INFO] __main__ - ▶ 开始检查新动态 …
2026-03-28 11:46:11,449 [INFO] scraper - 访问用户动态页: https://www.linkedin.com/in/jianshu-dong-1191b9129/recent-activity/all/
2026-03-28 11:46:28,480 [INFO] scraper - 共抓取到 5 条帖子
2026-03-28 11:46:28,480 [INFO] __main__ - ✔ 无新动态
2026-03-28 11:50:17,519 [INFO] __main__ - ▶ 开始检查新动态 …
2026-03-28 11:50:18,503 [INFO] scraper - Edge 浏览器已启动（无头模式: False）
2026-03-28 11:50:18,503 [INFO] scraper - 正在登录 LinkedIn …
2026-03-28 11:51:14,874 [INFO] scraper - 登录成功
2026-03-28 11:51:14,874 [INFO] scraper - 访问用户动态页: https://www.linkedin.com/in/%E4%B8%80%E4%B9%9F-%E5%94%90-297422295/recent-activity/all/
2026-03-28 11:51:28,482 [INFO] __main__ - ▶ 开始检查新动态 …
2026-03-28 11:51:28,526 [INFO] scraper - 访问用户动态页: https://www.linkedin.com/in/jianshu-dong-1191b9129/recent-activity/all/
2026-03-28 11:51:35,874 [INFO] scraper - 共抓取到 3 条帖子
2026-03-28 11:51:40,499 [INFO] scraper - 浏览器已关闭
2026-03-28 11:51:40,500 [INFO] __main__ - ✔ 无新动态
2026-03-28 11:51:44,952 [INFO] scraper - 共抓取到 5 条帖子
2026-03-28 11:51:44,952 [INFO] __main__ - ✔ 无新动态
2026-03-28 11:56:40,503 [INFO] __main__ - ▶ 开始检查新动态 …
2026-03-28 11:56:41,594 [INFO] scraper - Edge 浏览器已启动（无头模式: False）
2026-03-28 11:56:41,594 [INFO] scraper - 正在登录 LinkedIn …
2026-03-28 11:56:44,955 [INFO] __main__ - ▶ 开始检查新动态 …
2026-03-28 11:56:44,980 [INFO] scraper - 访问用户动态页: https://www.linkedin.com/in/jianshu-dong-1191b9129/recent-activity/all/
2026-03-28 11:56:53,416 [INFO] scraper - 共抓取到 5 条帖子
2026-03-28 11:56:53,417 [INFO] __main__ - ✔ 无新动态
2026-03-28 11:57:08,087 [ERROR] scraper - 登录超时，请检查网络或账号信息
2026-03-28 11:57:08,087 [ERROR] __main__ - 登录失败，本次检查跳过
2026-03-28 11:57:10,474 [INFO] scraper - 浏览器已关闭
2026-03-28 12:01:53,419 [INFO] __main__ - ▶ 开始检查新动态 …
2026-03-28 12:01:53,443 [INFO] scraper - 访问用户动态页: https://www.linkedin.com/in/jianshu-dong-1191b9129/recent-activity/all/
2026-03-28 12:02:10,087 [INFO] scraper - 共抓取到 5 条帖子
2026-03-28 12:02:10,087 [INFO] __main__ - ✔ 无新动态
2026-03-28 12:02:10,478 [INFO] __main__ - ▶ 开始检查新动态 …
2026-03-28 12:02:11,346 [INFO] scraper - Edge 浏览器已启动（无头模式: False）
2026-03-28 12:02:11,347 [INFO] scraper - 正在登录 LinkedIn …
2026-03-28 12:03:14,512 [INFO] scraper - 登录成功
2026-03-28 12:03:14,513 [INFO] scraper - 访问用户动态页: https://www.linkedin.com/in/%E4%B8%80%E4%B9%9F-%E5%94%90-297422295/recent-activity/all/
2026-03-28 12:03:29,763 [INFO] scraper - 共抓取到 3 条帖子
2026-03-28 12:03:32,290 [INFO] scraper - 浏览器已关闭
2026-03-28 12:03:32,290 [INFO] __main__ - ✔ 无新动态
2026-03-28 12:07:10,090 [INFO] __main__ - ▶ 开始检查新动态 …
2026-03-28 12:07:10,128 [INFO] scraper - 访问用户动态页: https://www.linkedin.com/in/jianshu-dong-1191b9129/recent-activity/all/
2026-03-28 12:07:26,078 [INFO] scraper - 共抓取到 5 条帖子
2026-03-28 12:07:26,079 [INFO] __main__ - ✔ 无新动态
2026-03-28 12:08:32,293 [INFO] __main__ - ▶ 开始检查新动态 …
2026-03-28 12:08:33,362 [INFO] scraper - Edge 浏览器已启动（无头模式: False）
2026-03-28 12:08:33,362 [INFO] scraper - 正在登录 LinkedIn …
2026-03-28 12:09:49,119 [INFO] scraper - 登录成功
2026-03-28 12:09:49,119 [INFO] scraper - 访问用户动态页: https://www.linkedin.com/in/%E4%B8%80%E4%B9%9F-%E5%94%90-297422295/recent-activity/all/
2026-03-28 12:10:05,850 [INFO] scraper - 共抓取到 3 条帖子
2026-03-28 12:10:08,297 [INFO] scraper - 浏览器已关闭
2026-03-28 12:10:08,297 [INFO] __main__ - ✔ 无新动态
2026-03-28 12:12:26,082 [INFO] __main__ - ▶ 开始检查新动态 …
2026-03-28 12:12:26,111 [INFO] scraper - 访问用户动态页: https://www.linkedin.com/in/jianshu-dong-1191b9129/recent-activity/all/
2026-03-28 12:12:40,948 [INFO] scraper - 共抓取到 5 条帖子
2026-03-28 12:12:40,949 [INFO] __main__ - ✔ 无新动态
2026-03-28 12:15:08,300 [INFO] __main__ - ▶ 开始检查新动态 …
2026-03-28 12:15:09,183 [INFO] scraper - Edge 浏览器已启动（无头模式: False）
2026-03-28 12:15:09,184 [INFO] scraper - 正在登录 LinkedIn …
2026-03-28 12:15:36,819 [ERROR] scraper - 登录超时，请检查网络或账号信息
2026-03-28 12:15:36,819 [ERROR] __main__ - 登录失败，本次检查跳过
2026-03-28 12:15:39,168 [INFO] scraper - 浏览器已关闭
2026-03-28 12:18:10,941 [INFO] __main__ - ▶ 开始检查新动态 …
2026-03-28 12:18:10,969 [INFO] scraper - 访问用户动态页: https://www.linkedin.com/in/jianshu-dong-1191b9129/recent-activity/all/
2026-03-28 12:18:27,770 [INFO] scraper - 共抓取到 5 条帖子
2026-03-28 12:18:27,770 [INFO] __main__ - ✔ 无新动态
2026-03-28 12:21:09,153 [INFO] __main__ - ▶ 开始检查新动态 …
2026-03-28 12:21:10,724 [INFO] scraper - Edge 浏览器已启动（无头模式: False）
2026-03-28 12:21:10,724 [INFO] scraper - 正在登录 LinkedIn …
2026-03-28 12:22:00,786 [INFO] scraper - 登录成功
2026-03-28 12:22:00,786 [INFO] scraper - 访问用户动态页: https://www.linkedin.com/in/%E4%B8%80%E4%B9%9F-%E5%94%90-297422295/recent-activity/all/
2026-03-28 12:22:16,367 [INFO] scraper - 共抓取到 3 条帖子
2026-03-28 12:22:19,209 [INFO] scraper - 浏览器已关闭
2026-03-28 12:22:19,210 [INFO] __main__ - ✔ 无新动态
2026-03-28 12:23:57,756 [INFO] __main__ - ▶ 开始检查新动态 …
2026-03-28 12:23:57,780 [INFO] scraper - 访问用户动态页: https://www.linkedin.com/in/jianshu-dong-1191b9129/recent-activity/all/
2026-03-28 12:24:15,445 [INFO] scraper - 共抓取到 5 条帖子
2026-03-28 12:24:15,446 [INFO] __main__ - ✔ 无新动态
2026-03-28 12:27:49,196 [INFO] __main__ - ▶ 开始检查新动态 …
2026-03-28 12:27:49,976 [INFO] scraper - Edge 浏览器已启动（无头模式: False）
2026-03-28 12:27:49,977 [INFO] scraper - 正在登录 LinkedIn …
2026-03-28 12:28:40,666 [INFO] scraper - 登录成功
2026-03-28 12:28:40,666 [INFO] scraper - 访问用户动态页: https://www.linkedin.com/in/%E4%B8%80%E4%B9%9F-%E5%94%90-297422295/recent-activity/all/
2026-03-28 12:28:55,720 [INFO] scraper - 共抓取到 3 条帖子
2026-03-28 12:28:58,240 [INFO] scraper - 浏览器已关闭
2026-03-28 12:28:58,240 [INFO] __main__ - ✔ 无新动态
2026-03-28 12:29:45,433 [INFO] __main__ - ▶ 开始检查新动态 …
2026-03-28 12:29:45,439 [INFO] scraper - 访问用户动态页: https://www.linkedin.com/in/jianshu-dong-1191b9129/recent-activity/all/
2026-03-28 12:30:03,638 [INFO] scraper - 共抓取到 5 条帖子
2026-03-28 12:30:03,638 [INFO] __main__ - ✔ 无新动态
2026-03-28 12:34:28,229 [INFO] __main__ - ▶ 开始检查新动态 …
2026-03-28 12:34:29,229 [INFO] scraper - Edge 浏览器已启动（无头模式: False）
2026-03-28 12:34:29,229 [INFO] scraper - 正在登录 LinkedIn …
2026-03-28 12:35:20,236 [INFO] scraper - 登录成功
2026-03-28 12:35:20,237 [INFO] scraper - 访问用户动态页: https://www.linkedin.com/in/%E4%B8%80%E4%B9%9F-%E5%94%90-297422295/recent-activity/all/
2026-03-28 12:35:33,628 [INFO] __main__ - ▶ 开始检查新动态 …
2026-03-28 12:35:33,656 [INFO] scraper - 访问用户动态页: https://www.linkedin.com/in/jianshu-dong-1191b9129/recent-activity/all/
2026-03-28 12:35:33,724 [INFO] scraper - 共抓取到 3 条帖子
2026-03-28 12:35:36,115 [INFO] scraper - 浏览器已关闭
2026-03-28 12:35:36,116 [INFO] __main__ - ✔ 无新动态
2026-03-28 12:35:51,652 [INFO] scraper - 共抓取到 5 条帖子
2026-03-28 12:35:51,652 [INFO] __main__ - ✔ 无新动态
2026-03-28 12:41:06,106 [INFO] __main__ - ▶ 开始检查新动态 …
2026-03-28 12:41:06,980 [INFO] scraper - Edge 浏览器已启动（无头模式: False）
2026-03-28 12:41:06,980 [INFO] scraper - 正在登录 LinkedIn …
2026-03-28 12:41:21,643 [INFO] __main__ - ▶ 开始检查新动态 …
2026-03-28 12:41:21,650 [INFO] scraper - 访问用户动态页: https://www.linkedin.com/in/jianshu-dong-1191b9129/recent-activity/all/
2026-03-28 12:41:40,394 [INFO] scraper - 共抓取到 5 条帖子
2026-03-28 12:41:40,395 [INFO] __main__ - ✔ 无新动态
2026-03-28 12:41:59,746 [INFO] scraper - 登录成功
2026-03-28 12:41:59,747 [INFO] scraper - 访问用户动态页: https://www.linkedin.com/in/%E4%B8%80%E4%B9%9F-%E5%94%90-297422295/recent-activity/all/
2026-03-28 12:42:14,612 [INFO] scraper - 共抓取到 3 条帖子
2026-03-28 12:42:17,041 [INFO] scraper - 浏览器已关闭
2026-03-28 12:42:17,042 [INFO] __main__ - ✔ 无新动态
2026-03-28 12:47:10,385 [INFO] __main__ - ▶ 开始检查新动态 …
2026-03-28 12:47:10,392 [INFO] scraper - 访问用户动态页: https://www.linkedin.com/in/jianshu-dong-1191b9129/recent-activity/all/
2026-03-28 12:47:28,136 [INFO] scraper - 共抓取到 5 条帖子
2026-03-28 12:47:28,136 [INFO] __main__ - ✔ 无新动态
2026-03-28 12:47:47,033 [INFO] __main__ - ▶ 开始检查新动态 …
2026-03-28 12:47:47,906 [INFO] scraper - Edge 浏览器已启动（无头模式: False）
2026-03-28 12:47:47,907 [INFO] scraper - 正在登录 LinkedIn …
2026-03-28 12:49:59,966 [WARNING] urllib3.connectionpool - Retrying (Retry(total=2, connect=None, read=None, redirect=None, status=None)) after connection broken by 'ReadTimeoutError("HTTPConnectionPool(host='localhost', port=64113): Read timed out. (read timeout=120)")': /session/bdf0d8c505525b7e702e34d6012af4d2/url
2026-03-28 12:50:55,770 [INFO] scraper - 登录成功
2026-03-28 12:50:55,771 [INFO] scraper - 访问用户动态页: https://www.linkedin.com/in/%E4%B8%80%E4%B9%9F-%E5%94%90-297422295/recent-activity/all/
2026-03-28 12:51:11,519 [INFO] scraper - 共抓取到 3 条帖子
2026-03-28 12:51:13,827 [INFO] scraper - 浏览器已关闭
2026-03-28 12:51:13,827 [INFO] __main__ - ✔ 无新动态
2026-03-28 12:52:58,129 [INFO] __main__ - ▶ 开始检查新动态 …
2026-03-28 12:52:58,160 [INFO] scraper - 访问用户动态页: https://www.linkedin.com/in/jianshu-dong-1191b9129/recent-activity/all/
2026-03-28 12:53:15,174 [INFO] scraper - 共抓取到 5 条帖子
2026-03-28 12:53:15,174 [INFO] __main__ - ✔ 无新动态
2026-03-28 12:56:43,822 [INFO] __main__ - ▶ 开始检查新动态 …
2026-03-28 12:56:44,841 [INFO] scraper - Edge 浏览器已启动（无头模式: False）
2026-03-28 12:56:44,842 [INFO] scraper - 正在登录 LinkedIn …
2026-03-28 12:57:37,073 [INFO] scraper - 登录成功
2026-03-28 12:57:37,073 [INFO] scraper - 访问用户动态页: https://www.linkedin.com/in/%E4%B8%80%E4%B9%9F-%E5%94%90-297422295/recent-activity/all/
2026-03-28 12:57:51,636 [INFO] scraper - 共抓取到 3 条帖子
2026-03-28 12:57:54,094 [INFO] scraper - 浏览器已关闭
2026-03-28 12:57:54,095 [INFO] __main__ - ✔ 无新动态
2026-03-28 12:58:45,171 [INFO] __main__ - ▶ 开始检查新动态 …
2026-03-28 12:58:45,211 [INFO] scraper - 访问用户动态页: https://www.linkedin.com/in/jianshu-dong-1191b9129/recent-activity/all/
2026-03-28 12:59:01,744 [INFO] scraper - 共抓取到 5 条帖子
2026-03-28 12:59:01,744 [INFO] __main__ - ✔ 无新动态
2026-03-28 13:03:24,090 [INFO] __main__ - ▶ 开始检查新动态 …
2026-03-28 13:03:24,961 [INFO] scraper - Edge 浏览器已启动（无头模式: False）
2026-03-28 13:03:24,961 [INFO] scraper - 正在登录 LinkedIn …
2026-03-28 13:04:17,775 [INFO] scraper - 登录成功
2026-03-28 13:04:17,775 [INFO] scraper - 访问用户动态页: https://www.linkedin.com/in/%E4%B8%80%E4%B9%9F-%E5%94%90-297422295/recent-activity/all/
2026-03-28 13:04:31,739 [INFO] __main__ - ▶ 开始检查新动态 …
2026-03-28 13:04:31,767 [INFO] scraper - 访问用户动态页: https://www.linkedin.com/in/jianshu-dong-1191b9129/recent-activity/all/
2026-03-28 13:04:33,191 [INFO] scraper - 共抓取到 3 条帖子
2026-03-28 13:04:35,890 [INFO] scraper - 浏览器已关闭
2026-03-28 13:04:35,890 [INFO] __main__ - ✔ 无新动态
2026-03-28 13:04:48,383 [INFO] scraper - 共抓取到 5 条帖子
2026-03-28 13:04:48,383 [INFO] __main__ - ✔ 无新动态
2026-03-28 13:10:05,888 [INFO] __main__ - ▶ 开始检查新动态 …
2026-03-28 13:10:06,902 [INFO] scraper - Edge 浏览器已启动（无头模式: False）
2026-03-28 13:10:06,902 [INFO] scraper - 正在登录 LinkedIn …
2026-03-28 13:10:18,380 [INFO] __main__ - ▶ 开始检查新动态 …
2026-03-28 13:10:18,407 [INFO] scraper - 访问用户动态页: https://www.linkedin.com/in/jianshu-dong-1191b9129/recent-activity/all/
2026-03-28 13:10:31,510 [ERROR] scraper - 登录超时，请检查网络或账号信息
2026-03-28 13:10:31,511 [ERROR] __main__ - 登录失败，本次检查跳过
2026-03-28 13:10:33,043 [INFO] scraper - 共抓取到 5 条帖子
2026-03-28 13:10:33,044 [INFO] __main__ - ✔ 无新动态
2026-03-28 13:10:33,867 [INFO] scraper - 浏览器已关闭
2026-03-28 13:16:03,040 [INFO] __main__ - ▶ 开始检查新动态 …
2026-03-28 13:16:03,065 [INFO] scraper - 访问用户动态页: https://www.linkedin.com/in/jianshu-dong-1191b9129/recent-activity/all/
2026-03-28 13:16:03,864 [INFO] __main__ - ▶ 开始检查新动态 …
2026-03-28 13:16:05,001 [INFO] scraper - Edge 浏览器已启动（无头模式: False）
2026-03-28 13:16:05,002 [INFO] scraper - 正在登录 LinkedIn …
2026-03-28 13:16:19,755 [INFO] scraper - 共抓取到 5 条帖子
2026-03-28 13:16:19,755 [INFO] __main__ - ✔ 无新动态
2026-03-28 13:17:16,189 [INFO] scraper - 登录成功
2026-03-28 13:17:16,189 [INFO] scraper - 访问用户动态页: https://www.linkedin.com/in/%E4%B8%80%E4%B9%9F-%E5%94%90-297422295/recent-activity/all/
2026-03-28 13:17:34,386 [INFO] scraper - 共抓取到 3 条帖子
2026-03-28 13:17:36,834 [INFO] scraper - 浏览器已关闭
2026-03-28 13:17:36,834 [INFO] __main__ - ✔ 无新动态
2026-03-28 13:21:49,752 [INFO] __main__ - ▶ 开始检查新动态 …
2026-03-28 13:21:49,794 [INFO] scraper - 访问用户动态页: https://www.linkedin.com/in/jianshu-dong-1191b9129/recent-activity/all/
2026-03-28 13:22:05,732 [INFO] scraper - 共抓取到 5 条帖子
2026-03-28 13:22:05,733 [INFO] __main__ - ✔ 无新动态
2026-03-28 13:23:06,832 [INFO] __main__ - ▶ 开始检查新动态 …
2026-03-28 13:23:09,191 [INFO] scraper - Edge 浏览器已启动（无头模式: False）
2026-03-28 13:23:09,192 [INFO] scraper - 正在登录 LinkedIn …
2026-03-28 13:24:04,397 [INFO] scraper - 登录成功
2026-03-28 13:24:04,397 [INFO] scraper - 访问用户动态页: https://www.linkedin.com/in/%E4%B8%80%E4%B9%9F-%E5%94%90-297422295/recent-activity/all/
2026-03-28 13:24:21,195 [INFO] scraper - 共抓取到 3 条帖子
2026-03-28 13:24:23,735 [INFO] scraper - 浏览器已关闭
2026-03-28 13:24:23,735 [INFO] __main__ - ✔ 无新动态
2026-03-28 13:27:35,731 [INFO] __main__ - ▶ 开始检查新动态 …
2026-03-28 13:27:35,757 [INFO] scraper - 访问用户动态页: https://www.linkedin.com/in/jianshu-dong-1191b9129/recent-activity/all/
2026-03-28 13:27:52,036 [INFO] scraper - 共抓取到 5 条帖子
2026-03-28 13:27:52,036 [INFO] __main__ - ✔ 无新动态
2026-03-28 13:29:53,734 [INFO] __main__ - ▶ 开始检查新动态 …
2026-03-28 13:29:54,657 [INFO] scraper - Edge 浏览器已启动（无头模式: False）
2026-03-28 13:29:54,658 [INFO] scraper - 正在登录 LinkedIn …
2026-03-28 13:30:44,946 [INFO] scraper - 登录成功
2026-03-28 13:30:44,947 [INFO] scraper - 访问用户动态页: https://www.linkedin.com/in/%E4%B8%80%E4%B9%9F-%E5%94%90-297422295/recent-activity/all/
2026-03-28 13:30:59,943 [INFO] scraper - 共抓取到 3 条帖子
2026-03-28 13:31:02,376 [INFO] scraper - 浏览器已关闭
2026-03-28 13:31:02,376 [INFO] __main__ - ✔ 无新动态
2026-03-28 13:33:22,035 [INFO] __main__ - ▶ 开始检查新动态 …
2026-03-28 13:33:22,057 [INFO] scraper - 访问用户动态页: https://www.linkedin.com/in/jianshu-dong-1191b9129/recent-activity/all/
2026-03-28 13:33:30,424 [INFO] scraper - 共抓取到 5 条帖子
2026-03-28 13:33:30,424 [INFO] __main__ - ✔ 无新动态
2026-03-28 13:36:32,375 [INFO] __main__ - ▶ 开始检查新动态 …
2026-03-28 13:36:33,282 [INFO] scraper - Edge 浏览器已启动（无头模式: False）
2026-03-28 13:36:33,282 [INFO] scraper - 正在登录 LinkedIn …
2026-03-28 13:36:45,019 [WARNING] scraper - 检测到 LinkedIn 安全验证，请手动完成后程序自动继续（等待 60 秒）
2026-03-28 13:37:45,029 [ERROR] scraper - 登录失败，当前页面: https://www.linkedin.com/checkpoint/challenge/AgH0R0OQ7clWFwAAAZ0y8cxBSLEg5pxGldj3qRibsTmg5p4S05f_JCbByIcM4Rn4HMKAlwVrTDNcSkrNfDIofivLvEt0dQ?ut=2etfRF1mLgkIc1
2026-03-28 13:37:45,029 [ERROR] __main__ - 登录失败，本次检查跳过
2026-03-28 13:37:47,435 [INFO] scraper - 浏览器已关闭
2026-03-28 13:39:00,423 [INFO] __main__ - ▶ 开始检查新动态 …
2026-03-28 13:39:00,458 [INFO] scraper - 访问用户动态页: https://www.linkedin.com/in/jianshu-dong-1191b9129/recent-activity/all/
2026-03-28 13:39:17,154 [INFO] scraper - 共抓取到 5 条帖子
2026-03-28 13:39:17,154 [INFO] __main__ - ✔ 无新动态
2026-03-28 13:43:17,434 [INFO] __main__ - ▶ 开始检查新动态 …
2026-03-28 13:43:18,340 [INFO] scraper - Edge 浏览器已启动（无头模式: False）
2026-03-28 13:43:18,340 [INFO] scraper - 正在登录 LinkedIn …
2026-03-28 13:43:30,348 [WARNING] scraper - 检测到 LinkedIn 安全验证，请手动完成后程序自动继续（等待 60 秒）
2026-03-28 13:44:17,155 [INFO] __main__ - ▶ 开始检查新动态 …
2026-03-28 13:44:17,178 [INFO] scraper - 访问用户动态页: https://www.linkedin.com/in/jianshu-dong-1191b9129/recent-activity/all/
2026-03-28 13:44:30,358 [ERROR] scraper - 登录失败，当前页面: https://www.linkedin.com/checkpoint/challenge/AgEePHo5gHjLfwAAAZ0y9_utNih9A3qqpRiacr0FYbxXKnWIA_-pBwz_44BFpL4at2-TBBpRwPM_5mH-t36ROMqRCMvTAA?ut=0AoVou8AvnkIc1
2026-03-28 13:44:30,358 [ERROR] __main__ - 登录失败，本次检查跳过
2026-03-28 13:44:32,807 [INFO] scraper - 浏览器已关闭
2026-03-28 13:44:33,114 [INFO] scraper - 共抓取到 5 条帖子
2026-03-28 13:44:33,114 [INFO] __main__ - ✔ 无新动态
2026-03-28 13:49:33,115 [INFO] __main__ - ▶ 开始检查新动态 …
2026-03-28 13:49:33,139 [INFO] scraper - 访问用户动态页: https://www.linkedin.com/in/jianshu-dong-1191b9129/recent-activity/all/
2026-03-28 13:49:50,103 [INFO] scraper - 共抓取到 5 条帖子
2026-03-28 13:49:50,104 [INFO] __main__ - ✔ 无新动态
2026-03-28 13:50:02,807 [INFO] __main__ - ▶ 开始检查新动态 …
2026-03-28 13:50:03,565 [INFO] scraper - Edge 浏览器已启动（无头模式: False）
2026-03-28 13:50:03,566 [INFO] scraper - 正在登录 LinkedIn …
2026-03-28 13:50:15,189 [WARNING] scraper - 检测到 LinkedIn 安全验证，请手动完成后程序自动继续（等待 60 秒）
2026-03-28 13:51:15,203 [ERROR] scraper - 登录失败，当前页面: https://www.linkedin.com/checkpoint/challenge/AgGsaOggHyq_QwAAAZ0y_iknE8YzAA5YWDdz1Y9yIKPOLLNbusdAKvvI_LjXlUH05tUexucmPcV1taZOJq69I5Y-wBukSA?ut=31aMgHLN_ukIc1
2026-03-28 13:51:15,203 [ERROR] __main__ - 登录失败，本次检查跳过
2026-03-28 13:51:17,588 [INFO] scraper - 浏览器已关闭
2026-03-28 13:55:20,103 [INFO] __main__ - ▶ 开始检查新动态 …
2026-03-28 13:55:20,131 [INFO] scraper - 访问用户动态页: https://www.linkedin.com/in/jianshu-dong-1191b9129/recent-activity/all/
2026-03-28 13:55:38,484 [INFO] scraper - 共抓取到 5 条帖子
2026-03-28 13:55:38,484 [INFO] __main__ - ✔ 无新动态
2026-03-28 13:56:47,588 [INFO] __main__ - ▶ 开始检查新动态 …
2026-03-28 13:56:48,477 [INFO] scraper - Edge 浏览器已启动（无头模式: False）
2026-03-28 13:56:48,477 [INFO] scraper - 正在登录 LinkedIn …
2026-03-28 13:57:00,231 [WARNING] scraper - 检测到 LinkedIn 安全验证，请手动完成后程序自动继续（等待 60 秒）
2026-03-28 13:58:00,241 [ERROR] scraper - 登录失败，当前页面: https://www.linkedin.com/checkpoint/challenge/AgExGqhAT4ibywAAAZ0zBFdQCsMniK5K1XXr1wS24OH1DamJxqGUgF8r5LEnLNBW440jRR3v9Er77qgWQHMoICZcmTSIVg?ut=2dfHXuvOvAkIc1
2026-03-28 13:58:00,242 [ERROR] __main__ - 登录失败，本次检查跳过
2026-03-28 13:58:02,679 [INFO] scraper - 浏览器已关闭
2026-03-28 14:00:38,485 [INFO] __main__ - ▶ 开始检查新动态 …
2026-03-28 14:00:38,492 [INFO] scraper - 访问用户动态页: https://www.linkedin.com/in/jianshu-dong-1191b9129/recent-activity/all/
2026-03-28 14:00:56,254 [INFO] scraper - 共抓取到 5 条帖子
2026-03-28 14:00:56,254 [INFO] __main__ - ✔ 无新动态
2026-03-28 14:03:02,680 [INFO] __main__ - ▶ 开始检查新动态 …
2026-03-28 14:03:03,605 [INFO] scraper - Edge 浏览器已启动（无头模式: False）
2026-03-28 14:03:03,606 [INFO] scraper - 正在登录 LinkedIn …
2026-03-28 14:03:14,903 [WARNING] scraper - 检测到 LinkedIn 安全验证，请手动完成后程序自动继续（等待 60 秒）
2026-03-28 14:04:14,912 [ERROR] scraper - 登录失败，当前页面: https://www.linkedin.com/checkpoint/challenge/AgFpi9zxVz2eMwAAAZ0zCg7uqeuzytgwTZktkNoW7qAwzYTZLPEDTIfxGX5fywyq9CYjRvu263H_yo7CEwC9odYdE8IYnw?ut=3gxA-ro4fHkIc1
2026-03-28 14:04:14,912 [ERROR] __main__ - 登录失败，本次检查跳过
2026-03-28 14:04:17,337 [INFO] scraper - 浏览器已关闭
2026-03-28 14:05:56,255 [INFO] __main__ - ▶ 开始检查新动态 …
2026-03-28 14:05:56,262 [INFO] scraper - 访问用户动态页: https://www.linkedin.com/in/jianshu-dong-1191b9129/recent-activity/all/
2026-03-28 14:06:13,897 [INFO] scraper - 共抓取到 5 条帖子
2026-03-28 14:06:13,897 [INFO] __main__ - ✔ 无新动态
2026-03-28 14:09:17,338 [INFO] __main__ - ▶ 开始检查新动态 …
2026-03-28 14:09:18,356 [INFO] scraper - Edge 浏览器已启动（无头模式: False）
2026-03-28 14:09:18,357 [INFO] scraper - 正在登录 LinkedIn …
2026-03-28 14:09:31,480 [WARNING] scraper - 检测到 LinkedIn 安全验证，请手动完成后程序自动继续（等待 60 秒）
2026-03-28 14:10:31,492 [ERROR] scraper - 登录失败，当前页面: https://www.linkedin.com/checkpoint/challenge/AgEncj1QtH7b_QAAAZ0zD8b7RU9wycILac7_5k3fEEKaW5vtq1hQ9oh6JfJpwM8KL5Ox5Ggn1qbU4rt4y9uVirJVeXK5gA?ut=1vbzrkUBvNkIc1
2026-03-28 14:10:31,492 [ERROR] __main__ - 登录失败，本次检查跳过
2026-03-28 14:10:33,864 [INFO] scraper - 浏览器已关闭
2026-03-28 14:11:13,898 [INFO] __main__ - ▶ 开始检查新动态 …
2026-03-28 14:11:13,906 [INFO] scraper - 访问用户动态页: https://www.linkedin.com/in/jianshu-dong-1191b9129/recent-activity/all/
2026-03-28 14:11:31,928 [INFO] scraper - 共抓取到 5 条帖子
2026-03-28 14:11:31,929 [INFO] __main__ - ✔ 无新动态
2026-03-28 14:15:33,866 [INFO] __main__ - ▶ 开始检查新动态 …
2026-03-28 14:15:34,751 [INFO] scraper - Edge 浏览器已启动（无头模式: False）
2026-03-28 14:15:34,752 [INFO] scraper - 正在登录 LinkedIn …
2026-03-28 14:15:46,395 [WARNING] scraper - 检测到 LinkedIn 安全验证，请手动完成后程序自动继续（等待 60 秒）
2026-03-28 14:16:31,930 [INFO] __main__ - ▶ 开始检查新动态 …
2026-03-28 14:16:31,937 [INFO] scraper - 访问用户动态页: https://www.linkedin.com/in/jianshu-dong-1191b9129/recent-activity/all/
2026-03-28 14:16:46,405 [ERROR] scraper - 登录失败，当前页面: https://www.linkedin.com/checkpoint/challenge/AgFj_XnzV4g2ZgAAAZ0zFYZJJ7M6QzoMA_3Fpb73iWWBx1crMHEx1XWQ1Sl0sQd1syq-GM1QJSBi3FrekNLHuUcBqL9wJA?ut=0-8ubUKJLTkIc1
2026-03-28 14:16:46,405 [ERROR] __main__ - 登录失败，本次检查跳过
2026-03-28 14:16:48,841 [INFO] scraper - 浏览器已关闭
2026-03-28 14:16:49,747 [INFO] scraper - 共抓取到 5 条帖子
2026-03-28 14:16:49,748 [INFO] __main__ - ✔ 无新动态
2026-03-28 14:21:48,843 [INFO] __main__ - ▶ 开始检查新动态 …
2026-03-28 14:21:49,749 [INFO] __main__ - ▶ 开始检查新动态 …
2026-03-28 14:21:49,756 [INFO] scraper - 访问用户动态页: https://www.linkedin.com/in/jianshu-dong-1191b9129/recent-activity/all/
2026-03-28 14:21:49,825 [INFO] scraper - Edge 浏览器已启动（无头模式: False）
2026-03-28 14:21:49,826 [INFO] scraper - 正在登录 LinkedIn …
2026-03-28 14:22:01,665 [WARNING] scraper - 检测到 LinkedIn 安全验证，请手动完成后程序自动继续（等待 60 秒）
2026-03-28 14:22:08,040 [INFO] scraper - 共抓取到 5 条帖子
2026-03-28 14:22:08,040 [INFO] __main__ - ✔ 无新动态
2026-03-28 14:23:01,675 [ERROR] scraper - 登录失败，当前页面: https://www.linkedin.com/checkpoint/challenge/AgFcFcytGUHJGAAAAZ0zGz_9Jc-pKhpvyHqtE0YfzKY9fpaYe-BzfbdHnAGtmbdFoG2BUgsUQFDGEGfBxr7-akSSJXbq6g?ut=26vhRZ-LDZkIc1
2026-03-28 14:23:01,676 [ERROR] __main__ - 登录失败，本次检查跳过
2026-03-28 14:23:04,070 [INFO] scraper - 浏览器已关闭
2026-03-28 14:27:08,042 [INFO] __main__ - ▶ 开始检查新动态 …
2026-03-28 14:27:08,049 [INFO] scraper - 访问用户动态页: https://www.linkedin.com/in/jianshu-dong-1191b9129/recent-activity/all/
2026-03-28 14:27:26,566 [INFO] scraper - 共抓取到 5 条帖子
2026-03-28 14:27:26,566 [INFO] __main__ - ✔ 无新动态
2026-03-28 14:28:04,072 [INFO] __main__ - ▶ 开始检查新动态 …
2026-03-28 14:28:05,515 [INFO] scraper - Edge 浏览器已启动（无头模式: False）
2026-03-28 14:28:05,515 [INFO] scraper - 正在登录 LinkedIn …
2026-03-28 14:28:17,172 [WARNING] scraper - 检测到 LinkedIn 安全验证，请手动完成后程序自动继续（等待 60 秒）
2026-03-28 14:29:17,186 [ERROR] scraper - 登录失败，当前页面: https://www.linkedin.com/checkpoint/challenge/AgFQHCKMpSN3JQAAAZ0zIPrelx8uBjb7T4vZe9dkfiDya_TFrL77Jgjq2wYmANI4wKffrao1JOgVXBirNwBdfaMvAi994A?ut=3w3B054HE4kYc1
2026-03-28 14:29:17,186 [ERROR] __main__ - 登录失败，本次检查跳过
2026-03-28 14:29:19,578 [INFO] scraper - 浏览器已关闭
2026-03-28 14:32:26,568 [INFO] __main__ - ▶ 开始检查新动态 …
2026-03-28 14:32:26,575 [INFO] scraper - 访问用户动态页: https://www.linkedin.com/in/jianshu-dong-1191b9129/recent-activity/all/
2026-03-28 14:32:44,436 [INFO] scraper - 共抓取到 5 条帖子
2026-03-28 14:32:44,437 [INFO] __main__ - ✔ 无新动态
2026-03-28 14:34:19,580 [INFO] __main__ - ▶ 开始检查新动态 …
2026-03-28 14:34:20,488 [INFO] scraper - Edge 浏览器已启动（无头模式: False）
2026-03-28 14:34:20,488 [INFO] scraper - 正在登录 LinkedIn …
2026-03-28 14:34:41,605 [WARNING] scraper - 检测到 LinkedIn 安全验证，请手动完成后程序自动继续（等待 60 秒）
2026-03-28 14:35:41,607 [ERROR] scraper - 登录过程发生意外错误: Message: invalid session id: session deleted as the browser has closed the connection
from disconnected: not connected to DevTools
  (Session info: MicrosoftEdge=146.0.3856.84); For documentation on this error, please visit: https://www.selenium.dev/documentation/webdriver/troubleshooting/errors#invalidsessionidexception
Stacktrace:
	msedgedriver!GetHandleVerifier [0x7ff71df21285+da15]
	msedgedriver!GetHandleVerifier [0x7ff71df212e4+da74]
	msedgedriver!GetHandleVerifier [0x7ff71e28f8dc+37c06c]
	msedgedriver!(No symbol) [0x7ff71dc3dc92]
	msedgedriver!(No symbol) [0x7ff71dc59583]
	msedgedriver!(No symbol) [0x7ff71dcba571]
	msedgedriver!(No symbol) [0x7ff71dcd00ef]
	msedgedriver!(No symbol) [0x7ff71dc8b1fc]
	msedgedriver!(No symbol) [0x7ff71dc8a456]
	msedgedriver!(No symbol) [0x7ff71dc8b023]
	msedgedriver!(No symbol) [0x7ff71dd58b69]
	msedgedriver!(No symbol) [0x7ff71dd55103]
	msedgedriver!(No symbol) [0x7ff71dd64d14]
	msedgedriver!GetHandleVerifier [0x7ff71df3c108+28898]
	msedgedriver!GetHandleVerifier [0x7ff71df448c6+31056]
	msedgedriver!GetHandleVerifier [0x7ff71df289c4+15154]
	msedgedriver!GetHandleVerifier [0x7ff71df28b09+15299]
	msedgedriver!GetHandleVerifier [0x7ff71df15d02+2492]
	KERNEL32!BaseThreadInitThunk [0x7ff83ba5e8d7+17]
	ntdll!RtlUserThreadStart [0x7ff83c00c53c+2c]
Traceback (most recent call last):
  File "C:\autoGeneratedApp\linkedInInformationCollection\scraper.py", line 118, in login
    email_field.clear()
              ~~~~~~~^^
  File "C:\autoGeneratedApp\linkedInInformationCollection\.venv\Lib\site-packages\selenium\webdriver\remote\webdriver.py", line 556, in current_url
    return self.execute(Command.GET_CURRENT_URL)["value"]
           ~~~~~~~~~~~~^^^^^^^^^^^^^^^^^^^^^^^^^
  File "C:\autoGeneratedApp\linkedInInformationCollection\.venv\Lib\site-packages\selenium\webdriver\remote\webdriver.py", line 446, in execute
    self.error_handler.check_response(response)
    ~~~~~~~~~~~~~~~~~~~~~~~~~~~~~~~~~^^^^^^^^^^
  File "C:\autoGeneratedApp\linkedInInformationCollection\.venv\Lib\site-packages\selenium\webdriver\remote\errorhandler.py", line 232, in check_response
    raise exception_class(message, screen, stacktrace)
selenium.common.exceptions.InvalidSessionIdException: Message: invalid session id: session deleted as the browser has closed the connection
from disconnected: not connected to DevTools
  (Session info: MicrosoftEdge=146.0.3856.84); For documentation on this error, please visit: https://www.selenium.dev/documentation/webdriver/troubleshooting/errors#invalidsessionidexception
Stacktrace:
	msedgedriver!GetHandleVerifier [0x7ff71df21285+da15]
	msedgedriver!GetHandleVerifier [0x7ff71df212e4+da74]
	msedgedriver!GetHandleVerifier [0x7ff71e28f8dc+37c06c]
	msedgedriver!(No symbol) [0x7ff71dc3dc92]
	msedgedriver!(No symbol) [0x7ff71dc59583]
	msedgedriver!(No symbol) [0x7ff71dcba571]
	msedgedriver!(No symbol) [0x7ff71dcd00ef]
	msedgedriver!(No symbol) [0x7ff71dc8b1fc]
	msedgedriver!(No symbol) [0x7ff71dc8a456]
	msedgedriver!(No symbol) [0x7ff71dc8b023]
	msedgedriver!(No symbol) [0x7ff71dd58b69]
	msedgedriver!(No symbol) [0x7ff71dd55103]
	msedgedriver!(No symbol) [0x7ff71dd64d14]
	msedgedriver!GetHandleVerifier [0x7ff71df3c108+28898]
	msedgedriver!GetHandleVerifier [0x7ff71df448c6+31056]
	msedgedriver!GetHandleVerifier [0x7ff71df289c4+15154]
	msedgedriver!GetHandleVerifier [0x7ff71df28b09+15299]
	msedgedriver!GetHandleVerifier [0x7ff71df15d02+2492]
	KERNEL32!BaseThreadInitThunk [0x7ff83ba5e8d7+17]
	ntdll!RtlUserThreadStart [0x7ff83c00c53c+2c]

2026-03-28 14:35:41,682 [ERROR] __main__ - 登录失败，本次检查跳过
2026-03-28 14:35:43,759 [INFO] scraper - 浏览器已关闭
2026-03-28 14:37:44,438 [INFO] __main__ - ▶ 开始检查新动态 …
2026-03-28 14:37:44,456 [INFO] scraper - 访问用户动态页: https://www.linkedin.com/in/jianshu-dong-1191b9129/recent-activity/all/
2026-03-28 14:37:59,804 [INFO] scraper - 共抓取到 5 条帖子
2026-03-28 14:37:59,805 [INFO] __main__ - ✔ 无新动态
2026-03-28 14:40:43,762 [INFO] __main__ - ▶ 开始检查新动态 …
2026-03-28 14:40:45,032 [INFO] scraper - Edge 浏览器已启动（无头模式: False）
2026-03-28 14:40:45,032 [INFO] scraper - 正在登录 LinkedIn …
2026-03-28 14:40:56,727 [WARNING] scraper - 检测到 LinkedIn 安全验证，请手动完成后程序自动继续（等待 60 秒）
2026-03-28 14:41:56,736 [ERROR] scraper - 登录失败，当前页面: https://www.linkedin.com/checkpoint/challenge/AgGfvBKZmm_ZjgAAAZ0zLJHoAwKf16GQGkcZAmA9G2zBywYuTytkKsDF8zh4K86AX0M7_Ka_W_mQPycDnkTtIsMiccclxA?ut=1PzCvJgwggkYc1
2026-03-28 14:41:56,737 [ERROR] __main__ - 登录失败，本次检查跳过
2026-03-28 14:41:59,130 [INFO] scraper - 浏览器已关闭
2026-03-28 14:42:59,807 [INFO] __main__ - ▶ 开始检查新动态 …
2026-03-28 14:42:59,829 [INFO] scraper - 访问用户动态页: https://www.linkedin.com/in/jianshu-dong-1191b9129/recent-activity/all/
2026-03-28 14:43:09,264 [INFO] scraper - 共抓取到 5 条帖子
2026-03-28 14:43:09,265 [INFO] __main__ - ✔ 无新动态
2026-03-28 14:46:59,133 [INFO] __main__ - ▶ 开始检查新动态 …
2026-03-28 14:46:59,982 [INFO] scraper - Edge 浏览器已启动（无头模式: False）
2026-03-28 14:46:59,983 [INFO] scraper - 正在登录 LinkedIn …
2026-03-28 14:47:25,003 [ERROR] scraper - 登录超时，请检查网络或账号信息
2026-03-28 14:47:25,004 [ERROR] __main__ - 登录失败，本次检查跳过
2026-03-28 14:47:27,286 [INFO] scraper - 浏览器已关闭
2026-03-28 14:48:09,267 [INFO] __main__ - ▶ 开始检查新动态 …
2026-03-28 14:48:09,291 [INFO] scraper - 访问用户动态页: https://www.linkedin.com/in/jianshu-dong-1191b9129/recent-activity/all/
2026-03-28 14:48:25,371 [INFO] scraper - 共抓取到 5 条帖子
2026-03-28 14:48:25,371 [INFO] __main__ - ✔ 无新动态
2026-03-28 14:52:27,288 [INFO] __main__ - ▶ 开始检查新动态 …
2026-03-28 14:52:28,282 [INFO] scraper - Edge 浏览器已启动（无头模式: False）
2026-03-28 14:52:28,283 [INFO] scraper - 正在登录 LinkedIn …
2026-03-28 14:52:40,084 [WARNING] scraper - 检测到 LinkedIn 安全验证，请手动完成后程序自动继续（等待 60 秒）
2026-03-28 14:53:25,373 [INFO] __main__ - ▶ 开始检查新动态 …
2026-03-28 14:53:25,400 [INFO] scraper - 访问用户动态页: https://www.linkedin.com/in/jianshu-dong-1191b9129/recent-activity/all/
2026-03-28 14:53:40,095 [ERROR] scraper - 登录失败，当前页面: https://www.linkedin.com/checkpoint/challenge/AgEbu4Cgw1aWGAAAAZ0zN01ddCB5RHCRoZvd6i_zjSqpF24QPm6Qfe8-Z0MgNYEzHG3ZWSObPBZD9pYyegb66PLGYdwRMA?ut=2f44WiEfcskYc1
2026-03-28 14:53:40,096 [ERROR] __main__ - 登录失败，本次检查跳过
2026-03-28 14:53:42,496 [INFO] scraper - 浏览器已关闭
2026-03-28 14:53:48,142 [INFO] scraper - 共抓取到 5 条帖子
2026-03-28 14:53:48,142 [INFO] __main__ - ✔ 无新动态
2026-03-28 14:58:42,498 [INFO] __main__ - ▶ 开始检查新动态 …
2026-03-28 14:58:43,385 [INFO] scraper - Edge 浏览器已启动（无头模式: False）
2026-03-28 14:58:43,385 [INFO] scraper - 正在登录 LinkedIn …
2026-03-28 14:58:48,144 [INFO] __main__ - ▶ 开始检查新动态 …
2026-03-28 14:58:48,169 [INFO] scraper - 访问用户动态页: https://www.linkedin.com/in/jianshu-dong-1191b9129/recent-activity/all/
2026-03-28 14:59:00,106 [WARNING] scraper - 检测到 LinkedIn 安全验证，请手动完成后程序自动继续（等待 60 秒）
2026-03-28 14:59:04,013 [INFO] scraper - 共抓取到 5 条帖子
2026-03-28 14:59:04,013 [INFO] __main__ - ✔ 无新动态
2026-03-28 15:00:00,112 [ERROR] scraper - 登录失败，当前页面: https://www.linkedin.com/checkpoint/challenge/AgEtZH1S2Cd6XQAAAZ0zPQocDcqsWRwWZVzfPK9pXCdPzaTjp_W1ehGldggKBifLg1JoOpVCzKxpogej9UDQvT9v9_0DKQ?ut=1_Jy9gd-MykYc1
2026-03-28 15:00:00,112 [ERROR] __main__ - 登录失败，本次检查跳过
2026-03-28 15:00:02,516 [INFO] scraper - 浏览器已关闭
2026-03-28 15:04:04,015 [INFO] __main__ - ▶ 开始检查新动态 …
2026-03-28 15:04:04,046 [INFO] scraper - 访问用户动态页: https://www.linkedin.com/in/jianshu-dong-1191b9129/recent-activity/all/
2026-03-28 15:04:22,919 [INFO] scraper - 共抓取到 5 条帖子
2026-03-28 15:04:22,919 [INFO] __main__ - ✔ 无新动态
2026-03-28 15:05:02,518 [INFO] __main__ - ▶ 开始检查新动态 …
2026-03-28 15:05:03,653 [INFO] scraper - Edge 浏览器已启动（无头模式: False）
2026-03-28 15:05:03,654 [INFO] scraper - 正在登录 LinkedIn …
2026-03-28 15:05:19,911 [WARNING] scraper - 检测到 LinkedIn 安全验证，请手动完成后程序自动继续（等待 60 秒）
2026-03-28 15:06:19,919 [ERROR] scraper - 登录失败，当前页面: https://www.linkedin.com/checkpoint/challenge/AgF2LIjmgeNtKgAAAZ0zQtZr4Vg1Jss5IRxcotR7TtO3JI9IJUy7U_jHKFvYxhHb17W5IHkdGPSzxyFJRQsQZlhaqUCuew?ut=2vy7-3FncFkYc1
2026-03-28 15:06:19,919 [ERROR] __main__ - 登录失败，本次检查跳过
2026-03-28 15:06:22,564 [INFO] scraper - 浏览器已关闭
2026-03-28 15:09:22,921 [INFO] __main__ - ▶ 开始检查新动态 …
2026-03-28 15:09:22,974 [INFO] scraper - 访问用户动态页: https://www.linkedin.com/in/jianshu-dong-1191b9129/recent-activity/all/
2026-03-28 15:09:38,975 [INFO] scraper - 共抓取到 5 条帖子
2026-03-28 15:09:38,975 [INFO] __main__ - ✔ 无新动态
2026-03-28 15:11:22,567 [INFO] __main__ - ▶ 开始检查新动态 …
2026-03-28 15:11:24,381 [INFO] scraper - Edge 浏览器已启动（无头模式: False）
2026-03-28 15:11:24,382 [INFO] scraper - 正在登录 LinkedIn …
2026-03-28 15:11:42,306 [WARNING] scraper - 检测到 LinkedIn 安全验证，请手动完成后程序自动继续（等待 60 秒）
2026-03-28 15:12:42,317 [ERROR] scraper - 登录失败，当前页面: https://www.linkedin.com/checkpoint/challenge/AgGVVf-VPc5qXwAAAZ0zSKrLaa12HjDDhCRL5B6-aXKlY9HXne72iMppBOFsX91FvB_BZ4vaMcKpvkLAxJFPqscMvCNZng?ut=2h7y28-X0LkYc1
2026-03-28 15:12:42,317 [ERROR] __main__ - 登录失败，本次检查跳过
2026-03-28 15:12:45,192 [INFO] scraper - 浏览器已关闭
2026-03-28 15:14:38,978 [INFO] __main__ - ▶ 开始检查新动态 …
2026-03-28 15:14:39,002 [INFO] scraper - 访问用户动态页: https://www.linkedin.com/in/jianshu-dong-1191b9129/recent-activity/all/
2026-03-28 15:14:57,118 [INFO] scraper - 共抓取到 5 条帖子
2026-03-28 15:14:57,119 [INFO] __main__ - ✔ 无新动态
2026-03-28 15:18:15,187 [INFO] __main__ - ▶ 开始检查新动态 …
2026-03-28 15:18:16,721 [INFO] scraper - Edge 浏览器已启动（无头模式: False）
2026-03-28 15:18:16,722 [INFO] scraper - 正在登录 LinkedIn …
2026-03-28 15:18:32,845 [WARNING] scraper - 检测到 LinkedIn 安全验证，请手动完成后程序自动继续（等待 60 秒）
2026-03-28 15:19:32,851 [ERROR] scraper - 登录失败，当前页面: https://www.linkedin.com/checkpoint/challenge/AgHySakOItwNdgAAAZ0zTu8882xnyd0BkQ42ZpveAQpExvu6fVjn4mfKZmBQPjFlUz6y_m09xy34q5PDrN44BfXi26MVRA?ut=0_4sHxIlESkYc1
2026-03-28 15:19:32,852 [ERROR] __main__ - 登录失败，本次检查跳过
2026-03-28 15:19:35,664 [INFO] scraper - 浏览器已关闭
2026-03-28 15:20:27,109 [INFO] __main__ - ▶ 开始检查新动态 …
2026-03-28 15:20:27,135 [INFO] scraper - 访问用户动态页: https://www.linkedin.com/in/jianshu-dong-1191b9129/recent-activity/all/
2026-03-28 15:20:44,109 [INFO] scraper - 共抓取到 5 条帖子
2026-03-28 15:20:44,110 [INFO] __main__ - ✔ 无新动态
2026-03-28 15:25:05,654 [INFO] __main__ - ▶ 开始检查新动态 …
2026-03-28 15:25:07,319 [INFO] scraper - Edge 浏览器已启动（无头模式: False）
2026-03-28 15:25:07,319 [INFO] scraper - 正在登录 LinkedIn …
2026-03-28 15:25:32,593 [ERROR] scraper - 登录超时，请检查网络或账号信息
2026-03-28 15:25:32,593 [ERROR] __main__ - 登录失败，本次检查跳过
2026-03-28 15:25:35,214 [INFO] scraper - 浏览器已关闭
2026-03-28 15:26:14,100 [INFO] __main__ - ▶ 开始检查新动态 …
2026-03-28 15:26:14,127 [INFO] scraper - 访问用户动态页: https://www.linkedin.com/in/jianshu-dong-1191b9129/recent-activity/all/
2026-03-28 15:26:30,720 [INFO] scraper - 共抓取到 5 条帖子
2026-03-28 15:26:30,721 [INFO] __main__ - ✔ 无新动态
2026-03-28 15:31:05,204 [INFO] __main__ - ▶ 开始检查新动态 …
2026-03-28 15:31:07,539 [INFO] scraper - Edge 浏览器已启动（无头模式: False）
2026-03-28 15:31:07,540 [INFO] scraper - 正在登录 LinkedIn …
2026-03-28 15:31:23,238 [WARNING] scraper - 检测到 LinkedIn 安全验证，请手动完成后程序自动继续（等待 60 秒）
2026-03-28 15:32:00,710 [INFO] __main__ - ▶ 开始检查新动态 …
2026-03-28 15:32:00,760 [INFO] scraper - 访问用户动态页: https://www.linkedin.com/in/jianshu-dong-1191b9129/recent-activity/all/
2026-03-28 15:32:23,245 [ERROR] scraper - 登录失败，当前页面: https://www.linkedin.com/checkpoint/challenge/AgFEatDhVg52VwAAAZ0zWrQVJ43XZmzgS_21szqMc3EpqjF3uol5m4NZp2VzbWHe2AmscjPQtUZw2UwTiVQmXBfUqdqkFA?ut=3ELete4y13kYc1
2026-03-28 15:32:23,245 [ERROR] __main__ - 登录失败，本次检查跳过
2026-03-28 15:32:26,089 [INFO] scraper - 浏览器已关闭
2026-03-28 15:32:31,752 [INFO] scraper - 共抓取到 5 条帖子
2026-03-28 15:32:31,753 [INFO] __main__ - ✔ 无新动态
2026-03-28 15:37:56,082 [INFO] __main__ - ▶ 开始检查新动态 …
2026-03-28 15:37:57,068 [INFO] scraper - Edge 浏览器已启动（无头模式: False）
2026-03-28 15:37:57,069 [INFO] scraper - 正在登录 LinkedIn …
2026-03-28 15:38:01,746 [INFO] __main__ - ▶ 开始检查新动态 …
2026-03-28 15:38:01,772 [INFO] scraper - 访问用户动态页: https://www.linkedin.com/in/jianshu-dong-1191b9129/recent-activity/all/
2026-03-28 15:38:21,289 [INFO] scraper - 共抓取到 5 条帖子
2026-03-28 15:38:21,290 [INFO] __main__ - ✔ 无新动态
2026-03-28 15:38:23,288 [ERROR] scraper - 登录超时，请检查网络或账号信息
2026-03-28 15:38:23,288 [ERROR] __main__ - 登录失败，本次检查跳过
2026-03-28 15:38:25,646 [INFO] scraper - 浏览器已关闭
2026-03-28 15:43:51,284 [INFO] __main__ - ▶ 开始检查新动态 …
2026-03-28 15:43:51,318 [INFO] scraper - 访问用户动态页: https://www.linkedin.com/in/jianshu-dong-1191b9129/recent-activity/all/
2026-03-28 15:43:55,641 [INFO] __main__ - ▶ 开始检查新动态 …
2026-03-28 15:43:56,773 [INFO] scraper - Edge 浏览器已启动（无头模式: False）
2026-03-28 15:43:56,774 [INFO] scraper - 正在登录 LinkedIn …
2026-03-28 15:44:10,663 [INFO] scraper - 共抓取到 5 条帖子
2026-03-28 15:44:10,664 [INFO] __main__ - ✔ 无新动态
2026-03-28 15:44:13,020 [WARNING] scraper - 检测到 LinkedIn 安全验证，请手动完成后程序自动继续（等待 60 秒）
2026-03-28 15:45:13,029 [ERROR] scraper - 登录失败，当前页面: https://www.linkedin.com/checkpoint/challenge/AgEDtUwxaE2cvAAAAZ0zZm7jRDPsaLh1Y3NP9mXPE-PVIqFdfTTCNeD5gQXUt_JgN9YHAw9EZ2yG4iu5kNQsCGnxHs8Qiw?ut=3Jhhp4IAdgkYc1
2026-03-28 15:45:13,029 [ERROR] __main__ - 登录失败，本次检查跳过
2026-03-28 15:45:15,434 [INFO] scraper - 浏览器已关闭
2026-03-28 15:50:45,428 [INFO] __main__ - ▶ 开始检查新动态 …
2026-03-28 15:50:46,350 [INFO] scraper - Edge 浏览器已启动（无头模式: False）
2026-03-28 15:50:46,350 [INFO] scraper - 正在登录 LinkedIn …
2026-03-28 15:51:13,264 [ERROR] scraper - 登录超时，请检查网络或账号信息
2026-03-28 15:51:13,264 [ERROR] __main__ - 登录失败，本次检查跳过
2026-03-28 15:51:15,598 [INFO] scraper - 浏览器已关闭
2026-03-28 15:56:45,596 [INFO] __main__ - ▶ 开始检查新动态 …
2026-03-28 15:56:46,458 [INFO] scraper - Edge 浏览器已启动（无头模式: False）
2026-03-28 15:56:46,458 [INFO] scraper - 正在登录 LinkedIn …
2026-03-28 15:56:59,552 [WARNING] scraper - 检测到 LinkedIn 安全验证，请手动完成后程序自动继续（等待 60 秒）
2026-03-28 15:58:31,266 [INFO] scraper - 登录成功
2026-03-28 15:58:31,266 [INFO] scraper - 访问用户动态页: https://www.linkedin.com/in/%E4%B8%80%E4%B9%9F-%E5%94%90-297422295/recent-activity/all/
2026-03-28 15:58:45,213 [INFO] scraper - 共抓取到 3 条帖子
2026-03-28 15:58:47,798 [INFO] scraper - 浏览器已关闭
2026-03-28 15:58:47,799 [INFO] __main__ - ✔ 无新动态
2026-03-28 15:59:44,408 [ERROR] __main__ - 缺少必填配置项: LINKEDIN_EMAIL, LINKEDIN_PASSWORD, TARGET_PROFILE_URL, NOTIFY_EMAIL_SENDER, NOTIFY_EMAIL_APP_PASSWORD, NOTIFY_EMAIL_RECIPIENT
请将 .env.example 复制为 .env 并填写相应信息。
2026-03-28 16:04:17,796 [INFO] __main__ - ▶ 开始检查新动态 …
2026-03-28 16:04:18,659 [INFO] scraper - Edge 浏览器已启动（无头模式: False）
2026-03-28 16:04:18,659 [INFO] scraper - 正在登录 LinkedIn …
2026-03-28 16:04:32,253 [WARNING] scraper - 检测到 LinkedIn 安全验证，请手动完成后程序自动继续（等待 60 秒）
2026-03-28 16:05:32,265 [ERROR] scraper - 登录失败，当前页面: https://www.linkedin.com/checkpoint/challenge/AgGG8lcPxFTAyQAAAZ0zeRn7hLUnV_x-G2ul4dDQ705vTkIxBQ9uhUFC2L3p8c6OR4Rqpz0zX-reOMcfxOV5_O1OtVrMkw?ut=0xIuLyYUhAkYc1
2026-03-28 16:05:32,266 [ERROR] __main__ - 登录失败，本次检查跳过
2026-03-28 16:05:34,593 [INFO] scraper - 浏览器已关闭
2026-03-28 16:11:04,592 [INFO] __main__ - ▶ 开始检查新动态 …
2026-03-28 16:11:05,619 [INFO] scraper - Edge 浏览器已启动（无头模式: False）
2026-03-28 16:11:05,619 [INFO] scraper - 正在登录 LinkedIn …
2026-03-28 16:11:20,254 [WARNING] scraper - 检测到 LinkedIn 安全验证，请手动完成后程序自动继续（等待 60 秒）
2026-03-28 16:12:20,265 [ERROR] scraper - 登录失败，当前页面: https://www.linkedin.com/checkpoint/challenge/AgFi-AFPgRynYQAAAZ0zf1PC4hD_W7PIQPPkIXbEttp3k95s044d_W45-3tpj1nbPambyKgFuCm92yPIs3MLIW4xnYk7aA?ut=03jifTSTlHkYc1
2026-03-28 16:12:20,265 [ERROR] __main__ - 登录失败，本次检查跳过
2026-03-28 16:12:22,584 [INFO] scraper - 浏览器已关闭
2026-03-28 16:17:52,583 [INFO] __main__ - ▶ 开始检查新动态 …
2026-03-28 16:17:53,589 [INFO] scraper - Edge 浏览器已启动（无头模式: False）
2026-03-28 16:17:53,589 [INFO] scraper - 正在登录 LinkedIn …
2026-03-28 16:18:09,308 [WARNING] scraper - 检测到 LinkedIn 安全验证，请手动完成后程序自动继续（等待 60 秒）
2026-03-28 16:19:09,318 [ERROR] scraper - 登录失败，当前页面: https://www.linkedin.com/checkpoint/challenge/AgFVfKEK9YDL-wAAAZ0zhYJ46vYGS-mGnqE-vTrPZCFj4U7_pMt7NtB-1EvOxVBoyV_rykqtlOLyH0183DQSZN_2W3FGAQ?ut=025fihyRpOkYc1
2026-03-28 16:19:09,318 [ERROR] __main__ - 登录失败，本次检查跳过
2026-03-28 16:19:11,708 [INFO] scraper - 浏览器已关闭
2026-03-28 16:23:57,433 [INFO] __main__ - ============================================================
2026-03-28 16:23:57,434 [INFO] __main__ - LinkedIn 动态追踪器已启动
2026-03-28 16:23:57,434 [INFO] __main__ - 监控目标: https://www.linkedin.com/in/jianshu-dong-1191b9129/
2026-03-28 16:23:57,434 [INFO] __main__ - 检查间隔: 60 分钟
2026-03-28 16:23:57,434 [INFO] __main__ - 通知邮箱: 360142420@qq.com
2026-03-28 16:23:57,434 [INFO] __main__ - ============================================================
2026-03-28 16:23:58,417 [INFO] scraper - Edge 浏览器已启动（无头模式: False，会话目录: C:\autoGeneratedApp\linkedInInformationCollection\.edge_profile）
2026-03-28 16:23:58,418 [INFO] scraper - 正在登录 LinkedIn …
2026-03-28 16:24:05,760 [INFO] scraper - 检测到已存在登录会话，跳过账号密码输入
2026-03-28 16:24:05,760 [INFO] __main__ - 登录成功，浏览器将持续保持，不再重复登录
2026-03-28 16:24:05,760 [INFO] __main__ - ▶ 开始检查新动态 …
2026-03-28 16:24:05,780 [INFO] scraper - 访问用户动态页: https://www.linkedin.com/in/jianshu-dong-1191b9129/recent-activity/all/
2026-03-28 16:24:21,300 [INFO] scraper - 共抓取到 5 条帖子
2026-03-28 16:24:21,301 [INFO] __main__ - ✔ 无新动态
2026-03-28 16:24:21,301 [INFO] __main__ - 定时任务已设置，按 Ctrl+C 停止程序
2026-03-28 16:24:41,708 [INFO] __main__ - ▶ 开始检查新动态 …
2026-03-28 16:24:42,694 [INFO] scraper - Edge 浏览器已启动（无头模式: False）
2026-03-28 16:24:42,694 [INFO] scraper - 正在登录 LinkedIn …
2026-03-28 16:25:07,489 [ERROR] scraper - 登录超时，请检查网络或账号信息
2026-03-28 16:25:07,489 [ERROR] __main__ - 登录失败，本次检查跳过
2026-03-28 16:25:09,854 [INFO] scraper - 浏览器已关闭
2026-03-28 16:30:39,854 [INFO] __main__ - ▶ 开始检查新动态 …
2026-03-28 16:30:40,699 [INFO] scraper - Edge 浏览器已启动（无头模式: False）
2026-03-28 16:30:40,700 [INFO] scraper - 正在登录 LinkedIn …
2026-03-28 16:30:52,644 [WARNING] scraper - 检测到 LinkedIn 安全验证，请手动完成后程序自动继续（等待 60 秒）
2026-03-28 16:31:52,654 [ERROR] scraper - 登录失败，当前页面: https://www.linkedin.com/checkpoint/challenge/AgFO8sci5YgHgAAAAZ0zkTdXk-aKXZZGCll5SDkgmzt4QrOZSw8uGXO2V0ptc29h5Y-qNLpEkQ8BMy6X7QzrKhfuigur8A?ut=0vr03mUXh-kYc1
2026-03-28 16:31:52,654 [ERROR] __main__ - 登录失败，本次检查跳过
2026-03-28 16:31:56,543 [INFO] scraper - 浏览器已关闭
2026-03-28 16:37:26,543 [INFO] __main__ - ▶ 开始检查新动态 …
2026-03-28 16:37:28,320 [INFO] scraper - Edge 浏览器已启动（无头模式: False）
2026-03-28 16:37:28,321 [INFO] scraper - 正在登录 LinkedIn …
2026-03-28 16:37:53,720 [ERROR] scraper - 登录超时，请检查网络或账号信息
2026-03-28 16:37:53,720 [ERROR] __main__ - 登录失败，本次检查跳过
2026-03-28 16:37:56,101 [INFO] scraper - 浏览器已关闭
2026-03-28 16:42:56,102 [INFO] __main__ - ▶ 开始检查新动态 …
2026-03-28 16:42:56,989 [INFO] scraper - Edge 浏览器已启动（无头模式: False）
2026-03-28 16:42:56,990 [INFO] scraper - 正在登录 LinkedIn …
2026-03-28 16:43:22,186 [ERROR] scraper - 登录超时，请检查网络或账号信息
2026-03-28 16:43:22,186 [ERROR] __main__ - 登录失败，本次检查跳过
2026-03-28 16:43:24,586 [INFO] scraper - 浏览器已关闭
2026-03-28 16:48:24,587 [INFO] __main__ - ▶ 开始检查新动态 …
2026-03-28 16:48:25,909 [INFO] scraper - Edge 浏览器已启动（无头模式: False）
2026-03-28 16:48:25,909 [INFO] scraper - 正在登录 LinkedIn …
2026-03-28 16:48:38,191 [WARNING] scraper - 检测到 LinkedIn 安全验证，请手动完成后程序自动继续（等待 60 秒）
2026-03-28 16:49:38,242 [ERROR] scraper - 登录失败，当前页面: https://www.linkedin.com/checkpoint/challenge/AgHC0GNATwaXoAAAAZ0zoXkzbiuBiZAaS-cKF72grIlB4AroiN7K2huCzfegORMAjU02Yw5vo1wA5hLz3qZPrEcKdgPgLg?ut=2JjXwM7mKgkYc1
2026-03-28 16:49:38,242 [ERROR] __main__ - 登录失败，本次检查跳过
2026-03-28 16:49:40,737 [INFO] scraper - 浏览器已关闭
2026-03-28 16:54:40,738 [INFO] __main__ - ▶ 开始检查新动态 …
2026-03-28 16:54:41,607 [INFO] scraper - Edge 浏览器已启动（无头模式: False）
2026-03-28 16:54:41,612 [INFO] scraper - 正在登录 LinkedIn …
2026-03-28 16:54:54,144 [WARNING] scraper - 检测到 LinkedIn 安全验证，请手动完成后程序自动继续（等待 60 秒）
2026-03-28 16:55:54,155 [ERROR] scraper - 登录失败，当前页面: https://www.linkedin.com/checkpoint/challenge/AgEeVvS-ZJolUQAAAZ0zpzbz8KiMmt19S90KStTwYSdRczQSNOd8ct9H102N0GNZoGR36dC8FqXHpL0EpzCXT0lHZ5tHQg?ut=1LgYqY1_CmkYc1
2026-03-28 16:55:54,155 [ERROR] __main__ - 登录失败，本次检查跳过
2026-03-28 16:55:56,552 [INFO] scraper - 浏览器已关闭
2026-03-28 17:00:56,553 [INFO] __main__ - ▶ 开始检查新动态 …
2026-03-28 17:00:57,416 [INFO] scraper - Edge 浏览器已启动（无头模式: False）
2026-03-28 17:00:57,416 [INFO] scraper - 正在登录 LinkedIn …
2026-03-28 17:01:14,108 [WARNING] scraper - 检测到 LinkedIn 安全验证，请手动完成后程序自动继续（等待 60 秒）
2026-03-28 17:02:14,115 [ERROR] scraper - 登录失败，当前页面: https://www.linkedin.com/checkpoint/challenge/AgGp75SYPprL4gAAAZ0zrPE502PAA09XkPR9Sm0IuV7gtXKjkITkXrTM-Je3pvaZoslZTap6icRdDOYcLLQ1k0Qipmq3RQ?ut=0QTSJ84yytkYc1
2026-03-28 17:02:14,116 [ERROR] __main__ - 登录失败，本次检查跳过
2026-03-28 17:02:16,528 [INFO] scraper - 浏览器已关闭
2026-03-28 17:07:16,529 [INFO] __main__ - ▶ 开始检查新动态 …
2026-03-28 17:07:17,431 [INFO] scraper - Edge 浏览器已启动（无头模式: False）
2026-03-28 17:07:17,431 [INFO] scraper - 正在登录 LinkedIn …
2026-03-28 17:07:32,997 [WARNING] scraper - 检测到 LinkedIn 安全验证，请手动完成后程序自动继续（等待 60 秒）
2026-03-28 17:08:33,004 [ERROR] scraper - 登录失败，当前页面: https://www.linkedin.com/checkpoint/challenge/AgGRV4PSpc6Q9wAAAZ0zsrzHg-6ghp4sbil1-FtIGTrqu4YyZ3PP-EbqR9IswtYWQAVLjbCygjthy75pJjrFJoK-hOuL1w?ut=37p2ofVUSzkYc1
2026-03-28 17:08:33,004 [ERROR] __main__ - 登录失败，本次检查跳过
2026-03-28 17:08:35,397 [INFO] scraper - 浏览器已关闭
2026-03-28 17:13:35,398 [INFO] __main__ - ▶ 开始检查新动态 …
2026-03-28 17:13:36,419 [INFO] scraper - Edge 浏览器已启动（无头模式: False）
2026-03-28 17:13:36,419 [INFO] scraper - 正在登录 LinkedIn …
2026-03-28 17:13:51,710 [WARNING] scraper - 检测到 LinkedIn 安全验证，请手动完成后程序自动继续（等待 60 秒）
2026-03-28 17:14:51,717 [ERROR] scraper - 登录失败，当前页面: https://www.linkedin.com/checkpoint/challenge/AgGa8lzVUvyycgAAAZ0zuIOnmW16FTSurWCNxi8fDLNROn7IfqlK5plTAUfjJ7jEYcGgV3FEwhHcjZDfhPk_AJjyuv61vg?ut=30inS7YgiFkYc1
2026-03-28 17:14:51,717 [ERROR] __main__ - 登录失败，本次检查跳过
2026-03-28 17:14:54,085 [INFO] scraper - 浏览器已关闭
2026-03-28 17:19:54,086 [INFO] __main__ - ▶ 开始检查新动态 …
2026-03-28 17:19:54,991 [INFO] scraper - Edge 浏览器已启动（无头模式: False）
2026-03-28 17:19:54,992 [INFO] scraper - 正在登录 LinkedIn …
2026-03-28 17:20:11,279 [WARNING] scraper - 检测到 LinkedIn 安全验证，请手动完成后程序自动继续（等待 60 秒）
2026-03-28 17:21:11,288 [ERROR] scraper - 登录失败，当前页面: https://www.linkedin.com/checkpoint/challenge/AgF2axY6Ab3bEAAAAZ0zvkwGVJ9UIydxSdArUySM7hAbKt3A4sIniy-icLlGjBWe7KNcjuTwqQ5FazSeHOst5bL2iqU62A?ut=3YyCUqkVCMkYc1
2026-03-28 17:21:11,288 [ERROR] __main__ - 登录失败，本次检查跳过
2026-03-28 17:21:13,701 [INFO] scraper - 浏览器已关闭
2026-03-28 17:24:21,306 [INFO] __main__ - ▶ 开始检查新动态 …
2026-03-28 17:24:21,383 [INFO] scraper - 访问用户动态页: https://www.linkedin.com/in/jianshu-dong-1191b9129/recent-activity/all/
2026-03-28 17:24:41,191 [INFO] scraper - 共抓取到 5 条帖子
2026-03-28 17:24:41,191 [INFO] __main__ - ✔ 无新动态
2026-03-28 17:26:13,704 [INFO] __main__ - ▶ 开始检查新动态 …
2026-03-28 17:26:14,598 [INFO] scraper - Edge 浏览器已启动（无头模式: False）
2026-03-28 17:26:14,599 [INFO] scraper - 正在登录 LinkedIn …
2026-03-28 17:26:40,303 [ERROR] scraper - 登录超时，请检查网络或账号信息
2026-03-28 17:26:40,303 [ERROR] __main__ - 登录失败，本次检查跳过
2026-03-28 17:26:42,659 [INFO] scraper - 浏览器已关闭
2026-03-28 17:31:42,661 [INFO] __main__ - ▶ 开始检查新动态 …
2026-03-28 17:31:43,558 [INFO] scraper - Edge 浏览器已启动（无头模式: False）
2026-03-28 17:31:43,558 [INFO] scraper - 正在登录 LinkedIn …
2026-03-28 17:31:58,435 [WARNING] scraper - 检测到 LinkedIn 安全验证，请手动完成后程序自动继续（等待 60 秒）
2026-03-28 17:32:58,444 [ERROR] scraper - 登录失败，当前页面: https://www.linkedin.com/checkpoint/challenge/AgEc80abrX8Z3gAAAZ0zyRnwi0SnLxc6kgk8mle9GUmu5JHt_XEY-6hU7IJhLYoC-pfUmjy5NjRB4MOlV9paNaNdpSLd0g?ut=2xhEp_ruuXkYc1
2026-03-28 17:32:58,444 [ERROR] __main__ - 登录失败，本次检查跳过
2026-03-28 17:33:00,793 [INFO] scraper - 浏览器已关闭
2026-03-28 17:38:00,796 [INFO] __main__ - ▶ 开始检查新动态 …
2026-03-28 17:38:02,651 [INFO] scraper - Edge 浏览器已启动（无头模式: False）
2026-03-28 17:38:02,652 [INFO] scraper - 正在登录 LinkedIn …
2026-03-28 17:38:14,103 [WARNING] scraper - 检测到 LinkedIn 安全验证，请手动完成后程序自动继续（等待 60 秒）
2026-03-28 17:39:14,115 [ERROR] scraper - 登录失败，当前页面: https://www.linkedin.com/checkpoint/challenge/AgFzcpZluz75FwAAAZ0zzuJs2Sy73IHZbZKw7Ll2JkCeciCY9q60lX2nUJT-bFEEbOReGHgdAcIcf29qf54kaWV39mV-3w?ut=0zYPy7Vcn2kYc1
2026-03-28 17:39:14,116 [ERROR] __main__ - 登录失败，本次检查跳过
2026-03-28 17:39:16,577 [INFO] scraper - 浏览器已关闭
2026-03-28 17:44:16,579 [INFO] __main__ - ▶ 开始检查新动态 …
2026-03-28 17:44:17,555 [INFO] scraper - Edge 浏览器已启动（无头模式: False）
2026-03-28 17:44:17,558 [INFO] scraper - 正在登录 LinkedIn …
2026-03-28 17:44:33,456 [WARNING] scraper - 检测到 LinkedIn 安全验证，请手动完成后程序自动继续（等待 60 秒）
2026-03-28 17:45:33,464 [ERROR] scraper - 登录失败，当前页面: https://www.linkedin.com/checkpoint/challenge/AgH6j8ZwP23f2AAAAZ0z1J0DAt-lghv_S-8CrEW5m7ZEG7tW1RT5uQUIXb6fcqKMcpkTPrmJl934QurQYwxFFHWeVq-p9g?ut=1ep31VJ878kYc1
2026-03-28 17:45:33,464 [ERROR] __main__ - 登录失败，本次检查跳过
2026-03-28 17:45:35,879 [INFO] scraper - 浏览器已关闭
2026-03-28 17:50:35,881 [INFO] __main__ - ▶ 开始检查新动态 …
2026-03-28 17:50:36,814 [INFO] scraper - Edge 浏览器已启动（无头模式: False）
2026-03-28 17:50:36,814 [INFO] scraper - 正在登录 LinkedIn …
2026-03-28 17:50:48,617 [WARNING] scraper - 检测到 LinkedIn 安全验证，请手动完成后程序自动继续（等待 60 秒）
2026-03-28 17:51:48,627 [ERROR] scraper - 登录失败，当前页面: https://www.linkedin.com/checkpoint/challenge/AgFnDsJtguWLCQAAAZ0z2mV9dokQNfRvb9ZNXPGs_sL5llHMUr1UXMM7fwnaadzagwjDQGWiQFlfNtPjdOorlKtlcx9aCg?ut=115Ka12bTekYc1
2026-03-28 17:51:48,627 [ERROR] __main__ - 登录失败，本次检查跳过
2026-03-28 17:51:51,102 [INFO] scraper - 浏览器已关闭
2026-03-28 17:56:51,104 [INFO] __main__ - ▶ 开始检查新动态 …
2026-03-28 17:56:52,296 [INFO] scraper - Edge 浏览器已启动（无头模式: False）
2026-03-28 17:56:52,296 [INFO] scraper - 正在登录 LinkedIn …
2026-03-28 17:57:18,310 [ERROR] scraper - 登录超时，请检查网络或账号信息
2026-03-28 17:57:18,310 [ERROR] __main__ - 登录失败，本次检查跳过
2026-03-28 17:57:20,709 [INFO] scraper - 浏览器已关闭
2026-03-28 18:02:20,711 [INFO] __main__ - ▶ 开始检查新动态 …
2026-03-28 18:02:21,646 [INFO] scraper - Edge 浏览器已启动（无头模式: False）
2026-03-28 18:02:21,646 [INFO] scraper - 正在登录 LinkedIn …
2026-03-28 18:02:34,222 [WARNING] scraper - 检测到 LinkedIn 安全验证，请手动完成后程序自动继续（等待 60 秒）
2026-03-28 18:03:34,233 [ERROR] scraper - 登录失败，当前页面: https://www.linkedin.com/checkpoint/challenge/AgHgcNqfDRuJDwAAAZ0z5SkX46H1h1feILoIGgzHnT15CF9A904qwyFL857kPKFeaGZqHq4uyaeb3iCQ9_LHOAvCAXDyVA?ut=0bXrnB2QrqkYc1
2026-03-28 18:03:34,233 [ERROR] __main__ - 登录失败，本次检查跳过
2026-03-28 18:03:36,632 [INFO] scraper - 浏览器已关闭
2026-03-28 18:08:36,634 [INFO] __main__ - ▶ 开始检查新动态 …
2026-03-28 18:08:37,561 [INFO] scraper - Edge 浏览器已启动（无头模式: False）
2026-03-28 18:08:37,561 [INFO] scraper - 正在登录 LinkedIn …
2026-03-28 18:08:49,584 [WARNING] scraper - 检测到 LinkedIn 安全验证，请手动完成后程序自动继续（等待 60 秒）
2026-03-28 18:09:49,594 [ERROR] scraper - 登录失败，当前页面: https://www.linkedin.com/checkpoint/challenge/AgEOpLU7a0EBhgAAAZ0z6uPzertuy2DulVUjfPy_CoYXsxm3cFuX-PpRL6Aw0W7Yn4QPvM-u5L-xrZgtpbz_3q04kB4GGw?ut=2ME8rfhGfwkYc1
2026-03-28 18:09:49,594 [ERROR] __main__ - 登录失败，本次检查跳过
2026-03-28 18:09:52,001 [INFO] scraper - 浏览器已关闭
2026-03-28 18:14:52,003 [INFO] __main__ - ▶ 开始检查新动态 …
2026-03-28 18:14:53,018 [INFO] scraper - Edge 浏览器已启动（无头模式: False）
2026-03-28 18:14:53,019 [INFO] scraper - 正在登录 LinkedIn …
2026-03-28 18:15:18,240 [ERROR] scraper - 登录超时，请检查网络或账号信息
2026-03-28 18:15:18,240 [ERROR] __main__ - 登录失败，本次检查跳过
2026-03-28 18:15:20,601 [INFO] scraper - 浏览器已关闭
2026-03-28 18:20:50,595 [INFO] __main__ - ▶ 开始检查新动态 …
2026-03-28 18:20:51,551 [INFO] scraper - Edge 浏览器已启动（无头模式: False）
2026-03-28 18:20:51,551 [INFO] scraper - 正在登录 LinkedIn …
2026-03-28 18:21:07,494 [WARNING] scraper - 检测到 LinkedIn 安全验证，请手动完成后程序自动继续（等待 60 秒）
2026-03-28 18:22:07,500 [ERROR] scraper - 登录失败，当前页面: https://www.linkedin.com/checkpoint/challenge/AgHAdIMYEFYAXgAAAZ0z9haprBacEQZek0rqBEAWt5nxd5B2_R4jPL7LVeqPDp-pFces0SII8Li5QQGmv5Y6ZVLC62xYFQ?ut=0khPdnd5DIkYc1
2026-03-28 18:22:07,501 [ERROR] __main__ - 登录失败，本次检查跳过
2026-03-28 18:22:09,895 [INFO] scraper - 浏览器已关闭
2026-03-28 18:24:41,195 [INFO] __main__ - ▶ 开始检查新动态 …
2026-03-28 18:24:41,202 [INFO] scraper - 访问用户动态页: https://www.linkedin.com/in/jianshu-dong-1191b9129/recent-activity/all/
2026-03-28 18:25:01,508 [INFO] scraper - 共抓取到 5 条帖子
2026-03-28 18:25:01,508 [INFO] __main__ - ✔ 无新动态
2026-03-28 18:27:39,889 [INFO] __main__ - ▶ 开始检查新动态 …
2026-03-28 18:27:40,794 [INFO] scraper - Edge 浏览器已启动（无头模式: False）
2026-03-28 18:27:40,794 [INFO] scraper - 正在登录 LinkedIn …
2026-03-28 18:27:56,018 [WARNING] scraper - 检测到 LinkedIn 安全验证，请手动完成后程序自动继续（等待 60 秒）
2026-03-28 18:28:56,024 [ERROR] scraper - 登录失败，当前页面: https://www.linkedin.com/checkpoint/challenge/AgHuuAxzTIdRSQAAAZ0z_FXnoSNL4q8xGuWL8V7g0YDY30l_QDNPFdlOhpPF_NJ7_chV7-L0ayn_FqJQShs8g78aNdkhCQ?ut=30Z3FdU-_PkYc1
2026-03-28 18:28:56,024 [ERROR] __main__ - 登录失败，本次检查跳过
2026-03-28 18:28:58,410 [INFO] scraper - 浏览器已关闭
2026-03-28 18:34:28,404 [INFO] __main__ - ▶ 开始检查新动态 …
2026-03-28 18:34:29,469 [INFO] scraper - Edge 浏览器已启动（无头模式: False）
2026-03-28 18:34:29,469 [INFO] scraper - 正在登录 LinkedIn …
2026-03-28 18:34:43,655 [WARNING] scraper - 检测到 LinkedIn 安全验证，请手动完成后程序自动继续（等待 60 秒）
2026-03-28 18:35:43,669 [ERROR] scraper - 登录失败，当前页面: https://www.linkedin.com/checkpoint/challenge/AgHPRmbB5TO2hAAAAZ00Apq5BOQ2LC4KRvolMXdAbfASN6NiQhunQhNZgrMyWRG6uMW8lw9xUxtDt2QYaArbFp4x8YpWjw?ut=17qY7B1LTWkYc1
2026-03-28 18:35:43,669 [ERROR] __main__ - 登录失败，本次检查跳过
2026-03-28 18:35:46,054 [INFO] scraper - 浏览器已关闭
2026-03-28 18:41:16,048 [INFO] __main__ - ▶ 开始检查新动态 …
2026-03-28 18:41:17,708 [INFO] scraper - Edge 浏览器已启动（无头模式: False）
2026-03-28 18:41:17,709 [INFO] scraper - 正在登录 LinkedIn …
2026-03-28 18:41:43,631 [ERROR] scraper - 登录超时，请检查网络或账号信息
2026-03-28 18:41:43,632 [ERROR] __main__ - 登录失败，本次检查跳过
2026-03-28 18:41:46,009 [INFO] scraper - 浏览器已关闭
2026-03-28 18:47:16,003 [INFO] __main__ - ▶ 开始检查新动态 …
2026-03-28 18:47:16,886 [INFO] scraper - Edge 浏览器已启动（无头模式: False）
2026-03-28 18:47:16,886 [INFO] scraper - 正在登录 LinkedIn …
2026-03-28 18:47:28,534 [WARNING] scraper - 检测到 LinkedIn 安全验证，请手动完成后程序自动继续（等待 60 秒）
2026-03-28 18:48:28,546 [ERROR] scraper - 登录失败，当前页面: https://www.linkedin.com/checkpoint/challenge/AgEk4l1kXcl7uwAAAZ00DkYi-YhkSyoS4Rt3FDpzxZG1q7IcaWD1sJIZiv280ekDkYyl_m9KLbgyZ-03PB1-80G_amjU_A?ut=070xBS7Rg7lcc1
2026-03-28 18:48:28,547 [ERROR] __main__ - 登录失败，本次检查跳过
2026-03-28 18:48:30,959 [INFO] scraper - 浏览器已关闭
2026-03-28 18:54:00,956 [INFO] __main__ - ▶ 开始检查新动态 …
2026-03-28 18:54:01,871 [INFO] scraper - Edge 浏览器已启动（无头模式: False）
2026-03-28 18:54:01,872 [INFO] scraper - 正在登录 LinkedIn …
2026-03-28 18:54:27,728 [ERROR] scraper - 登录超时，请检查网络或账号信息
2026-03-28 18:54:27,728 [ERROR] __main__ - 登录失败，本次检查跳过
2026-03-28 18:54:30,062 [INFO] scraper - 浏览器已关闭
2026-03-28 19:00:00,061 [INFO] __main__ - ▶ 开始检查新动态 …
2026-03-28 19:00:01,061 [INFO] scraper - Edge 浏览器已启动（无头模式: False）
2026-03-28 19:00:01,062 [INFO] scraper - 正在登录 LinkedIn …
2026-03-28 19:00:13,048 [WARNING] scraper - 检测到 LinkedIn 安全验证，请手动完成后程序自动继续（等待 60 秒）
2026-03-28 19:01:13,059 [ERROR] scraper - 登录失败，当前页面: https://www.linkedin.com/checkpoint/challenge/AgG_3T5S5JA-lgAAAZ00GfEAdSDqeh3KLUq0qdq797kAvyV_s3VMC0KxHZAijHpDSLI5yaVqTaDqP8HOBgQ53nc0MuudLw?ut=2ZVCxadC8klcc1
2026-03-28 19:01:13,060 [ERROR] __main__ - 登录失败，本次检查跳过
2026-03-28 19:01:15,473 [INFO] scraper - 浏览器已关闭
2026-03-28 19:06:45,472 [INFO] __main__ - ▶ 开始检查新动态 …
2026-03-28 19:06:46,548 [INFO] scraper - Edge 浏览器已启动（无头模式: False）
2026-03-28 19:06:46,549 [INFO] scraper - 正在登录 LinkedIn …
2026-03-28 19:06:58,151 [WARNING] scraper - 检测到 LinkedIn 安全验证，请手动完成后程序自动继续（等待 60 秒）
2026-03-28 19:07:58,161 [ERROR] scraper - 登录失败，当前页面: https://www.linkedin.com/checkpoint/challenge/AgHLIygSCGPfWQAAAZ00IB9_WYSXLn7FvBPlS0jy68LyiJ5sZnvDVi7tKZoILERYvaMyVzD8uUiYwnTbAY19atjmxcQ3SQ?ut=1HTYLxA3Qqlcc1
2026-03-28 19:07:58,162 [ERROR] __main__ - 登录失败，本次检查跳过
2026-03-28 19:08:00,585 [INFO] scraper - 浏览器已关闭
2026-03-28 19:13:30,585 [INFO] __main__ - ▶ 开始检查新动态 …
2026-03-28 19:13:31,507 [INFO] scraper - Edge 浏览器已启动（无头模式: False）
2026-03-28 19:13:31,507 [INFO] scraper - 正在登录 LinkedIn …
2026-03-28 19:13:43,481 [WARNING] scraper - 检测到 LinkedIn 安全验证，请手动完成后程序自动继续（等待 60 秒）
2026-03-28 19:14:43,492 [ERROR] scraper - 登录失败，当前页面: https://www.linkedin.com/checkpoint/challenge/AgEH7F3ecboOBQAAAZ00Jk7B_8A0p_LW9DHO0ma0M9igvk6W7Xsfh2PigV-ixtsM60FBP3QFxkT7MQIe4IohFfjlUaTCzQ?ut=39ZE4Y6uQxlcc1
2026-03-28 19:14:43,492 [ERROR] __main__ - 登录失败，本次检查跳过
2026-03-28 19:14:45,864 [INFO] scraper - 浏览器已关闭
2026-03-28 19:20:15,862 [INFO] __main__ - ▶ 开始检查新动态 …
2026-03-28 19:20:16,724 [INFO] scraper - Edge 浏览器已启动（无头模式: False）
2026-03-28 19:20:16,724 [INFO] scraper - 正在登录 LinkedIn …
2026-03-28 19:20:28,822 [WARNING] scraper - 检测到 LinkedIn 安全验证，请手动完成后程序自动继续（等待 60 秒）
2026-03-28 19:21:28,832 [ERROR] scraper - 登录失败，当前页面: https://www.linkedin.com/checkpoint/challenge/AgGAzNgkyp0BqwAAAZ00LH1eoAAr5fQWZdC87-uHnrU2RysxYsAlibxu5PJ3daIZ3Yq2AuxIqMrzRO19F9-MNN6_i4c1Bg?ut=3VzDPZNjkElcc1
2026-03-28 19:21:28,832 [ERROR] __main__ - 登录失败，本次检查跳过
2026-03-28 19:21:31,301 [INFO] scraper - 浏览器已关闭
2026-03-28 19:25:31,468 [INFO] __main__ - ▶ 开始检查新动态 …
2026-03-28 19:25:31,476 [INFO] scraper - 访问用户动态页: https://www.linkedin.com/in/jianshu-dong-1191b9129/recent-activity/all/
2026-03-28 19:25:51,055 [INFO] scraper - 共抓取到 5 条帖子
2026-03-28 19:25:51,055 [INFO] __main__ - ✔ 无新动态
2026-03-28 19:27:01,301 [INFO] __main__ - ▶ 开始检查新动态 …
2026-03-28 19:27:02,162 [INFO] scraper - Edge 浏览器已启动（无头模式: False）
2026-03-28 19:27:02,163 [INFO] scraper - 正在登录 LinkedIn …
2026-03-28 19:27:14,180 [WARNING] scraper - 检测到 LinkedIn 安全验证，请手动完成后程序自动继续（等待 60 秒）
2026-03-28 19:28:14,189 [ERROR] scraper - 登录失败，当前页面: https://www.linkedin.com/checkpoint/challenge/AgFBfjuI27cc_AAAAZ00Mq0oqFYa5EuckRXBM5xvStvd_5PW567ia3j7JkxpM_rjAoX7wQ53Q-uiqupQQs3R0MsM7jg-zw?ut=3Q12MKQ8sLlcc1
2026-03-28 19:28:14,189 [ERROR] __main__ - 登录失败，本次检查跳过
2026-03-28 19:28:16,593 [INFO] scraper - 浏览器已关闭
2026-03-28 19:33:16,593 [INFO] __main__ - ▶ 开始检查新动态 …
2026-03-28 19:33:17,477 [INFO] scraper - Edge 浏览器已启动（无头模式: False）
2026-03-28 19:33:17,477 [INFO] scraper - 正在登录 LinkedIn …
2026-03-28 19:33:44,771 [ERROR] scraper - 登录超时，请检查网络或账号信息
2026-03-28 19:33:44,771 [ERROR] __main__ - 登录失败，本次检查跳过
2026-03-28 19:33:47,131 [INFO] scraper - 浏览器已关闭
2026-03-28 19:38:47,132 [INFO] __main__ - ▶ 开始检查新动态 …
2026-03-28 19:38:48,049 [INFO] scraper - Edge 浏览器已启动（无头模式: False）
2026-03-28 19:38:48,050 [INFO] scraper - 正在登录 LinkedIn …
2026-03-28 19:39:00,151 [WARNING] scraper - 检测到 LinkedIn 安全验证，请手动完成后程序自动继续（等待 60 秒）
2026-03-28 19:40:00,161 [ERROR] scraper - 登录失败，当前页面: https://www.linkedin.com/checkpoint/challenge/AgFLVCZgdytUoQAAAZ00PXMOSWt-lFQVUeknH8mYD_AigKKONuWuTpnsLUWw9ZRlwng-E86RkyQa_QYMuTFxk8jFu77tFQ?ut=3I_PsLcsUWlcc1
2026-03-28 19:40:00,161 [ERROR] __main__ - 登录失败，本次检查跳过
2026-03-28 19:40:02,540 [INFO] scraper - 浏览器已关闭
2026-03-28 19:45:02,542 [INFO] __main__ - ▶ 开始检查新动态 …
2026-03-28 19:45:03,876 [INFO] scraper - Edge 浏览器已启动（无头模式: False）
2026-03-28 19:45:03,877 [INFO] scraper - 正在登录 LinkedIn …
2026-03-28 19:45:19,905 [WARNING] scraper - 检测到 LinkedIn 安全验证，请手动完成后程序自动继续（等待 60 秒）
2026-03-28 19:46:19,913 [ERROR] scraper - 登录失败，当前页面: https://www.linkedin.com/checkpoint/challenge/AgEMbTiiLKuW2wAAAZ00Qy-jauSOw7eTszhH-yJ8-tXFVr6Liz0LrzMFA4jktwqpALV1zj84MO51oVUhV47I1tlo9bLrIA?ut=0fKQc2aKh1lcc1
2026-03-28 19:46:19,913 [ERROR] __main__ - 登录失败，本次检查跳过
2026-03-28 19:46:22,328 [INFO] scraper - 浏览器已关闭
2026-03-28 19:51:22,329 [INFO] __main__ - ▶ 开始检查新动态 …
2026-03-28 19:51:23,274 [INFO] scraper - Edge 浏览器已启动（无头模式: False）
2026-03-28 19:51:23,274 [INFO] scraper - 正在登录 LinkedIn …
2026-03-28 19:51:35,253 [WARNING] scraper - 检测到 LinkedIn 安全验证，请手动完成后程序自动继续（等待 60 秒）
2026-03-28 19:52:35,263 [ERROR] scraper - 登录失败，当前页面: https://www.linkedin.com/checkpoint/challenge/AgFT8-5_a1LXCwAAAZ00SPjhkYpn0CkX5p-NUZ4Ur7yDpJa9GbgD38KsHwB4OrvtEFOMCqF4BOtcVF6WjWloTydO-LBhUA?ut=0zyhZE7mp7lcc1
2026-03-28 19:52:35,263 [ERROR] __main__ - 登录失败，本次检查跳过
2026-03-28 19:52:37,669 [INFO] scraper - 浏览器已关闭
2026-03-28 19:57:37,671 [INFO] __main__ - ▶ 开始检查新动态 …
2026-03-28 19:57:38,554 [INFO] scraper - Edge 浏览器已启动（无头模式: False）
2026-03-28 19:57:38,554 [INFO] scraper - 正在登录 LinkedIn …
2026-03-28 19:57:53,364 [WARNING] scraper - 检测到 LinkedIn 安全验证，请手动完成后程序自动继续（等待 60 秒）
2026-03-28 19:58:53,372 [ERROR] scraper - 登录失败，当前页面: https://www.linkedin.com/checkpoint/challenge/AgGJRcZE7tTKvQAAAZ00TrIeW8gK_UizDCA_GrrgclX_s4zYqwuHc3-RFihXhLQY7vwMPuELkDzzxoMlmssSAsa7-3gfyg?ut=2sGfOMO0Vdlcc1
2026-03-28 19:58:53,373 [ERROR] __main__ - 登录失败，本次检查跳过
2026-03-28 19:58:55,762 [INFO] scraper - 浏览器已关闭
2026-03-28 20:03:55,765 [INFO] __main__ - ▶ 开始检查新动态 …
2026-03-28 20:03:56,640 [INFO] scraper - Edge 浏览器已启动（无头模式: False）
2026-03-28 20:03:56,640 [INFO] scraper - 正在登录 LinkedIn …
2026-03-28 20:04:09,184 [WARNING] scraper - 检测到 LinkedIn 安全验证，请手动完成后程序自动继续（等待 60 秒）
2026-03-28 20:05:09,198 [ERROR] scraper - 登录失败，当前页面: https://www.linkedin.com/checkpoint/challenge/AgGY4HpX5I4BygAAAZ00VHlRhDv2V3JDEL1CFqx5Gpotu9NA_ieDNtEWxsbKdeuzd69Z1CqxJ7Pq0n3XMy6CC2ra9I0z-A?ut=1XLnWaHPVklcc1
2026-03-28 20:05:09,199 [ERROR] __main__ - 登录失败，本次检查跳过
2026-03-28 20:05:11,581 [INFO] scraper - 浏览器已关闭
2026-03-28 20:10:11,582 [INFO] __main__ - ▶ 开始检查新动态 …
2026-03-28 20:10:12,471 [INFO] scraper - Edge 浏览器已启动（无头模式: False）
2026-03-28 20:10:12,472 [INFO] scraper - 正在登录 LinkedIn …
2026-03-28 20:10:27,058 [WARNING] scraper - 检测到 LinkedIn 安全验证，请手动完成后程序自动继续（等待 60 秒）
2026-03-28 20:11:27,072 [ERROR] scraper - 登录失败，当前页面: https://www.linkedin.com/checkpoint/challenge/AgE7lOGrGsNaiQAAAZ00Wj3qrGjhzhYwxGrYFgyl139Dwmgm2Mdy8Tad99OCuSU-kA9Tff16Q9QBzxmy5jEeGqLinSw4dQ?ut=3_zYNzDLVqlcc1
2026-03-28 20:11:27,072 [ERROR] __main__ - 登录失败，本次检查跳过
2026-03-28 20:11:29,474 [INFO] scraper - 浏览器已关闭
2026-03-28 20:16:29,475 [INFO] __main__ - ▶ 开始检查新动态 …
2026-03-28 20:16:30,489 [INFO] scraper - Edge 浏览器已启动（无头模式: False）
2026-03-28 20:16:30,490 [INFO] scraper - 正在登录 LinkedIn …
2026-03-28 20:16:59,895 [ERROR] scraper - 登录超时，请检查网络或账号信息
2026-03-28 20:16:59,895 [ERROR] __main__ - 登录失败，本次检查跳过
2026-03-28 20:17:02,255 [INFO] scraper - 浏览器已关闭
2026-03-28 20:22:02,255 [INFO] __main__ - ▶ 开始检查新动态 …
2026-03-28 20:22:03,275 [INFO] scraper - Edge 浏览器已启动（无头模式: False）
2026-03-28 20:22:03,275 [INFO] scraper - 正在登录 LinkedIn …
2026-03-28 20:22:17,581 [WARNING] scraper - 检测到 LinkedIn 安全验证，请手动完成后程序自动继续（等待 60 秒）
2026-03-28 20:23:17,591 [ERROR] scraper - 登录失败，当前页面: https://www.linkedin.com/checkpoint/challenge/AgEV0zvPacGnfAAAAZ00ZRYDP9r68MYAes7CRNWYKrHy0rl1t3EzS4kAV7KmmZWx1BgVYwBtZRZt9YJDqAmzm2xPvcL4AA?ut=3nAHr2ZWVClcc1
2026-03-28 20:23:17,591 [ERROR] __main__ - 登录失败，本次检查跳过
2026-03-28 20:23:19,906 [INFO] scraper - 浏览器已关闭
2026-03-28 20:25:51,066 [INFO] __main__ - ▶ 开始检查新动态 …
2026-03-28 20:25:51,123 [INFO] scraper - 访问用户动态页: https://www.linkedin.com/in/jianshu-dong-1191b9129/recent-activity/all/
2026-03-28 20:26:09,465 [INFO] scraper - 共抓取到 5 条帖子
2026-03-28 20:26:09,466 [INFO] __main__ - ✔ 无新动态
2026-03-28 20:28:19,907 [INFO] __main__ - ▶ 开始检查新动态 …
2026-03-28 20:28:20,895 [INFO] scraper - Edge 浏览器已启动（无头模式: False）
2026-03-28 20:28:20,895 [INFO] scraper - 正在登录 LinkedIn …
2026-03-28 20:28:35,608 [WARNING] scraper - 检测到 LinkedIn 安全验证，请手动完成后程序自动继续（等待 60 秒）
2026-03-28 20:29:35,618 [ERROR] scraper - 登录失败，当前页面: https://www.linkedin.com/checkpoint/challenge/AgGFr65Jsg2bywAAAZ00atpbYqVtHPUBCdLFjc1y85sXWGt9-ZqnFeHb81ukECYtP3VY8uErkeLsbhPKE_t787fGBFx-gQ?ut=3pP5USNDVIlcc1
2026-03-28 20:29:35,619 [ERROR] __main__ - 登录失败，本次检查跳过
2026-03-28 20:29:37,983 [INFO] scraper - 浏览器已关闭
2026-03-28 20:34:37,984 [INFO] __main__ - ▶ 开始检查新动态 …
2026-03-28 20:34:39,020 [INFO] scraper - Edge 浏览器已启动（无头模式: False）
2026-03-28 20:34:39,021 [INFO] scraper - 正在登录 LinkedIn …
2026-03-28 20:34:53,627 [WARNING] scraper - 检测到 LinkedIn 安全验证，请手动完成后程序自动继续（等待 60 秒）
2026-03-28 20:35:53,638 [ERROR] scraper - 登录失败，当前页面: https://www.linkedin.com/checkpoint/challenge/AgGgxErnr1WTcQAAAZ00cJ3F8AQBuPXWzhU2KN1G8-wVPaTHch_nZi8N8GvpSdAPkdRgYroKYH1yGUeAUn36HvCy7QNOIg?ut=1xsT1QZPFOlcc1
2026-03-28 20:35:53,638 [ERROR] __main__ - 登录失败，本次检查跳过
2026-03-28 20:35:56,038 [INFO] scraper - 浏览器已关闭
2026-03-28 20:40:56,041 [INFO] __main__ - ▶ 开始检查新动态 …
2026-03-28 20:40:57,431 [INFO] scraper - Edge 浏览器已启动（无头模式: False）
2026-03-28 20:40:57,431 [INFO] scraper - 正在登录 LinkedIn …
2026-03-28 20:41:11,718 [WARNING] scraper - 检测到 LinkedIn 安全验证，请手动完成后程序自动继续（等待 60 秒）
2026-03-28 20:42:11,728 [ERROR] scraper - 登录失败，当前页面: https://www.linkedin.com/checkpoint/challenge/AgEFP1KtnmrMWAAAAZ00dmNsF7KGPTEiuJFPY5Cd-BiCXkEE-cuwY5Q4ppCmHuGbjcBd3dMHmDIXxpVM-S9ddHmDUnEHnQ?ut=2ubPzjX_tVlcc1
2026-03-28 20:42:11,728 [ERROR] __main__ - 登录失败，本次检查跳过
2026-03-28 20:42:14,148 [INFO] scraper - 浏览器已关闭
2026-03-28 20:47:14,149 [INFO] __main__ - ▶ 开始检查新动态 …
2026-03-28 20:47:15,558 [INFO] scraper - Edge 浏览器已启动（无头模式: False）
2026-03-28 20:47:15,559 [INFO] scraper - 正在登录 LinkedIn …
2026-03-28 20:47:43,399 [ERROR] scraper - 登录超时，请检查网络或账号信息
2026-03-28 20:47:43,400 [ERROR] __main__ - 登录失败，本次检查跳过
2026-03-28 20:47:45,758 [INFO] scraper - 浏览器已关闭
2026-03-28 20:52:45,760 [INFO] __main__ - ▶ 开始检查新动态 …
2026-03-28 20:52:46,615 [INFO] scraper - Edge 浏览器已启动（无头模式: False）
2026-03-28 20:52:46,616 [INFO] scraper - 正在登录 LinkedIn …
2026-03-28 20:53:03,557 [WARNING] scraper - 检测到 LinkedIn 安全验证，请手动完成后程序自动继续（等待 60 秒）
2026-03-28 20:54:03,568 [ERROR] scraper - 登录失败，当前页面: https://www.linkedin.com/checkpoint/challenge/AgHAmKQPAsYvzQAAAZ00gUCv9mDy4Jv_c8k5SKg4l5EBdl2Id469677QcbThcszMtCN6kP_WxhAGoyjM7mg7MzE4n1nA0A?ut=3iubSyfNC4lcc1
2026-03-28 20:54:03,569 [ERROR] __main__ - 登录失败，本次检查跳过
2026-03-28 20:54:05,984 [INFO] scraper - 浏览器已关闭
2026-03-28 20:59:05,986 [INFO] __main__ - ▶ 开始检查新动态 …
2026-03-28 20:59:06,990 [INFO] scraper - Edge 浏览器已启动（无头模式: False）
2026-03-28 20:59:06,990 [INFO] scraper - 正在登录 LinkedIn …
2026-03-28 20:59:21,452 [WARNING] scraper - 检测到 LinkedIn 安全验证，请手动完成后程序自动继续（等待 60 秒）
2026-03-28 21:00:21,461 [ERROR] scraper - 登录失败，当前页面: https://www.linkedin.com/checkpoint/challenge/AgHltPRNiTHTUwAAAZ00hwQMdw96BykvQ-NVASKmwl8EJCGQAaJvXbkD0DNGrQXYvNaBL71zAhtt58pHRD8DGppeaW61rQ?ut=2slKQy2RGblcc1
2026-03-28 21:00:21,462 [ERROR] __main__ - 登录失败，本次检查跳过
2026-03-28 21:00:23,880 [INFO] scraper - 浏览器已关闭
2026-03-28 21:05:23,882 [INFO] __main__ - ▶ 开始检查新动态 …
2026-03-28 21:05:24,911 [INFO] scraper - Edge 浏览器已启动（无头模式: False）
2026-03-28 21:05:24,911 [INFO] scraper - 正在登录 LinkedIn …
2026-03-28 21:07:22,601 [WARNING] scraper - 检测到 LinkedIn 安全验证，请手动完成后程序自动继续（等待 60 秒）
2026-03-28 21:08:22,614 [ERROR] scraper - 登录失败，当前页面: https://www.linkedin.com/checkpoint/challenge/AgG_Vb3x6aaMRwAAAZ00jhOCQB-sBufS90OsFaDEugLKoxCWg1vwfJiBp4DQ2mToRqk3wr_oexi8amkCQjSENB5uMliwqg?ut=0LxBqOBViilcc1
2026-03-28 21:08:22,614 [ERROR] __main__ - 登录失败，本次检查跳过
2026-03-28 21:08:25,022 [INFO] scraper - 浏览器已关闭
2026-03-28 21:13:25,024 [INFO] __main__ - ▶ 开始检查新动态 …
2026-03-28 21:13:26,131 [INFO] scraper - Edge 浏览器已启动（无头模式: False）
2026-03-28 21:13:26,132 [INFO] scraper - 正在登录 LinkedIn …
2026-03-28 21:13:38,998 [WARNING] scraper - 检测到 LinkedIn 安全验证，请手动完成后程序自动继续（等待 60 秒）
2026-03-28 21:14:39,008 [ERROR] scraper - 登录失败，当前页面: https://www.linkedin.com/checkpoint/challenge/AgFexmPD_8aQswAAAZ00lBov83BkQrTzNvtnkM8-fDlDf_MKSoQVZUChfKpegDAKvp0FR5bohW7h1P56pYJ9BLDB2139ng?ut=3OfCSbyRyplcc1
2026-03-28 21:14:39,009 [ERROR] __main__ - 登录失败，本次检查跳过
2026-03-28 21:14:41,424 [INFO] scraper - 浏览器已关闭
2026-03-28 21:20:11,418 [INFO] __main__ - ▶ 开始检查新动态 …
2026-03-28 21:20:12,282 [INFO] scraper - Edge 浏览器已启动（无头模式: False）
2026-03-28 21:20:12,283 [INFO] scraper - 正在登录 LinkedIn …
2026-03-28 21:20:26,516 [WARNING] scraper - 检测到 LinkedIn 安全验证，请手动完成后程序自动继续（等待 60 秒）
2026-03-28 21:21:26,524 [ERROR] scraper - 登录失败，当前页面: https://www.linkedin.com/checkpoint/challenge/AgF9Nyow0gAHbQAAAZ00mlH4QUFuSBylBeuL5m6mJ9qNnYNrPk9c05ORoyIjf00CIP3Fzi9iR_ckgsQs5e1giu_b1sA-_w?ut=2tBnxYWcqwlcc1
2026-03-28 21:21:26,524 [ERROR] __main__ - 登录失败，本次检查跳过
2026-03-28 21:21:28,934 [INFO] scraper - 浏览器已关闭
2026-03-28 21:26:39,462 [INFO] __main__ - ▶ 开始检查新动态 …
2026-03-28 21:26:39,509 [INFO] scraper - 访问用户动态页: https://www.linkedin.com/in/jianshu-dong-1191b9129/recent-activity/all/
2026-03-28 21:26:57,648 [INFO] scraper - 共抓取到 5 条帖子
2026-03-28 21:26:57,648 [INFO] __main__ - ✔ 无新动态
2026-03-28 21:26:58,927 [INFO] __main__ - ▶ 开始检查新动态 …
2026-03-28 21:26:59,979 [INFO] scraper - Edge 浏览器已启动（无头模式: False）
2026-03-28 21:26:59,980 [INFO] scraper - 正在登录 LinkedIn …
2026-03-28 21:27:27,875 [ERROR] scraper - 登录超时，请检查网络或账号信息
2026-03-28 21:27:27,875 [ERROR] __main__ - 登录失败，本次检查跳过
2026-03-28 21:27:30,234 [INFO] scraper - 浏览器已关闭
2026-03-28 21:33:00,227 [INFO] __main__ - ▶ 开始检查新动态 …
2026-03-28 21:33:01,219 [INFO] scraper - Edge 浏览器已启动（无头模式: False）
2026-03-28 21:33:01,219 [INFO] scraper - 正在登录 LinkedIn …
2026-03-28 21:33:19,122 [WARNING] scraper - 检测到 LinkedIn 安全验证，请手动完成后程序自动继续（等待 60 秒）
2026-03-28 21:34:19,129 [ERROR] scraper - 登录失败，当前页面: https://www.linkedin.com/checkpoint/challenge/AgHXzql1gu8XDwAAAZ00pg9WKyZoKtvwrp1E62On19QiyVX8y5jF1dyYmwMqOdaYclHitbFIWpR9B0AV-OEFtNC4sE1j5w?ut=3C178IPa-Jlcc1
2026-03-28 21:34:19,129 [ERROR] __main__ - 登录失败，本次检查跳过
2026-03-28 21:34:21,581 [INFO] scraper - 浏览器已关闭
2026-03-28 21:39:51,574 [INFO] __main__ - ▶ 开始检查新动态 …
2026-03-28 21:39:52,782 [INFO] scraper - Edge 浏览器已启动（无头模式: False）
2026-03-28 21:39:52,783 [INFO] scraper - 正在登录 LinkedIn …
2026-03-28 21:40:09,710 [WARNING] scraper - 检测到 LinkedIn 安全验证，请手动完成后程序自动继续（等待 60 秒）
2026-03-28 21:41:09,718 [ERROR] scraper - 登录失败，当前页面: https://www.linkedin.com/checkpoint/challenge/AgHKP3TTZMLhFAAAAZ00rFU0Fgl9TOxd3M1dn0iQLya20z-YsRYioxvy-m_0yMDjAHgxzi_WZdrn_QE5UETHt4unDyk8Sw?ut=18iR0PuMaQlcc1
2026-03-28 21:41:09,718 [ERROR] __main__ - 登录失败，本次检查跳过
2026-03-28 21:41:12,133 [INFO] scraper - 浏览器已关闭
2026-03-28 21:46:42,125 [INFO] __main__ - ▶ 开始检查新动态 …
2026-03-28 21:46:42,952 [INFO] scraper - Edge 浏览器已启动（无头模式: False）
2026-03-28 21:46:42,953 [INFO] scraper - 正在登录 LinkedIn …
2026-03-28 21:46:54,887 [WARNING] scraper - 检测到 LinkedIn 安全验证，请手动完成后程序自动继续（等待 60 秒）
2026-03-28 21:47:54,895 [ERROR] scraper - 登录失败，当前页面: https://www.linkedin.com/checkpoint/challenge/AgGW0epH3La-XQAAAZ00so6yPGmK566aviv1PY6srk_DHDnGJ1KMYLa55GLvTesBo4_8BW7MngL5hoI8wlla-MGf7mbgtA?ut=11KTNkreqWlcc1
2026-03-28 21:47:54,896 [ERROR] __main__ - 登录失败，本次检查跳过
2026-03-28 21:47:57,300 [INFO] scraper - 浏览器已关闭
2026-03-28 21:53:27,296 [INFO] __main__ - ▶ 开始检查新动态 …
2026-03-28 21:53:28,771 [INFO] scraper - Edge 浏览器已启动（无头模式: False）
2026-03-28 21:53:28,771 [INFO] scraper - 正在登录 LinkedIn …
2026-03-28 21:53:42,954 [WARNING] scraper - 检测到 LinkedIn 安全验证，请手动完成后程序自动继续（等待 60 秒）
2026-03-28 21:54:42,965 [ERROR] scraper - 登录失败，当前页面: https://www.linkedin.com/checkpoint/challenge/AgGA_7mXY3RuUwAAAZ00uMjF1Brnfq9iQzPU_XT61gsgTUtQg84YuAsvyUAlq6fCm2zWazG4FlkZzoFLedW58GbsFGOOMQ?ut=34np4RkTf1lcc1
2026-03-28 21:54:42,965 [ERROR] __main__ - 登录失败，本次检查跳过
2026-03-28 21:54:45,370 [INFO] scraper - 浏览器已关闭
2026-03-28 22:00:15,369 [INFO] __main__ - ▶ 开始检查新动态 …
2026-03-28 22:00:16,414 [INFO] scraper - Edge 浏览器已启动（无头模式: False）
2026-03-28 22:00:16,414 [INFO] scraper - 正在登录 LinkedIn …
2026-03-28 22:00:44,503 [ERROR] scraper - 登录超时，请检查网络或账号信息
2026-03-28 22:00:44,503 [ERROR] __main__ - 登录失败，本次检查跳过
2026-03-28 22:00:46,857 [INFO] scraper - 浏览器已关闭
2026-03-28 22:06:16,855 [INFO] __main__ - ▶ 开始检查新动态 …
2026-03-28 22:06:17,817 [INFO] scraper - Edge 浏览器已启动（无头模式: False）
2026-03-28 22:06:17,817 [INFO] scraper - 正在登录 LinkedIn …
2026-03-28 22:06:47,669 [ERROR] scraper - 登录超时，请检查网络或账号信息
2026-03-28 22:06:47,669 [ERROR] __main__ - 登录失败，本次检查跳过
2026-03-28 22:06:50,038 [INFO] scraper - 浏览器已关闭
2026-03-28 22:12:20,037 [INFO] __main__ - ▶ 开始检查新动态 …
2026-03-28 22:12:20,972 [INFO] scraper - Edge 浏览器已启动（无头模式: False）
2026-03-28 22:12:20,972 [INFO] scraper - 正在登录 LinkedIn …
2026-03-28 22:12:38,527 [WARNING] scraper - 检测到 LinkedIn 安全验证，请手动完成后程序自动继续（等待 60 秒）
2026-03-28 22:13:38,534 [ERROR] scraper - 登录失败，当前页面: https://www.linkedin.com/checkpoint/challenge/AgEaXAjPIE14uQAAAZ00ygfxLZCXribieekcQU2NvUZUCXa37SToGMuUxwD74A76IeqImA8h3YlS33I4sRU_9PHBUR1WoQ?ut=20dOojSObklcc1
2026-03-28 22:13:38,534 [ERROR] __main__ - 登录失败，本次检查跳过
2026-03-28 22:13:40,929 [INFO] scraper - 浏览器已关闭
2026-03-28 22:19:10,928 [INFO] __main__ - ▶ 开始检查新动态 …
2026-03-28 22:19:11,892 [INFO] scraper - Edge 浏览器已启动（无头模式: False）
2026-03-28 22:19:11,892 [INFO] scraper - 正在登录 LinkedIn …
2026-03-28 22:19:31,352 [WARNING] scraper - 检测到 LinkedIn 安全验证，请手动完成后程序自动继续（等待 60 秒）
2026-03-28 22:20:31,359 [ERROR] scraper - 登录失败，当前页面: https://www.linkedin.com/checkpoint/challenge/AgFiHTu9QR1AMQAAAZ000FG0qQGFsItEPUtUPVJ22R_sEVxlGFbgoJyzb35bZ8F_VSnFest2p6hC4sSnvbOzRobwwQHNlw?ut=3boE48-5_rlcc1
2026-03-28 22:20:31,360 [ERROR] __main__ - 登录失败，本次检查跳过
2026-03-28 22:20:33,809 [INFO] scraper - 浏览器已关闭
2026-03-28 22:26:03,809 [INFO] __main__ - ▶ 开始检查新动态 …
2026-03-28 22:26:04,730 [INFO] scraper - Edge 浏览器已启动（无头模式: False）
2026-03-28 22:26:04,730 [INFO] scraper - 正在登录 LinkedIn …
2026-03-28 22:26:22,808 [WARNING] scraper - 检测到 LinkedIn 安全验证，请手动完成后程序自动继续（等待 60 秒）
2026-03-28 22:27:22,816 [ERROR] scraper - 登录失败，当前页面: https://www.linkedin.com/checkpoint/challenge/AgGp5hPL91ttqwAAAZ001p33u-t1bTOb7d6TSGLvjrve0c7bNT5O-er_iUYGNIX_HvThYQCyU3_ntjPtzYx7fA5gfa8LBQ?ut=1O_T2A0Tnylcc1
2026-03-28 22:27:22,817 [ERROR] __main__ - 登录失败，本次检查跳过
2026-03-28 22:27:25,198 [INFO] scraper - 浏览器已关闭
2026-03-28 22:27:27,602 [INFO] __main__ - ▶ 开始检查新动态 …
2026-03-28 22:27:27,651 [INFO] scraper - 访问用户动态页: https://www.linkedin.com/in/jianshu-dong-1191b9129/recent-activity/all/
2026-03-28 22:27:44,860 [INFO] scraper - 共抓取到 5 条帖子
2026-03-28 22:27:44,860 [INFO] __main__ - ✔ 无新动态
2026-03-28 22:32:55,198 [INFO] __main__ - ▶ 开始检查新动态 …
2026-03-28 22:32:56,054 [INFO] scraper - Edge 浏览器已启动（无头模式: False）
2026-03-28 22:32:56,054 [INFO] scraper - 正在登录 LinkedIn …
2026-03-28 22:33:09,040 [WARNING] scraper - 检测到 LinkedIn 安全验证，请手动完成后程序自动继续（等待 60 秒）
2026-03-28 22:34:09,050 [ERROR] scraper - 登录失败，当前页面: https://www.linkedin.com/checkpoint/challenge/AgFkqde8bGi3AQAAAZ003OMMadQuGCIEaz-EPBb0uVkRjlWbWWRVVbp5emL5V5Xti4vp6NGiJP0VB16KQeCUpOgv8UhE8A?ut=1Q8dreJ0HFlcc1
2026-03-28 22:34:09,050 [ERROR] __main__ - 登录失败，本次检查跳过
2026-03-28 22:34:11,465 [INFO] scraper - 浏览器已关闭
2026-03-28 22:39:41,464 [INFO] __main__ - ▶ 开始检查新动态 …
2026-03-28 22:39:43,017 [INFO] scraper - Edge 浏览器已启动（无头模式: False）
2026-03-28 22:39:43,017 [INFO] scraper - 正在登录 LinkedIn …
2026-03-28 22:39:55,862 [WARNING] scraper - 检测到 LinkedIn 安全验证，请手动完成后程序自动继续（等待 60 秒）
2026-03-28 22:40:55,873 [ERROR] scraper - 登录失败，当前页面: https://www.linkedin.com/checkpoint/challenge/AgGoSC1BwZPVhAAAAZ004xjG3AFK04cgeyZKs2HaDxgCTNtSy1qN4t9PDdwFsU2gB3TzSVNpMyiH_DcehcGIQwa7RGIeXQ?ut=2_6LGa5wnLlcc1
2026-03-28 22:40:55,873 [ERROR] __main__ - 登录失败，本次检查跳过
2026-03-28 22:40:58,163 [INFO] scraper - 浏览器已关闭
2026-03-28 22:45:58,164 [INFO] __main__ - ▶ 开始检查新动态 …
2026-03-28 22:45:58,986 [INFO] scraper - Edge 浏览器已启动（无头模式: False）
2026-03-28 22:45:58,987 [INFO] scraper - 正在登录 LinkedIn …
2026-03-28 22:46:23,686 [ERROR] scraper - 登录超时，请检查网络或账号信息
2026-03-28 22:46:23,687 [ERROR] __main__ - 登录失败，本次检查跳过
2026-03-28 22:46:25,956 [INFO] scraper - 浏览器已关闭
2026-03-28 22:51:55,954 [INFO] __main__ - ▶ 开始检查新动态 …
2026-03-28 22:51:56,902 [INFO] scraper - Edge 浏览器已启动（无头模式: False）
2026-03-28 22:51:56,902 [INFO] scraper - 正在登录 LinkedIn …
2026-03-28 22:52:14,409 [WARNING] scraper - 检测到 LinkedIn 安全验证，请手动完成后程序自动继续（等待 60 秒）
2026-03-28 22:53:14,416 [ERROR] scraper - 登录失败，当前页面: https://www.linkedin.com/checkpoint/challenge/AgFrAHWgXtVwKAAAAZ007knBiiA6uNGO9Pxdgvn8ajvPZ1KA25axqdX5webkgS7YcRqCJz4HH-vZzGcdjFMfsEQYLyZI4A?ut=2j2yNh5i7Ylcc1
2026-03-28 22:53:14,417 [ERROR] __main__ - 登录失败，本次检查跳过
2026-03-28 22:53:16,701 [INFO] scraper - 浏览器已关闭
2026-03-28 22:58:46,699 [INFO] __main__ - ▶ 开始检查新动态 …
2026-03-28 22:58:47,969 [INFO] scraper - Edge 浏览器已启动（无头模式: False）
2026-03-28 22:58:47,969 [INFO] scraper - 正在登录 LinkedIn …
2026-03-28 22:59:00,338 [WARNING] scraper - 检测到 LinkedIn 安全验证，请手动完成后程序自动继续（等待 60 秒）
2026-03-28 23:00:00,351 [ERROR] scraper - 登录失败，当前页面: https://www.linkedin.com/checkpoint/challenge/AgHpO7vPrHn3ngAAAZ009I8mD6S_6QrmVFC7oE8IPoW7UXbsNbFiyr0cl4AhG6rU7s5vrKVYyAJRghRMSQAZdXbTNP0pGw?ut=1UDSRSFG02lsc1
2026-03-28 23:00:00,351 [ERROR] __main__ - 登录失败，本次检查跳过
2026-03-28 23:00:02,616 [INFO] scraper - 浏览器已关闭
2026-03-28 23:05:32,615 [INFO] __main__ - ▶ 开始检查新动态 …
2026-03-28 23:05:33,465 [INFO] scraper - Edge 浏览器已启动（无头模式: False）
2026-03-28 23:05:33,466 [INFO] scraper - 正在登录 LinkedIn …
2026-03-28 23:05:45,651 [WARNING] scraper - 检测到 LinkedIn 安全验证，请手动完成后程序自动继续（等待 60 秒）
2026-03-28 23:06:45,662 [ERROR] scraper - 登录失败，当前页面: https://www.linkedin.com/checkpoint/challenge/AgEUFcWH-qU_iAAAAZ00-r68AB33_p_-pa1ZPM0aLAXKpqeKmaKRtv4QhqtMtjIz-axEA0DTQPEI1xTOTY28AqizQGSnLw?ut=2TdWe_VmM9lsc1
2026-03-28 23:06:45,663 [ERROR] __main__ - 登录失败，本次检查跳过
2026-03-28 23:06:47,968 [INFO] scraper - 浏览器已关闭
2026-03-28 23:12:17,966 [INFO] __main__ - ▶ 开始检查新动态 …
2026-03-28 23:12:18,881 [INFO] scraper - Edge 浏览器已启动（无头模式: False）
2026-03-28 23:12:18,881 [INFO] scraper - 正在登录 LinkedIn …
2026-03-28 23:12:30,693 [WARNING] scraper - 检测到 LinkedIn 安全验证，请手动完成后程序自动继续（等待 60 秒）
2026-03-28 23:13:30,702 [ERROR] scraper - 登录失败，当前页面: https://www.linkedin.com/checkpoint/challenge/AgEX5KLW3qph9gAAAZ01AOvejtfg9dcYwgFKobNtbt4nxz6-j6QqdvyWA6zublE3LPeFVut9V8_lhhJ8Are3MYjqxS4F-g?ut=2gN7w54Uwglsc1
2026-03-28 23:13:30,702 [ERROR] __main__ - 登录失败，本次检查跳过
2026-03-28 23:13:33,064 [INFO] scraper - 浏览器已关闭
2026-03-28 23:19:03,061 [INFO] __main__ - ▶ 开始检查新动态 …
2026-03-28 23:19:03,912 [INFO] scraper - Edge 浏览器已启动（无头模式: False）
2026-03-28 23:19:03,912 [INFO] scraper - 正在登录 LinkedIn …
2026-03-28 23:19:18,911 [WARNING] scraper - 检测到 LinkedIn 安全验证，请手动完成后程序自动继续（等待 60 秒）
2026-03-28 23:20:18,918 [ERROR] scraper - 登录失败，当前页面: https://www.linkedin.com/checkpoint/challenge/AgF3S706hDTLlgAAAZ01BxmcUuVWhxO7JXgtLwqtWLMzinnlCz-7Aij5XeaJXRY6SbQ95TH0J_fbGqhl-lV31l2VsfRCog?ut=2wUWYOYwAnlsc1
2026-03-28 23:20:18,919 [ERROR] __main__ - 登录失败，本次检查跳过
2026-03-28 23:20:21,202 [INFO] scraper - 浏览器已关闭
2026-03-28 23:25:51,202 [INFO] __main__ - ▶ 开始检查新动态 …
2026-03-28 23:25:52,111 [INFO] scraper - Edge 浏览器已启动（无头模式: False）
2026-03-28 23:25:52,111 [INFO] scraper - 正在登录 LinkedIn …
2026-03-28 23:26:07,883 [WARNING] scraper - 检测到 LinkedIn 安全验证，请手动完成后程序自动继续（等待 60 秒）
2026-03-28 23:27:07,891 [ERROR] scraper - 登录失败，当前页面: https://www.linkedin.com/checkpoint/challenge/AgGVzG4QPKizbQAAAZ01DVXjpMK_8IE9XR_QTiIU8Zm19jrg69Ervp_wAOentOKSVNUrqPN63cKF-xujk4RbX69vOkTVig?ut=3Eb5jF9Totlsc1
2026-03-28 23:27:07,891 [ERROR] __main__ - 登录失败，本次检查跳过
2026-03-28 23:27:10,179 [INFO] scraper - 浏览器已关闭
2026-03-28 23:28:14,845 [INFO] __main__ - ▶ 开始检查新动态 …
2026-03-28 23:28:14,888 [INFO] scraper - 访问用户动态页: https://www.linkedin.com/in/jianshu-dong-1191b9129/recent-activity/all/
2026-03-28 23:28:31,099 [INFO] scraper - 共抓取到 5 条帖子
2026-03-28 23:28:31,099 [INFO] __main__ - ✔ 无新动态
2026-03-28 23:32:40,179 [INFO] __main__ - ▶ 开始检查新动态 …
2026-03-28 23:32:41,013 [INFO] scraper - Edge 浏览器已启动（无头模式: False）
2026-03-28 23:32:41,013 [INFO] scraper - 正在登录 LinkedIn …
2026-03-28 23:32:56,047 [WARNING] scraper - 检测到 LinkedIn 安全验证，请手动完成后程序自动继续（等待 60 秒）
2026-03-28 23:33:56,055 [ERROR] scraper - 登录失败，当前页面: https://www.linkedin.com/checkpoint/challenge/AgHNAAt6zuSC1gAAAZ01E5KpYy14q4OTybYpJ0icgpl6V0YOf7dg3zLFi7ysneKSBFD7aL6P1qv2ZobVMntBwPOhWQLWCA?ut=1PWVh9NJEAlsc1
2026-03-28 23:33:56,055 [ERROR] __main__ - 登录失败，本次检查跳过
2026-03-28 23:33:58,323 [INFO] scraper - 浏览器已关闭
2026-03-28 23:38:58,323 [INFO] __main__ - ▶ 开始检查新动态 …
2026-03-28 23:38:59,194 [INFO] scraper - Edge 浏览器已启动（无头模式: False）
2026-03-28 23:38:59,194 [INFO] scraper - 正在登录 LinkedIn …
2026-03-28 23:39:10,907 [WARNING] scraper - 检测到 LinkedIn 安全验证，请手动完成后程序自动继续（等待 60 秒）
2026-03-28 23:40:10,916 [ERROR] scraper - 登录失败，当前页面: https://www.linkedin.com/checkpoint/challenge/AgF5ZDaeKpTzqgAAAZ01GVar_ymP0sfgZO8e3fgv1ojuyrWyfjdkFbDkeNkniHbVv0qK4aRZ1NXMeKrvGQs-1sT1dhuxkw?ut=1dZ61HFZwHlsc1
2026-03-28 23:40:10,917 [ERROR] __main__ - 登录失败，本次检查跳过
2026-03-28 23:40:13,181 [INFO] scraper - 浏览器已关闭
2026-03-28 23:45:43,181 [INFO] __main__ - ▶ 开始检查新动态 …
2026-03-28 23:45:44,026 [INFO] scraper - Edge 浏览器已启动（无头模式: False）
2026-03-28 23:45:44,027 [INFO] scraper - 正在登录 LinkedIn …
2026-03-28 23:45:55,635 [WARNING] scraper - 检测到 LinkedIn 安全验证，请手动完成后程序自动继续（等待 60 秒）
2026-03-28 23:46:55,644 [ERROR] scraper - 登录失败，当前页面: https://www.linkedin.com/checkpoint/challenge/AgG-lSTTe94VigAAAZ01H4P27LYd19x_5gtJPQ48XYxo-KF7AYrFINe78ixNe5J2dnQs-yJGAzcUOYSbXeG7MK8CM06xyA?ut=0xTxc8GT0Nlsc1
2026-03-28 23:46:55,644 [ERROR] __main__ - 登录失败，本次检查跳过
2026-03-28 23:46:57,903 [INFO] scraper - 浏览器已关闭
2026-03-28 23:52:27,903 [INFO] __main__ - ▶ 开始检查新动态 …
2026-03-28 23:52:28,759 [INFO] scraper - Edge 浏览器已启动（无头模式: False）
2026-03-28 23:52:28,759 [INFO] scraper - 正在登录 LinkedIn …
2026-03-28 23:52:40,352 [WARNING] scraper - 检测到 LinkedIn 安全验证，请手动完成后程序自动继续（等待 60 秒）
2026-03-28 23:53:40,362 [ERROR] scraper - 登录失败，当前页面: https://www.linkedin.com/checkpoint/challenge/AgGt4LWlOB96zwAAAZ01JbCOzBn9g0_h5ZdkSJ2tDF5Q3JB3mSIX5xwAm3Ireg9sL37w9jcrffw1OVVvxzE1F2VPlAvYHA?ut=1gpC_p-ywUlsc1
2026-03-28 23:53:40,362 [ERROR] __main__ - 登录失败，本次检查跳过
2026-03-28 23:53:42,638 [INFO] scraper - 浏览器已关闭
2026-03-28 23:58:42,640 [INFO] __main__ - ▶ 开始检查新动态 …
2026-03-28 23:58:43,523 [INFO] scraper - Edge 浏览器已启动（无头模式: False）
2026-03-28 23:58:43,524 [INFO] scraper - 正在登录 LinkedIn …
2026-03-28 23:58:57,833 [WARNING] scraper - 检测到 LinkedIn 安全验证，请手动完成后程序自动继续（等待 60 秒）
2026-03-28 23:59:57,842 [ERROR] scraper - 登录失败，当前页面: https://www.linkedin.com/checkpoint/challenge/AgF0OeexGLMmdwAAAZ01K2jhE9irwIEHgrmtNnk4Zs-CHIoXSVAowOHmEAmfLj6_ReoSIkB-E-Az2c71oiqCS90DR5WWXg?ut=2fp7pDkuY-lsc1
2026-03-28 23:59:57,842 [ERROR] __main__ - 登录失败，本次检查跳过
2026-03-29 00:00:00,119 [INFO] scraper - 浏览器已关闭
2026-03-29 00:05:00,120 [INFO] __main__ - ▶ 开始检查新动态 …
2026-03-29 00:05:01,771 [INFO] scraper - Edge 浏览器已启动（无头模式: False）
2026-03-29 00:05:01,772 [INFO] scraper - 正在登录 LinkedIn …
2026-03-29 00:05:13,419 [WARNING] scraper - 检测到 LinkedIn 安全验证，请手动完成后程序自动继续（等待 60 秒）
2026-03-29 00:06:13,429 [ERROR] scraper - 登录失败，当前页面: https://www.linkedin.com/checkpoint/challenge/AgHscLOwUFWvWwAAAZ01MS789nmnHJvoXYjhBiCZY187NRnJodRxy_m4kx8HRwneL4WRCAbdbQPwIYarelaXSo_O4C7_hA?ut=2o4puO-wh5lsc1
2026-03-29 00:06:13,429 [ERROR] __main__ - 登录失败，本次检查跳过
2026-03-29 00:06:15,704 [INFO] scraper - 浏览器已关闭
2026-03-29 00:11:15,705 [INFO] __main__ - ▶ 开始检查新动态 …
2026-03-29 00:11:16,602 [INFO] scraper - Edge 浏览器已启动（无头模式: False）
2026-03-29 00:11:16,603 [INFO] scraper - 正在登录 LinkedIn …
2026-03-29 00:11:28,167 [WARNING] scraper - 检测到 LinkedIn 安全验证，请手动完成后程序自动继续（等待 60 秒）
2026-03-29 00:12:28,180 [ERROR] scraper - 登录失败，当前页面: https://www.linkedin.com/checkpoint/challenge/AgEixbu9rgP9MgAAAZ01NuX7H4njdbJ1tAKvJp6yZF0hebMd1buPy7afcXkaqkTTfXieUcl9tDI5wmBTLxV7OsAdjHCPJA?ut=3Dwvj4_cNblsc1
2026-03-29 00:12:28,180 [ERROR] __main__ - 登录失败，本次检查跳过
2026-03-29 00:12:30,466 [INFO] scraper - 浏览器已关闭
2026-03-29 00:18:00,467 [INFO] __main__ - ▶ 开始检查新动态 …
2026-03-29 00:18:01,337 [INFO] scraper - Edge 浏览器已启动（无头模式: False）
2026-03-29 00:18:01,337 [INFO] scraper - 正在登录 LinkedIn …
2026-03-29 00:18:13,295 [WARNING] scraper - 检测到 LinkedIn 安全验证，请手动完成后程序自动继续（等待 60 秒）
2026-03-29 00:19:13,305 [ERROR] scraper - 登录失败，当前页面: https://www.linkedin.com/checkpoint/challenge/AgEvlsfb-yQvsAAAAZ01PRTRbIUrq4syWngN5e_4u_QPC7XYxCrFt2HXxpb2lXIJZzc0r1jNQLBE-riopA1H1cyB_21_uQ?ut=1AcOH77dVilsc1
2026-03-29 00:19:13,305 [ERROR] __main__ - 登录失败，本次检查跳过
2026-03-29 00:19:15,594 [INFO] scraper - 浏览器已关闭
2026-03-29 00:24:45,593 [INFO] __main__ - ▶ 开始检查新动态 …
2026-03-29 00:24:46,466 [INFO] scraper - Edge 浏览器已启动（无头模式: False）
2026-03-29 00:24:46,467 [INFO] scraper - 正在登录 LinkedIn …
2026-03-29 00:24:58,069 [WARNING] scraper - 检测到 LinkedIn 安全验证，请手动完成后程序自动继续（等待 60 秒）
2026-03-29 00:25:58,078 [ERROR] scraper - 登录失败，当前页面: https://www.linkedin.com/checkpoint/challenge/AgE30m7thnwkgAAAAZ01Q0JXv-HVfF8jTbIvWcGiymv_O6hGRyDorO_i8RLo6euA9J39tSwXCc6soMLDP_YRxqnMyb7idg?ut=3Qdpg8bRxolsc1
2026-03-29 00:25:58,079 [ERROR] __main__ - 登录失败，本次检查跳过
2026-03-29 00:26:00,383 [INFO] scraper - 浏览器已关闭
2026-03-29 00:28:31,131 [INFO] __main__ - ▶ 开始检查新动态 …
2026-03-29 00:28:31,173 [INFO] scraper - 访问用户动态页: https://www.linkedin.com/in/jianshu-dong-1191b9129/recent-activity/all/
2026-03-29 00:28:48,167 [INFO] scraper - 共抓取到 5 条帖子
2026-03-29 00:28:48,167 [INFO] __main__ - ✔ 无新动态
2026-03-29 00:31:30,383 [INFO] __main__ - ▶ 开始检查新动态 …
2026-03-29 00:31:31,249 [INFO] scraper - Edge 浏览器已启动（无头模式: False）
2026-03-29 00:31:31,249 [INFO] scraper - 正在登录 LinkedIn …
2026-03-29 00:31:43,087 [WARNING] scraper - 检测到 LinkedIn 安全验证，请手动完成后程序自动继续（等待 60 秒）
2026-03-29 00:32:43,098 [ERROR] scraper - 登录失败，当前页面: https://www.linkedin.com/checkpoint/challenge/AgHLZ-mH8Mt6LgAAAZ01SXCW8gDOaVnoBstasOL0v-SuGaPEhGl5CWdvVyTh2oLeCDoaM51waeqAfnzzM7mqs_i--VCXjQ?ut=3Rt0Gb5A1vlsc1
2026-03-29 00:32:43,099 [ERROR] __main__ - 登录失败，本次检查跳过
2026-03-29 00:32:45,370 [INFO] scraper - 浏览器已关闭
2026-03-29 00:38:15,369 [INFO] __main__ - ▶ 开始检查新动态 …
2026-03-29 00:38:16,232 [INFO] scraper - Edge 浏览器已启动（无头模式: False）
2026-03-29 00:38:16,232 [INFO] scraper - 正在登录 LinkedIn …
2026-03-29 00:38:27,879 [WARNING] scraper - 检测到 LinkedIn 安全验证，请手动完成后程序自动继续（等待 60 秒）
2026-03-29 00:39:27,893 [ERROR] scraper - 登录失败，当前页面: https://www.linkedin.com/checkpoint/challenge/AgFwfOjoLIPV7wAAAZ01T53NjCFCKU5cYTaS3N43JIsvjZ5a5L7d3GTBxD5QK6dXT4pOsfi3MSueYM-z4_gm_n9Ax9bJPg?ut=37IGQT2fdClsc1
2026-03-29 00:39:27,893 [ERROR] __main__ - 登录失败，本次检查跳过
2026-03-29 00:39:30,184 [INFO] scraper - 浏览器已关闭
2026-03-29 00:44:30,185 [INFO] __main__ - ▶ 开始检查新动态 …
2026-03-29 00:44:31,075 [INFO] scraper - Edge 浏览器已启动（无头模式: False）
2026-03-29 00:44:31,075 [INFO] scraper - 正在登录 LinkedIn …
2026-03-29 00:44:42,668 [WARNING] scraper - 检测到 LinkedIn 安全验证，请手动完成后程序自动继续（等待 60 秒）
2026-03-29 00:45:42,685 [ERROR] scraper - 登录失败，当前页面: https://www.linkedin.com/checkpoint/challenge/AgEoTKv-UGFxlQAAAZ01VVXm5d3W98vOABKh-Udug1GHqSHPaKgjz06ENxVDFapfAV4kw3tu83MB32tNhL2cGxZsfMBn0w?ut=0VfmxG1blIlsc1
2026-03-29 00:45:42,685 [ERROR] __main__ - 登录失败，本次检查跳过
2026-03-29 00:45:44,986 [INFO] scraper - 浏览器已关闭
2026-03-29 00:51:14,986 [INFO] __main__ - ▶ 开始检查新动态 …
2026-03-29 00:51:15,808 [INFO] scraper - Edge 浏览器已启动（无头模式: False）
2026-03-29 00:51:15,809 [INFO] scraper - 正在登录 LinkedIn …
2026-03-29 00:51:27,524 [WARNING] scraper - 检测到 LinkedIn 安全验证，请手动完成后程序自动继续（等待 60 秒）
2026-03-29 00:52:27,536 [ERROR] scraper - 登录失败，当前页面: https://www.linkedin.com/checkpoint/challenge/AgHge_Rt2ErR8wAAAZ01W4NegCj3ccd6jYKxze8BHQz9afRQNBlK3Gnvb9R1xOy2EEdhKGq5uFewtQXXYfWjEFP_aY6nQg?ut=21mi41jAdPlsc1
2026-03-29 00:52:27,536 [ERROR] __main__ - 登录失败，本次检查跳过
2026-03-29 00:52:29,828 [INFO] scraper - 浏览器已关闭
2026-03-29 00:57:29,830 [INFO] __main__ - ▶ 开始检查新动态 …
2026-03-29 00:57:30,700 [INFO] scraper - Edge 浏览器已启动（无头模式: False）
2026-03-29 00:57:30,701 [INFO] scraper - 正在登录 LinkedIn …
2026-03-29 00:57:42,637 [WARNING] scraper - 检测到 LinkedIn 安全验证，请手动完成后程序自动继续（等待 60 秒）
2026-03-29 00:58:42,646 [ERROR] scraper - 登录失败，当前页面: https://www.linkedin.com/checkpoint/challenge/AgEymCVgmPXrdwAAAZ01YT0bdKiyL-1rzjP2x_VdzNGY36TLUwLic-8ckDIF7Av5fekuxVi0Q4XX1rERr4bkOLZlOgrlXQ?ut=3GxuWw-qZVlsc1
2026-03-29 00:58:42,647 [ERROR] __main__ - 登录失败，本次检查跳过
2026-03-29 00:58:44,954 [INFO] scraper - 浏览器已关闭
2026-03-29 01:03:44,955 [INFO] __main__ - ▶ 开始检查新动态 …
2026-03-29 01:03:45,944 [INFO] scraper - Edge 浏览器已启动（无头模式: False）
2026-03-29 01:03:45,945 [INFO] scraper - 正在登录 LinkedIn …
2026-03-29 01:03:57,265 [WARNING] scraper - 检测到 LinkedIn 安全验证，请手动完成后程序自动继续（等待 60 秒）
2026-03-29 01:04:57,274 [ERROR] scraper - 登录失败，当前页面: https://www.linkedin.com/checkpoint/challenge/AgEou5R-7Y87MwAAAZ01ZvSZzDfpOnvowu8W9Jvi5C5ZRlIY646tDOMZy0p86JwZ9r-vMVeBEcN5Is_B0KDZuA7A5C8QLQ?ut=0eBSsXI8x_lsc1
2026-03-29 01:04:57,274 [ERROR] __main__ - 登录失败，本次检查跳过
2026-03-29 01:04:59,580 [INFO] scraper - 浏览器已关闭
2026-03-29 01:09:59,581 [INFO] __main__ - ▶ 开始检查新动态 …
2026-03-29 01:10:01,377 [INFO] scraper - Edge 浏览器已启动（无头模式: False）
2026-03-29 01:10:01,377 [INFO] scraper - 正在登录 LinkedIn …
2026-03-29 01:10:13,314 [WARNING] scraper - 检测到 LinkedIn 安全验证，请手动完成后程序自动继续（等待 60 秒）
2026-03-29 01:11:13,325 [ERROR] scraper - 登录失败，当前页面: https://www.linkedin.com/checkpoint/challenge/AgH-I0yuqWgvCQAAAZ01bLESj2u91AIbsXd9NfmMm-ivJyCAb9QWF7tMGwe0kLRipq8jEkclxnygl133z9fcWxygaV440A?ut=1hJ_gHep-6lsc1
2026-03-29 01:11:13,325 [ERROR] __main__ - 登录失败，本次检查跳过
2026-03-29 01:11:15,586 [INFO] scraper - 浏览器已关闭
2026-03-29 01:16:15,587 [INFO] __main__ - ▶ 开始检查新动态 …
2026-03-29 01:16:16,465 [INFO] scraper - Edge 浏览器已启动（无头模式: False）
2026-03-29 01:16:16,466 [INFO] scraper - 正在登录 LinkedIn …
2026-03-29 01:16:28,523 [WARNING] scraper - 检测到 LinkedIn 安全验证，请手动完成后程序自动继续（等待 60 秒）
2026-03-29 01:17:28,532 [ERROR] scraper - 登录失败，当前页面: https://www.linkedin.com/checkpoint/challenge/AgGc-f0359RZvwAAAZ01cmnsKQpIJxJfA-V8fCupMAQCrNH8R8kxSwGbwrMzOeTK0ito2l5-yvB1cUOMavZQsG7UbnDWCg?ut=3V-xd5xM2clsc1
2026-03-29 01:17:28,533 [ERROR] __main__ - 登录失败，本次检查跳过
2026-03-29 01:17:30,807 [INFO] scraper - 浏览器已关闭
2026-03-29 01:23:00,807 [INFO] __main__ - ▶ 开始检查新动态 …
2026-03-29 01:23:01,765 [INFO] scraper - Edge 浏览器已启动（无头模式: False）
2026-03-29 01:23:01,766 [INFO] scraper - 正在登录 LinkedIn …
2026-03-29 01:23:16,125 [WARNING] scraper - 检测到 LinkedIn 安全验证，请手动完成后程序自动继续（等待 60 秒）
2026-03-29 01:24:16,137 [ERROR] scraper - 登录失败，当前页面: https://www.linkedin.com/checkpoint/challenge/AgHXGk78WGy-UwAAAZ01eKN2c62jTpPLB00L5GvE3dmAlbBszh9hutvtHeh-_wvfSur7obmA1OQe9Ssiu-vHGf25MDiy4A?ut=39E5byycWjlsc1
2026-03-29 01:24:16,137 [ERROR] __main__ - 登录失败，本次检查跳过
2026-03-29 01:24:18,426 [INFO] scraper - 浏览器已关闭
2026-03-29 01:28:48,170 [INFO] __main__ - ▶ 开始检查新动态 …
2026-03-29 01:28:48,211 [INFO] scraper - 访问用户动态页: https://www.linkedin.com/in/jianshu-dong-1191b9129/recent-activity/all/
2026-03-29 01:29:05,241 [INFO] scraper - 共抓取到 5 条帖子
2026-03-29 01:29:05,241 [INFO] __main__ - ✔ 无新动态
2026-03-29 01:29:18,428 [INFO] __main__ - ▶ 开始检查新动态 …
2026-03-29 01:29:19,289 [INFO] scraper - Edge 浏览器已启动（无头模式: False）
2026-03-29 01:29:19,289 [INFO] scraper - 正在登录 LinkedIn …
2026-03-29 01:29:31,299 [WARNING] scraper - 检测到 LinkedIn 安全验证，请手动完成后程序自动继续（等待 60 秒）
2026-03-29 01:30:31,315 [ERROR] scraper - 登录失败，当前页面: https://www.linkedin.com/checkpoint/challenge/AgGXo6SH9FIgWwAAAZ01flvsYsLE5rLHaBiIl6RNhq9UqHvv0xwF-uK0ictLL6FqVfDl-3oEcvX0g_zQybH7__1SxEv0vQ?ut=1BaJfxcr6plsc1
2026-03-29 01:30:31,316 [ERROR] __main__ - 登录失败，本次检查跳过
2026-03-29 01:30:33,621 [INFO] scraper - 浏览器已关闭
2026-03-29 01:35:33,622 [INFO] __main__ - ▶ 开始检查新动态 …
2026-03-29 01:35:34,487 [INFO] scraper - Edge 浏览器已启动（无头模式: False）
2026-03-29 01:35:34,488 [INFO] scraper - 正在登录 LinkedIn …
2026-03-29 01:35:46,632 [WARNING] scraper - 检测到 LinkedIn 安全验证，请手动完成后程序自动继续（等待 60 秒）
2026-03-29 01:36:46,646 [ERROR] scraper - 登录失败，当前页面: https://www.linkedin.com/checkpoint/challenge/AgHLwYA8XghNFQAAAZ01hBZqVmoLwFJUjq2c69gKOGet-5SxIuf4i3jrSeVPDmXDWFRg4NMz9ZgTl-j8dvJMZEDdLilSYA?ut=2oCEem57Wvlsc1
2026-03-29 01:36:46,646 [ERROR] __main__ - 登录失败，本次检查跳过
2026-03-29 01:36:48,940 [INFO] scraper - 浏览器已关闭
2026-03-29 01:41:48,942 [INFO] __main__ - ▶ 开始检查新动态 …
2026-03-29 01:41:50,186 [INFO] scraper - Edge 浏览器已启动（无头模式: False）
2026-03-29 01:41:50,186 [INFO] scraper - 正在登录 LinkedIn …
2026-03-29 01:42:05,521 [WARNING] scraper - 检测到 LinkedIn 安全验证，请手动完成后程序自动继续（等待 60 秒）
2026-03-29 01:43:05,529 [ERROR] scraper - 登录失败，当前页面: https://www.linkedin.com/checkpoint/challenge/AgEunGlEBYDiawAAAZ01idDgsFxSwXR1YYdR9d0bGV0AnMeeskRgSFfVHBXRV2JEjF7tR_L04gU1JbYoAjtoXXkw2FSPfQ?ut=1BkkGJDrqBlsc1
2026-03-29 01:43:05,529 [ERROR] __main__ - 登录失败，本次检查跳过
2026-03-29 01:43:07,821 [INFO] scraper - 浏览器已关闭
2026-03-29 01:48:07,823 [INFO] __main__ - ▶ 开始检查新动态 …
2026-03-29 01:48:08,713 [INFO] scraper - Edge 浏览器已启动（无头模式: False）
2026-03-29 01:48:08,713 [INFO] scraper - 正在登录 LinkedIn …
2026-03-29 01:48:20,314 [WARNING] scraper - 检测到 LinkedIn 安全验证，请手动完成后程序自动继续（等待 60 秒）
2026-03-29 01:49:20,328 [ERROR] scraper - 登录失败，当前页面: https://www.linkedin.com/checkpoint/challenge/AgE0W0PN31-AtAAAAZ01j5ZTx6oboDvfIw_6vQvLa5v--0dT-iErhUMiICGJEijp-2IvHZotjvsRtJ7KCQhapgbaHEFGNQ?ut=2v_BAK7H-Ilsc1
2026-03-29 01:49:20,328 [ERROR] __main__ - 登录失败，本次检查跳过
2026-03-29 01:49:22,615 [INFO] scraper - 浏览器已关闭
2026-03-29 01:54:22,616 [INFO] __main__ - ▶ 开始检查新动态 …
2026-03-29 01:54:23,513 [INFO] scraper - Edge 浏览器已启动（无头模式: False）
2026-03-29 01:54:23,513 [INFO] scraper - 正在登录 LinkedIn …
2026-03-29 01:54:35,128 [WARNING] scraper - 检测到 LinkedIn 安全验证，请手动完成后程序自动继续（等待 60 秒）
2026-03-29 01:55:35,142 [ERROR] scraper - 登录失败，当前页面: https://www.linkedin.com/checkpoint/challenge/AgEpwzmYRJ9dCwAAAZ01lU7W0wAY7bk5K8cZ5nzlDTruK9lUSRhEHVavpL3ykXRwV8O7cX4-_od82dZ9I-s4oB-DcWSxKw?ut=0bskPG_7yOlsc1
2026-03-29 01:55:35,142 [ERROR] __main__ - 登录失败，本次检查跳过
2026-03-29 01:55:37,410 [INFO] scraper - 浏览器已关闭
2026-03-29 02:00:37,412 [INFO] __main__ - ▶ 开始检查新动态 …
2026-03-29 02:00:38,259 [INFO] scraper - Edge 浏览器已启动（无头模式: False）
2026-03-29 02:00:38,259 [INFO] scraper - 正在登录 LinkedIn …
2026-03-29 02:00:50,470 [WARNING] scraper - 检测到 LinkedIn 安全验证，请手动完成后程序自动继续（等待 60 秒）
2026-03-29 02:01:50,481 [ERROR] scraper - 登录失败，当前页面: https://www.linkedin.com/checkpoint/challenge/AgGGfsum-TYzAQAAAZ01mwizsuPUs5xU5R6u1MJF4gnyyzl4hkCaCf7I9egPexCvXpZbJzdAnd-GBu_1MHtNIWFiqsxBGA?ut=3cfo8gFeCUlsc1
2026-03-29 02:01:50,482 [ERROR] __main__ - 登录失败，本次检查跳过
2026-03-29 02:01:52,762 [INFO] scraper - 浏览器已关闭
2026-03-29 02:06:52,765 [INFO] __main__ - ▶ 开始检查新动态 …
2026-03-29 02:06:53,598 [INFO] scraper - Edge 浏览器已启动（无头模式: False）
2026-03-29 02:06:53,598 [INFO] scraper - 正在登录 LinkedIn …
2026-03-29 02:07:05,295 [WARNING] scraper - 检测到 LinkedIn 安全验证，请手动完成后程序自动继续（等待 60 秒）
2026-03-29 02:08:05,308 [ERROR] scraper - 登录失败，当前页面: https://www.linkedin.com/checkpoint/challenge/AgHAZsDM8I71rAAAAZ01oMC4t5Anm9khlYq0pIrscO-Kx5P246DAQlTbz4h3BDGt8cOzRR6aUoUdPer5chihX9dgUdo8iw?ut=0WuaXXLXG_lsc1
2026-03-29 02:08:05,309 [ERROR] __main__ - 登录失败，本次检查跳过
2026-03-29 02:08:07,593 [INFO] scraper - 浏览器已关闭
2026-03-29 02:13:07,595 [INFO] __main__ - ▶ 开始检查新动态 …
2026-03-29 02:13:08,851 [INFO] scraper - Edge 浏览器已启动（无头模式: False）
2026-03-29 02:13:08,852 [INFO] scraper - 正在登录 LinkedIn …
2026-03-29 02:13:20,995 [WARNING] scraper - 检测到 LinkedIn 安全验证，请手动完成后程序自动继续（等待 60 秒）
2026-03-29 02:14:21,005 [ERROR] scraper - 登录失败，当前页面: https://www.linkedin.com/checkpoint/challenge/AgGWWouccZjyiQAAAZ01pnuzGn-OT2phNcCZgMGdzdIXNOI2k0-Y6aDKCn1CGa9VJ7KcfVXcN1IxlH1RBRog7DL31splyQ?ut=2nzb7pDQj5lsc1
2026-03-29 02:14:21,006 [ERROR] __main__ - 登录失败，本次检查跳过
2026-03-29 02:14:23,325 [INFO] scraper - 浏览器已关闭
2026-03-29 02:19:23,327 [INFO] __main__ - ▶ 开始检查新动态 …
2026-03-29 02:19:24,203 [INFO] scraper - Edge 浏览器已启动（无头模式: False）
2026-03-29 02:19:24,203 [INFO] scraper - 正在登录 LinkedIn …
2026-03-29 02:19:36,073 [WARNING] scraper - 检测到 LinkedIn 安全验证，请手动完成后程序自动继续（等待 60 秒）
2026-03-29 02:20:36,083 [ERROR] scraper - 登录失败，当前页面: https://www.linkedin.com/checkpoint/challenge/AgG2vjIPiJjzDQAAAZ01rDV0wJPqg3_x2FT24MsPRCOBEm21sfWkLPSiXQCOl8Bu-f_i2JTWOdvy1EyRXCunJZDfTcTyPA?ut=2PJXVvGQnblsc1
2026-03-29 02:20:36,083 [ERROR] __main__ - 登录失败，本次检查跳过
2026-03-29 02:20:38,383 [INFO] scraper - 浏览器已关闭
2026-03-29 02:25:38,385 [INFO] __main__ - ▶ 开始检查新动态 …
2026-03-29 02:25:39,287 [INFO] scraper - Edge 浏览器已启动（无头模式: False）
2026-03-29 02:25:39,288 [INFO] scraper - 正在登录 LinkedIn …
2026-03-29 02:26:06,912 [ERROR] scraper - 登录超时，请检查网络或账号信息
2026-03-29 02:26:06,912 [ERROR] __main__ - 登录失败，本次检查跳过
2026-03-29 02:26:09,211 [INFO] scraper - 浏览器已关闭
2026-03-29 02:29:05,256 [INFO] __main__ - ▶ 开始检查新动态 …
2026-03-29 02:29:05,297 [INFO] scraper - 访问用户动态页: https://www.linkedin.com/in/jianshu-dong-1191b9129/recent-activity/all/
2026-03-29 02:29:21,893 [INFO] scraper - 共抓取到 5 条帖子
2026-03-29 02:29:21,893 [INFO] __main__ - ✔ 无新动态
2026-03-29 02:31:09,214 [INFO] __main__ - ▶ 开始检查新动态 …
2026-03-29 02:31:10,070 [INFO] scraper - Edge 浏览器已启动（无头模式: False）
2026-03-29 02:31:10,071 [INFO] scraper - 正在登录 LinkedIn …
2026-03-29 02:31:22,327 [WARNING] scraper - 检测到 LinkedIn 安全验证，请手动完成后程序自动继续（等待 60 秒）
2026-03-29 02:32:22,344 [ERROR] scraper - 登录失败，当前页面: https://www.linkedin.com/checkpoint/challenge/AgFibAxTNP4VDQAAAZ01tvuM9PWGefc_GCAalqLAgFr9wactndGp4OOVgM26I5b3a9JxixSN9lH_gXWYp4MiD60vhxXp5Q?ut=1Mmi8hfPXnlsc1
2026-03-29 02:32:22,344 [ERROR] __main__ - 登录失败，本次检查跳过
2026-03-29 02:32:26,196 [INFO] scraper - 浏览器已关闭
2026-03-29 02:37:26,198 [INFO] __main__ - ▶ 开始检查新动态 …
2026-03-29 02:37:27,042 [INFO] scraper - Edge 浏览器已启动（无头模式: False）
2026-03-29 02:37:27,043 [INFO] scraper - 正在登录 LinkedIn …
2026-03-29 02:37:38,754 [WARNING] scraper - 检测到 LinkedIn 安全验证，请手动完成后程序自动继续（等待 60 秒）
2026-03-29 02:38:38,767 [ERROR] scraper - 登录失败，当前页面: https://www.linkedin.com/checkpoint/challenge/AgEMHaGp9IOraQAAAZ01vLq7OON1W74vEgzoj0_IErI08GVXENeSG_QiBZHJsZJT8OhwTOT0WjcMynA7wIdyyiFb8Qo9wg?ut=3KqFPIXN_tlsc1
2026-03-29 02:38:38,767 [ERROR] __main__ - 登录失败，本次检查跳过
2026-03-29 02:38:41,052 [INFO] scraper - 浏览器已关闭
2026-03-29 02:43:41,053 [INFO] __main__ - ▶ 开始检查新动态 …
2026-03-29 02:43:41,937 [INFO] scraper - Edge 浏览器已启动（无头模式: False）
2026-03-29 02:43:41,937 [INFO] scraper - 正在登录 LinkedIn …
2026-03-29 02:43:57,991 [WARNING] scraper - 检测到 LinkedIn 安全验证，请手动完成后程序自动继续（等待 60 秒）
2026-03-29 02:44:57,999 [ERROR] scraper - 登录失败，当前页面: https://www.linkedin.com/checkpoint/challenge/AgESeNPz1OJbeQAAAZ01wnWHVpJbgvFUXGy_k02uDnAP_INe8sOBygHjEN5aId0hGixSc2hW0VqNYfOiAfw-hfCb3ufxXQ?ut=2CJSFpi7zzlsc1
2026-03-29 02:44:57,999 [ERROR] __main__ - 登录失败，本次检查跳过
2026-03-29 02:45:00,301 [INFO] scraper - 浏览器已关闭
2026-03-29 02:50:00,303 [INFO] __main__ - ▶ 开始检查新动态 …
2026-03-29 02:50:01,155 [INFO] scraper - Edge 浏览器已启动（无头模式: False）
2026-03-29 02:50:01,156 [INFO] scraper - 正在登录 LinkedIn …
2026-03-29 02:50:13,162 [WARNING] scraper - 检测到 LinkedIn 安全验证，请手动完成后程序自动继续（等待 60 秒）
2026-03-29 02:51:13,173 [ERROR] scraper - 登录失败，当前页面: https://www.linkedin.com/checkpoint/challenge/AgFj2O6yiFxNkAAAAZ01yD1zbHgSPPNtZzYrl4YqYfLwBAIedo5_tRLtOrwLqPlPCfhxQ0BJOLq9usaxYgTe2p-_4em8wQ?ut=3QzBhq-mXGlsc1
2026-03-29 02:51:13,174 [ERROR] __main__ - 登录失败，本次检查跳过
2026-03-29 02:51:15,451 [INFO] scraper - 浏览器已关闭
2026-03-29 02:56:15,453 [INFO] __main__ - ▶ 开始检查新动态 …
2026-03-29 02:56:16,309 [INFO] scraper - Edge 浏览器已启动（无头模式: False）
2026-03-29 02:56:16,309 [INFO] scraper - 正在登录 LinkedIn …
2026-03-29 02:56:28,660 [WARNING] scraper - 检测到 LinkedIn 安全验证，请手动完成后程序自动继续（等待 60 秒）
2026-03-29 02:57:28,671 [ERROR] scraper - 登录失败，当前页面: https://www.linkedin.com/checkpoint/challenge/AgHvWfka2qIdMAAAAZ01zfiTDmvq_alQm_V9np6xHwRJXEgNkTzacVy7pKB8r-EjFd4uutT4wSiEpZWcOe8PerdFFjr8Pw?ut=2fhbGj0v7Mlsc1
2026-03-29 02:57:28,671 [ERROR] __main__ - 登录失败，本次检查跳过
2026-03-29 02:57:30,962 [INFO] scraper - 浏览器已关闭
2026-03-29 03:02:30,963 [INFO] __main__ - ▶ 开始检查新动态 …
2026-03-29 03:02:31,846 [INFO] scraper - Edge 浏览器已启动（无头模式: False）
2026-03-29 03:02:31,847 [INFO] scraper - 正在登录 LinkedIn …
2026-03-29 03:02:48,388 [WARNING] scraper - 检测到 LinkedIn 安全验证，请手动完成后程序自动继续（等待 60 秒）
2026-03-29 03:03:48,396 [ERROR] scraper - 登录失败，当前页面: https://www.linkedin.com/checkpoint/challenge/AgEB9rL-THIqjwAAAZ0107L9cS_oMnTqpslEAo7h1bHEAeclRXM-jV2u5OMSyAXjdijj0mWWmlqWbExfO-pgN3nYqq_coA?ut=3il1UOj73Slsc1
2026-03-29 03:03:48,396 [ERROR] __main__ - 登录失败，本次检查跳过
2026-03-29 03:03:50,685 [INFO] scraper - 浏览器已关闭
2026-03-29 03:08:50,687 [INFO] __main__ - ▶ 开始检查新动态 …
2026-03-29 03:08:51,537 [INFO] scraper - Edge 浏览器已启动（无头模式: False）
2026-03-29 03:08:51,537 [INFO] scraper - 正在登录 LinkedIn …
2026-03-29 03:08:51,869 [ERROR] scraper - 登录过程发生意外错误: Message: unknown error: net::ERR_CONNECTION_RESET
  (Session info: MicrosoftEdge=146.0.3856.84)
Stacktrace:
	msedgedriver!GetHandleVerifier [0x7ff71df21285+da15]
	msedgedriver!GetHandleVerifier [0x7ff71df212e4+da74]
	msedgedriver!GetHandleVerifier [0x7ff71e28f8dc+37c06c]
	msedgedriver!(No symbol) [0x7ff71dc49d7c]
	msedgedriver!(No symbol) [0x7ff71dc3f1ff]
	msedgedriver!(No symbol) [0x7ff71dc4082c]
	msedgedriver!(No symbol) [0x7ff71dc3f46f]
	msedgedriver!(No symbol) [0x7ff71dc3f070]
	msedgedriver!(No symbol) [0x7ff71dc3edd5]
	msedgedriver!(No symbol) [0x7ff71dc3cf02]
	msedgedriver!(No symbol) [0x7ff71dc3d552]
	msedgedriver!(No symbol) [0x7ff71dc4f978]
	msedgedriver!(No symbol) [0x7ff71dcd0dc4]
	msedgedriver!(No symbol) [0x7ff71dcb586a]
	msedgedriver!(No symbol) [0x7ff71dc8b9b7]
	msedgedriver!(No symbol) [0x7ff71dcd07e2]
	msedgedriver!(No symbol) [0x7ff71dc8b1fc]
	msedgedriver!(No symbol) [0x7ff71dc8a456]
	msedgedriver!(No symbol) [0x7ff71dc8b023]
	msedgedriver!(No symbol) [0x7ff71dd58b69]
	msedgedriver!(No symbol) [0x7ff71dd55103]
	msedgedriver!(No symbol) [0x7ff71dd64d14]
	msedgedriver!GetHandleVerifier [0x7ff71df3c108+28898]
	msedgedriver!GetHandleVerifier [0x7ff71df448c6+31056]
	msedgedriver!GetHandleVerifier [0x7ff71df289c4+15154]
	msedgedriver!GetHandleVerifier [0x7ff71df28b09+15299]
	msedgedriver!GetHandleVerifier [0x7ff71df15d02+2492]
	KERNEL32!BaseThreadInitThunk [0x7ff83ba5e8d7+17]
	ntdll!RtlUserThreadStart [0x7ff83c00c53c+2c]
Traceback (most recent call last):
  File "C:\autoGeneratedApp\linkedInInformationCollection\scraper.py", line 95, in login
    self.close()
            ~~^^
  File "C:\autoGeneratedApp\linkedInInformationCollection\.venv\Lib\site-packages\selenium\webdriver\remote\webdriver.py", line 466, in get
    self.execute(Command.GET, {"url": url})
    ~~~~~~~~~~~~^^^^^^^^^^^^^^^^^^^^^^^^^^^
  File "C:\autoGeneratedApp\linkedInInformationCollection\.venv\Lib\site-packages\selenium\webdriver\remote\webdriver.py", line 446, in execute
    self.error_handler.check_response(response)
    ~~~~~~~~~~~~~~~~~~~~~~~~~~~~~~~~~^^^^^^^^^^
  File "C:\autoGeneratedApp\linkedInInformationCollection\.venv\Lib\site-packages\selenium\webdriver\remote\errorhandler.py", line 232, in check_response
    raise exception_class(message, screen, stacktrace)
selenium.common.exceptions.WebDriverException: Message: unknown error: net::ERR_CONNECTION_RESET
  (Session info: MicrosoftEdge=146.0.3856.84)
Stacktrace:
	msedgedriver!GetHandleVerifier [0x7ff71df21285+da15]
	msedgedriver!GetHandleVerifier [0x7ff71df212e4+da74]
	msedgedriver!GetHandleVerifier [0x7ff71e28f8dc+37c06c]
	msedgedriver!(No symbol) [0x7ff71dc49d7c]
	msedgedriver!(No symbol) [0x7ff71dc3f1ff]
	msedgedriver!(No symbol) [0x7ff71dc4082c]
	msedgedriver!(No symbol) [0x7ff71dc3f46f]
	msedgedriver!(No symbol) [0x7ff71dc3f070]
	msedgedriver!(No symbol) [0x7ff71dc3edd5]
	msedgedriver!(No symbol) [0x7ff71dc3cf02]
	msedgedriver!(No symbol) [0x7ff71dc3d552]
	msedgedriver!(No symbol) [0x7ff71dc4f978]
	msedgedriver!(No symbol) [0x7ff71dcd0dc4]
	msedgedriver!(No symbol) [0x7ff71dcb586a]
	msedgedriver!(No symbol) [0x7ff71dc8b9b7]
	msedgedriver!(No symbol) [0x7ff71dcd07e2]
	msedgedriver!(No symbol) [0x7ff71dc8b1fc]
	msedgedriver!(No symbol) [0x7ff71dc8a456]
	msedgedriver!(No symbol) [0x7ff71dc8b023]
	msedgedriver!(No symbol) [0x7ff71dd58b69]
	msedgedriver!(No symbol) [0x7ff71dd55103]
	msedgedriver!(No symbol) [0x7ff71dd64d14]
	msedgedriver!GetHandleVerifier [0x7ff71df3c108+28898]
	msedgedriver!GetHandleVerifier [0x7ff71df448c6+31056]
	msedgedriver!GetHandleVerifier [0x7ff71df289c4+15154]
	msedgedriver!GetHandleVerifier [0x7ff71df28b09+15299]
	msedgedriver!GetHandleVerifier [0x7ff71df15d02+2492]
	KERNEL32!BaseThreadInitThunk [0x7ff83ba5e8d7+17]
	ntdll!RtlUserThreadStart [0x7ff83c00c53c+2c]

2026-03-29 03:08:51,875 [ERROR] __main__ - 登录失败，本次检查跳过
2026-03-29 03:08:54,061 [INFO] scraper - 浏览器已关闭
2026-03-29 03:13:54,062 [INFO] __main__ - ▶ 开始检查新动态 …
2026-03-29 03:13:55,249 [INFO] scraper - Edge 浏览器已启动（无头模式: False）
2026-03-29 03:13:55,249 [INFO] scraper - 正在登录 LinkedIn …
2026-03-29 03:13:55,618 [ERROR] scraper - 登录过程发生意外错误: Message: unknown error: net::ERR_CONNECTION_RESET
  (Session info: MicrosoftEdge=146.0.3856.84)
Stacktrace:
	msedgedriver!GetHandleVerifier [0x7ff71df21285+da15]
	msedgedriver!GetHandleVerifier [0x7ff71df212e4+da74]
	msedgedriver!GetHandleVerifier [0x7ff71e28f8dc+37c06c]
	msedgedriver!(No symbol) [0x7ff71dc49d7c]
	msedgedriver!(No symbol) [0x7ff71dc3f1ff]
	msedgedriver!(No symbol) [0x7ff71dc4082c]
	msedgedriver!(No symbol) [0x7ff71dc3f46f]
	msedgedriver!(No symbol) [0x7ff71dc3f070]
	msedgedriver!(No symbol) [0x7ff71dc3edd5]
	msedgedriver!(No symbol) [0x7ff71dc3cf02]
	msedgedriver!(No symbol) [0x7ff71dc3d552]
	msedgedriver!(No symbol) [0x7ff71dc4f978]
	msedgedriver!(No symbol) [0x7ff71dcd0dc4]
	msedgedriver!(No symbol) [0x7ff71dcb586a]
	msedgedriver!(No symbol) [0x7ff71dc8b9b7]
	msedgedriver!(No symbol) [0x7ff71dcd07e2]
	msedgedriver!(No symbol) [0x7ff71dc8b1fc]
	msedgedriver!(No symbol) [0x7ff71dc8a456]
	msedgedriver!(No symbol) [0x7ff71dc8b023]
	msedgedriver!(No symbol) [0x7ff71dd58b69]
	msedgedriver!(No symbol) [0x7ff71dd55103]
	msedgedriver!(No symbol) [0x7ff71dd64d14]
	msedgedriver!GetHandleVerifier [0x7ff71df3c108+28898]
	msedgedriver!GetHandleVerifier [0x7ff71df448c6+31056]
	msedgedriver!GetHandleVerifier [0x7ff71df289c4+15154]
	msedgedriver!GetHandleVerifier [0x7ff71df28b09+15299]
	msedgedriver!GetHandleVerifier [0x7ff71df15d02+2492]
	KERNEL32!BaseThreadInitThunk [0x7ff83ba5e8d7+17]
	ntdll!RtlUserThreadStart [0x7ff83c00c53c+2c]
Traceback (most recent call last):
  File "C:\autoGeneratedApp\linkedInInformationCollection\scraper.py", line 95, in login
    self.close()
            ~~^^
  File "C:\autoGeneratedApp\linkedInInformationCollection\.venv\Lib\site-packages\selenium\webdriver\remote\webdriver.py", line 466, in get
    self.execute(Command.GET, {"url": url})
    ~~~~~~~~~~~~^^^^^^^^^^^^^^^^^^^^^^^^^^^
  File "C:\autoGeneratedApp\linkedInInformationCollection\.venv\Lib\site-packages\selenium\webdriver\remote\webdriver.py", line 446, in execute
    self.error_handler.check_response(response)
    ~~~~~~~~~~~~~~~~~~~~~~~~~~~~~~~~~^^^^^^^^^^
  File "C:\autoGeneratedApp\linkedInInformationCollection\.venv\Lib\site-packages\selenium\webdriver\remote\errorhandler.py", line 232, in check_response
    raise exception_class(message, screen, stacktrace)
selenium.common.exceptions.WebDriverException: Message: unknown error: net::ERR_CONNECTION_RESET
  (Session info: MicrosoftEdge=146.0.3856.84)
Stacktrace:
	msedgedriver!GetHandleVerifier [0x7ff71df21285+da15]
	msedgedriver!GetHandleVerifier [0x7ff71df212e4+da74]
	msedgedriver!GetHandleVerifier [0x7ff71e28f8dc+37c06c]
	msedgedriver!(No symbol) [0x7ff71dc49d7c]
	msedgedriver!(No symbol) [0x7ff71dc3f1ff]
	msedgedriver!(No symbol) [0x7ff71dc4082c]
	msedgedriver!(No symbol) [0x7ff71dc3f46f]
	msedgedriver!(No symbol) [0x7ff71dc3f070]
	msedgedriver!(No symbol) [0x7ff71dc3edd5]
	msedgedriver!(No symbol) [0x7ff71dc3cf02]
	msedgedriver!(No symbol) [0x7ff71dc3d552]
	msedgedriver!(No symbol) [0x7ff71dc4f978]
	msedgedriver!(No symbol) [0x7ff71dcd0dc4]
	msedgedriver!(No symbol) [0x7ff71dcb586a]
	msedgedriver!(No symbol) [0x7ff71dc8b9b7]
	msedgedriver!(No symbol) [0x7ff71dcd07e2]
	msedgedriver!(No symbol) [0x7ff71dc8b1fc]
	msedgedriver!(No symbol) [0x7ff71dc8a456]
	msedgedriver!(No symbol) [0x7ff71dc8b023]
	msedgedriver!(No symbol) [0x7ff71dd58b69]
	msedgedriver!(No symbol) [0x7ff71dd55103]
	msedgedriver!(No symbol) [0x7ff71dd64d14]
	msedgedriver!GetHandleVerifier [0x7ff71df3c108+28898]
	msedgedriver!GetHandleVerifier [0x7ff71df448c6+31056]
	msedgedriver!GetHandleVerifier [0x7ff71df289c4+15154]
	msedgedriver!GetHandleVerifier [0x7ff71df28b09+15299]
	msedgedriver!GetHandleVerifier [0x7ff71df15d02+2492]
	KERNEL32!BaseThreadInitThunk [0x7ff83ba5e8d7+17]
	ntdll!RtlUserThreadStart [0x7ff83c00c53c+2c]

2026-03-29 03:13:55,620 [ERROR] __main__ - 登录失败，本次检查跳过
2026-03-29 03:13:57,846 [INFO] scraper - 浏览器已关闭
2026-03-29 03:18:57,847 [INFO] __main__ - ▶ 开始检查新动态 …
2026-03-29 03:18:58,746 [INFO] scraper - Edge 浏览器已启动（无头模式: False）
2026-03-29 03:18:58,746 [INFO] scraper - 正在登录 LinkedIn …
2026-03-29 03:18:59,116 [ERROR] scraper - 登录过程发生意外错误: Message: unknown error: net::ERR_CONNECTION_RESET
  (Session info: MicrosoftEdge=146.0.3856.84)
Stacktrace:
	msedgedriver!GetHandleVerifier [0x7ff71df21285+da15]
	msedgedriver!GetHandleVerifier [0x7ff71df212e4+da74]
	msedgedriver!GetHandleVerifier [0x7ff71e28f8dc+37c06c]
	msedgedriver!(No symbol) [0x7ff71dc49d7c]
	msedgedriver!(No symbol) [0x7ff71dc3f1ff]
	msedgedriver!(No symbol) [0x7ff71dc4082c]
	msedgedriver!(No symbol) [0x7ff71dc3f46f]
	msedgedriver!(No symbol) [0x7ff71dc3f070]
	msedgedriver!(No symbol) [0x7ff71dc3edd5]
	msedgedriver!(No symbol) [0x7ff71dc3cf02]
	msedgedriver!(No symbol) [0x7ff71dc3d552]
	msedgedriver!(No symbol) [0x7ff71dc4f978]
	msedgedriver!(No symbol) [0x7ff71dcd0dc4]
	msedgedriver!(No symbol) [0x7ff71dcb586a]
	msedgedriver!(No symbol) [0x7ff71dc8b9b7]
	msedgedriver!(No symbol) [0x7ff71dcd07e2]
	msedgedriver!(No symbol) [0x7ff71dc8b1fc]
	msedgedriver!(No symbol) [0x7ff71dc8a456]
	msedgedriver!(No symbol) [0x7ff71dc8b023]
	msedgedriver!(No symbol) [0x7ff71dd58b69]
	msedgedriver!(No symbol) [0x7ff71dd55103]
	msedgedriver!(No symbol) [0x7ff71dd64d14]
	msedgedriver!GetHandleVerifier [0x7ff71df3c108+28898]
	msedgedriver!GetHandleVerifier [0x7ff71df448c6+31056]
	msedgedriver!GetHandleVerifier [0x7ff71df289c4+15154]
	msedgedriver!GetHandleVerifier [0x7ff71df28b09+15299]
	msedgedriver!GetHandleVerifier [0x7ff71df15d02+2492]
	KERNEL32!BaseThreadInitThunk [0x7ff83ba5e8d7+17]
	ntdll!RtlUserThreadStart [0x7ff83c00c53c+2c]
Traceback (most recent call last):
  File "C:\autoGeneratedApp\linkedInInformationCollection\scraper.py", line 95, in login
    self.close()
            ~~^^
  File "C:\autoGeneratedApp\linkedInInformationCollection\.venv\Lib\site-packages\selenium\webdriver\remote\webdriver.py", line 466, in get
    self.execute(Command.GET, {"url": url})
    ~~~~~~~~~~~~^^^^^^^^^^^^^^^^^^^^^^^^^^^
  File "C:\autoGeneratedApp\linkedInInformationCollection\.venv\Lib\site-packages\selenium\webdriver\remote\webdriver.py", line 446, in execute
    self.error_handler.check_response(response)
    ~~~~~~~~~~~~~~~~~~~~~~~~~~~~~~~~~^^^^^^^^^^
  File "C:\autoGeneratedApp\linkedInInformationCollection\.venv\Lib\site-packages\selenium\webdriver\remote\errorhandler.py", line 232, in check_response
    raise exception_class(message, screen, stacktrace)
selenium.common.exceptions.WebDriverException: Message: unknown error: net::ERR_CONNECTION_RESET
  (Session info: MicrosoftEdge=146.0.3856.84)
Stacktrace:
	msedgedriver!GetHandleVerifier [0x7ff71df21285+da15]
	msedgedriver!GetHandleVerifier [0x7ff71df212e4+da74]
	msedgedriver!GetHandleVerifier [0x7ff71e28f8dc+37c06c]
	msedgedriver!(No symbol) [0x7ff71dc49d7c]
	msedgedriver!(No symbol) [0x7ff71dc3f1ff]
	msedgedriver!(No symbol) [0x7ff71dc4082c]
	msedgedriver!(No symbol) [0x7ff71dc3f46f]
	msedgedriver!(No symbol) [0x7ff71dc3f070]
	msedgedriver!(No symbol) [0x7ff71dc3edd5]
	msedgedriver!(No symbol) [0x7ff71dc3cf02]
	msedgedriver!(No symbol) [0x7ff71dc3d552]
	msedgedriver!(No symbol) [0x7ff71dc4f978]
	msedgedriver!(No symbol) [0x7ff71dcd0dc4]
	msedgedriver!(No symbol) [0x7ff71dcb586a]
	msedgedriver!(No symbol) [0x7ff71dc8b9b7]
	msedgedriver!(No symbol) [0x7ff71dcd07e2]
	msedgedriver!(No symbol) [0x7ff71dc8b1fc]
	msedgedriver!(No symbol) [0x7ff71dc8a456]
	msedgedriver!(No symbol) [0x7ff71dc8b023]
	msedgedriver!(No symbol) [0x7ff71dd58b69]
	msedgedriver!(No symbol) [0x7ff71dd55103]
	msedgedriver!(No symbol) [0x7ff71dd64d14]
	msedgedriver!GetHandleVerifier [0x7ff71df3c108+28898]
	msedgedriver!GetHandleVerifier [0x7ff71df448c6+31056]
	msedgedriver!GetHandleVerifier [0x7ff71df289c4+15154]
	msedgedriver!GetHandleVerifier [0x7ff71df28b09+15299]
	msedgedriver!GetHandleVerifier [0x7ff71df15d02+2492]
	KERNEL32!BaseThreadInitThunk [0x7ff83ba5e8d7+17]
	ntdll!RtlUserThreadStart [0x7ff83c00c53c+2c]

2026-03-29 03:18:59,119 [ERROR] __main__ - 登录失败，本次检查跳过
2026-03-29 03:19:01,344 [INFO] scraper - 浏览器已关闭
2026-03-29 03:24:01,345 [INFO] __main__ - ▶ 开始检查新动态 …
2026-03-29 03:24:02,189 [INFO] scraper - Edge 浏览器已启动（无头模式: False）
2026-03-29 03:24:02,190 [INFO] scraper - 正在登录 LinkedIn …
2026-03-29 03:24:02,525 [ERROR] scraper - 登录过程发生意外错误: Message: unknown error: net::ERR_CONNECTION_RESET
  (Session info: MicrosoftEdge=146.0.3856.84)
Stacktrace:
	msedgedriver!GetHandleVerifier [0x7ff71df21285+da15]
	msedgedriver!GetHandleVerifier [0x7ff71df212e4+da74]
	msedgedriver!GetHandleVerifier [0x7ff71e28f8dc+37c06c]
	msedgedriver!(No symbol) [0x7ff71dc49d7c]
	msedgedriver!(No symbol) [0x7ff71dc3f1ff]
	msedgedriver!(No symbol) [0x7ff71dc4082c]
	msedgedriver!(No symbol) [0x7ff71dc3f46f]
	msedgedriver!(No symbol) [0x7ff71dc3f070]
	msedgedriver!(No symbol) [0x7ff71dc3edd5]
	msedgedriver!(No symbol) [0x7ff71dc3cf02]
	msedgedriver!(No symbol) [0x7ff71dc3d552]
	msedgedriver!(No symbol) [0x7ff71dc4f978]
	msedgedriver!(No symbol) [0x7ff71dcd0dc4]
	msedgedriver!(No symbol) [0x7ff71dcb586a]
	msedgedriver!(No symbol) [0x7ff71dc8b9b7]
	msedgedriver!(No symbol) [0x7ff71dcd07e2]
	msedgedriver!(No symbol) [0x7ff71dc8b1fc]
	msedgedriver!(No symbol) [0x7ff71dc8a456]
	msedgedriver!(No symbol) [0x7ff71dc8b023]
	msedgedriver!(No symbol) [0x7ff71dd58b69]
	msedgedriver!(No symbol) [0x7ff71dd55103]
	msedgedriver!(No symbol) [0x7ff71dd64d14]
	msedgedriver!GetHandleVerifier [0x7ff71df3c108+28898]
	msedgedriver!GetHandleVerifier [0x7ff71df448c6+31056]
	msedgedriver!GetHandleVerifier [0x7ff71df289c4+15154]
	msedgedriver!GetHandleVerifier [0x7ff71df28b09+15299]
	msedgedriver!GetHandleVerifier [0x7ff71df15d02+2492]
	KERNEL32!BaseThreadInitThunk [0x7ff83ba5e8d7+17]
	ntdll!RtlUserThreadStart [0x7ff83c00c53c+2c]
Traceback (most recent call last):
  File "C:\autoGeneratedApp\linkedInInformationCollection\scraper.py", line 95, in login
    self.close()
            ~~^^
  File "C:\autoGeneratedApp\linkedInInformationCollection\.venv\Lib\site-packages\selenium\webdriver\remote\webdriver.py", line 466, in get
    self.execute(Command.GET, {"url": url})
    ~~~~~~~~~~~~^^^^^^^^^^^^^^^^^^^^^^^^^^^
  File "C:\autoGeneratedApp\linkedInInformationCollection\.venv\Lib\site-packages\selenium\webdriver\remote\webdriver.py", line 446, in execute
    self.error_handler.check_response(response)
    ~~~~~~~~~~~~~~~~~~~~~~~~~~~~~~~~~^^^^^^^^^^
  File "C:\autoGeneratedApp\linkedInInformationCollection\.venv\Lib\site-packages\selenium\webdriver\remote\errorhandler.py", line 232, in check_response
    raise exception_class(message, screen, stacktrace)
selenium.common.exceptions.WebDriverException: Message: unknown error: net::ERR_CONNECTION_RESET
  (Session info: MicrosoftEdge=146.0.3856.84)
Stacktrace:
	msedgedriver!GetHandleVerifier [0x7ff71df21285+da15]
	msedgedriver!GetHandleVerifier [0x7ff71df212e4+da74]
	msedgedriver!GetHandleVerifier [0x7ff71e28f8dc+37c06c]
	msedgedriver!(No symbol) [0x7ff71dc49d7c]
	msedgedriver!(No symbol) [0x7ff71dc3f1ff]
	msedgedriver!(No symbol) [0x7ff71dc4082c]
	msedgedriver!(No symbol) [0x7ff71dc3f46f]
	msedgedriver!(No symbol) [0x7ff71dc3f070]
	msedgedriver!(No symbol) [0x7ff71dc3edd5]
	msedgedriver!(No symbol) [0x7ff71dc3cf02]
	msedgedriver!(No symbol) [0x7ff71dc3d552]
	msedgedriver!(No symbol) [0x7ff71dc4f978]
	msedgedriver!(No symbol) [0x7ff71dcd0dc4]
	msedgedriver!(No symbol) [0x7ff71dcb586a]
	msedgedriver!(No symbol) [0x7ff71dc8b9b7]
	msedgedriver!(No symbol) [0x7ff71dcd07e2]
	msedgedriver!(No symbol) [0x7ff71dc8b1fc]
	msedgedriver!(No symbol) [0x7ff71dc8a456]
	msedgedriver!(No symbol) [0x7ff71dc8b023]
	msedgedriver!(No symbol) [0x7ff71dd58b69]
	msedgedriver!(No symbol) [0x7ff71dd55103]
	msedgedriver!(No symbol) [0x7ff71dd64d14]
	msedgedriver!GetHandleVerifier [0x7ff71df3c108+28898]
	msedgedriver!GetHandleVerifier [0x7ff71df448c6+31056]
	msedgedriver!GetHandleVerifier [0x7ff71df289c4+15154]
	msedgedriver!GetHandleVerifier [0x7ff71df28b09+15299]
	msedgedriver!GetHandleVerifier [0x7ff71df15d02+2492]
	KERNEL32!BaseThreadInitThunk [0x7ff83ba5e8d7+17]
	ntdll!RtlUserThreadStart [0x7ff83c00c53c+2c]

2026-03-29 03:24:02,527 [ERROR] __main__ - 登录失败，本次检查跳过
2026-03-29 03:24:04,729 [INFO] scraper - 浏览器已关闭
2026-03-29 03:29:04,731 [INFO] __main__ - ▶ 开始检查新动态 …
2026-03-29 03:29:05,615 [INFO] scraper - Edge 浏览器已启动（无头模式: False）
2026-03-29 03:29:05,615 [INFO] scraper - 正在登录 LinkedIn …
2026-03-29 03:29:21,223 [ERROR] scraper - 登录超时，请检查网络或账号信息
2026-03-29 03:29:21,223 [ERROR] __main__ - 登录失败，本次检查跳过
2026-03-29 03:29:21,914 [INFO] __main__ - ▶ 开始检查新动态 …
2026-03-29 03:29:21,971 [INFO] scraper - 访问用户动态页: https://www.linkedin.com/in/jianshu-dong-1191b9129/recent-activity/all/
2026-03-29 03:29:23,482 [INFO] scraper - 浏览器已关闭
2026-03-29 03:29:33,722 [INFO] scraper - 共抓取到 5 条帖子
2026-03-29 03:29:33,723 [INFO] __main__ - ✔ 无新动态
2026-03-29 03:34:23,482 [INFO] __main__ - ▶ 开始检查新动态 …
2026-03-29 03:34:24,408 [INFO] scraper - Edge 浏览器已启动（无头模式: False）
2026-03-29 03:34:24,408 [INFO] scraper - 正在登录 LinkedIn …
2026-03-29 03:34:24,763 [ERROR] scraper - 登录过程发生意外错误: Message: unknown error: net::ERR_CONNECTION_RESET
  (Session info: MicrosoftEdge=146.0.3856.84)
Stacktrace:
	msedgedriver!GetHandleVerifier [0x7ff71df21285+da15]
	msedgedriver!GetHandleVerifier [0x7ff71df212e4+da74]
	msedgedriver!GetHandleVerifier [0x7ff71e28f8dc+37c06c]
	msedgedriver!(No symbol) [0x7ff71dc49d7c]
	msedgedriver!(No symbol) [0x7ff71dc3f1ff]
	msedgedriver!(No symbol) [0x7ff71dc4082c]
	msedgedriver!(No symbol) [0x7ff71dc3f46f]
	msedgedriver!(No symbol) [0x7ff71dc3f070]
	msedgedriver!(No symbol) [0x7ff71dc3edd5]
	msedgedriver!(No symbol) [0x7ff71dc3cf02]
	msedgedriver!(No symbol) [0x7ff71dc3d552]
	msedgedriver!(No symbol) [0x7ff71dc4f978]
	msedgedriver!(No symbol) [0x7ff71dcd0dc4]
	msedgedriver!(No symbol) [0x7ff71dcb586a]
	msedgedriver!(No symbol) [0x7ff71dc8b9b7]
	msedgedriver!(No symbol) [0x7ff71dcd07e2]
	msedgedriver!(No symbol) [0x7ff71dc8b1fc]
	msedgedriver!(No symbol) [0x7ff71dc8a456]
	msedgedriver!(No symbol) [0x7ff71dc8b023]
	msedgedriver!(No symbol) [0x7ff71dd58b69]
	msedgedriver!(No symbol) [0x7ff71dd55103]
	msedgedriver!(No symbol) [0x7ff71dd64d14]
	msedgedriver!GetHandleVerifier [0x7ff71df3c108+28898]
	msedgedriver!GetHandleVerifier [0x7ff71df448c6+31056]
	msedgedriver!GetHandleVerifier [0x7ff71df289c4+15154]
	msedgedriver!GetHandleVerifier [0x7ff71df28b09+15299]
	msedgedriver!GetHandleVerifier [0x7ff71df15d02+2492]
	KERNEL32!BaseThreadInitThunk [0x7ff83ba5e8d7+17]
	ntdll!RtlUserThreadStart [0x7ff83c00c53c+2c]
Traceback (most recent call last):
  File "C:\autoGeneratedApp\linkedInInformationCollection\scraper.py", line 95, in login
    self.close()
            ~~^^
  File "C:\autoGeneratedApp\linkedInInformationCollection\.venv\Lib\site-packages\selenium\webdriver\remote\webdriver.py", line 466, in get
    self.execute(Command.GET, {"url": url})
    ~~~~~~~~~~~~^^^^^^^^^^^^^^^^^^^^^^^^^^^
  File "C:\autoGeneratedApp\linkedInInformationCollection\.venv\Lib\site-packages\selenium\webdriver\remote\webdriver.py", line 446, in execute
    self.error_handler.check_response(response)
    ~~~~~~~~~~~~~~~~~~~~~~~~~~~~~~~~~^^^^^^^^^^
  File "C:\autoGeneratedApp\linkedInInformationCollection\.venv\Lib\site-packages\selenium\webdriver\remote\errorhandler.py", line 232, in check_response
    raise exception_class(message, screen, stacktrace)
selenium.common.exceptions.WebDriverException: Message: unknown error: net::ERR_CONNECTION_RESET
  (Session info: MicrosoftEdge=146.0.3856.84)
Stacktrace:
	msedgedriver!GetHandleVerifier [0x7ff71df21285+da15]
	msedgedriver!GetHandleVerifier [0x7ff71df212e4+da74]
	msedgedriver!GetHandleVerifier [0x7ff71e28f8dc+37c06c]
	msedgedriver!(No symbol) [0x7ff71dc49d7c]
	msedgedriver!(No symbol) [0x7ff71dc3f1ff]
	msedgedriver!(No symbol) [0x7ff71dc4082c]
	msedgedriver!(No symbol) [0x7ff71dc3f46f]
	msedgedriver!(No symbol) [0x7ff71dc3f070]
	msedgedriver!(No symbol) [0x7ff71dc3edd5]
	msedgedriver!(No symbol) [0x7ff71dc3cf02]
	msedgedriver!(No symbol) [0x7ff71dc3d552]
	msedgedriver!(No symbol) [0x7ff71dc4f978]
	msedgedriver!(No symbol) [0x7ff71dcd0dc4]
	msedgedriver!(No symbol) [0x7ff71dcb586a]
	msedgedriver!(No symbol) [0x7ff71dc8b9b7]
	msedgedriver!(No symbol) [0x7ff71dcd07e2]
	msedgedriver!(No symbol) [0x7ff71dc8b1fc]
	msedgedriver!(No symbol) [0x7ff71dc8a456]
	msedgedriver!(No symbol) [0x7ff71dc8b023]
	msedgedriver!(No symbol) [0x7ff71dd58b69]
	msedgedriver!(No symbol) [0x7ff71dd55103]
	msedgedriver!(No symbol) [0x7ff71dd64d14]
	msedgedriver!GetHandleVerifier [0x7ff71df3c108+28898]
	msedgedriver!GetHandleVerifier [0x7ff71df448c6+31056]
	msedgedriver!GetHandleVerifier [0x7ff71df289c4+15154]
	msedgedriver!GetHandleVerifier [0x7ff71df28b09+15299]
	msedgedriver!GetHandleVerifier [0x7ff71df15d02+2492]
	KERNEL32!BaseThreadInitThunk [0x7ff83ba5e8d7+17]
	ntdll!RtlUserThreadStart [0x7ff83c00c53c+2c]

2026-03-29 03:34:24,765 [ERROR] __main__ - 登录失败，本次检查跳过
2026-03-29 03:34:26,990 [INFO] scraper - 浏览器已关闭
2026-03-29 03:39:26,992 [INFO] __main__ - ▶ 开始检查新动态 …
2026-03-29 03:39:28,149 [INFO] scraper - Edge 浏览器已启动（无头模式: False）
2026-03-29 03:39:28,150 [INFO] scraper - 正在登录 LinkedIn …
2026-03-29 03:39:29,569 [ERROR] scraper - 登录过程发生意外错误: Message: unknown error: net::ERR_CONNECTION_RESET
  (Session info: MicrosoftEdge=146.0.3856.84)
Stacktrace:
	msedgedriver!GetHandleVerifier [0x7ff71df21285+da15]
	msedgedriver!GetHandleVerifier [0x7ff71df212e4+da74]
	msedgedriver!GetHandleVerifier [0x7ff71e28f8dc+37c06c]
	msedgedriver!(No symbol) [0x7ff71dc49d7c]
	msedgedriver!(No symbol) [0x7ff71dc3f1ff]
	msedgedriver!(No symbol) [0x7ff71dc4082c]
	msedgedriver!(No symbol) [0x7ff71dc3f46f]
	msedgedriver!(No symbol) [0x7ff71dc3f070]
	msedgedriver!(No symbol) [0x7ff71dc3edd5]
	msedgedriver!(No symbol) [0x7ff71dc3cf02]
	msedgedriver!(No symbol) [0x7ff71dc3d552]
	msedgedriver!(No symbol) [0x7ff71dc4f978]
	msedgedriver!(No symbol) [0x7ff71dcd0dc4]
	msedgedriver!(No symbol) [0x7ff71dcb586a]
	msedgedriver!(No symbol) [0x7ff71dc8b9b7]
	msedgedriver!(No symbol) [0x7ff71dcd07e2]
	msedgedriver!(No symbol) [0x7ff71dc8b1fc]
	msedgedriver!(No symbol) [0x7ff71dc8a456]
	msedgedriver!(No symbol) [0x7ff71dc8b023]
	msedgedriver!(No symbol) [0x7ff71dd58b69]
	msedgedriver!(No symbol) [0x7ff71dd55103]
	msedgedriver!(No symbol) [0x7ff71dd64d14]
	msedgedriver!GetHandleVerifier [0x7ff71df3c108+28898]
	msedgedriver!GetHandleVerifier [0x7ff71df448c6+31056]
	msedgedriver!GetHandleVerifier [0x7ff71df289c4+15154]
	msedgedriver!GetHandleVerifier [0x7ff71df28b09+15299]
	msedgedriver!GetHandleVerifier [0x7ff71df15d02+2492]
	KERNEL32!BaseThreadInitThunk [0x7ff83ba5e8d7+17]
	ntdll!RtlUserThreadStart [0x7ff83c00c53c+2c]
Traceback (most recent call last):
  File "C:\autoGeneratedApp\linkedInInformationCollection\scraper.py", line 95, in login
    self.close()
            ~~^^
  File "C:\autoGeneratedApp\linkedInInformationCollection\.venv\Lib\site-packages\selenium\webdriver\remote\webdriver.py", line 466, in get
    self.execute(Command.GET, {"url": url})
    ~~~~~~~~~~~~^^^^^^^^^^^^^^^^^^^^^^^^^^^
  File "C:\autoGeneratedApp\linkedInInformationCollection\.venv\Lib\site-packages\selenium\webdriver\remote\webdriver.py", line 446, in execute
    self.error_handler.check_response(response)
    ~~~~~~~~~~~~~~~~~~~~~~~~~~~~~~~~~^^^^^^^^^^
  File "C:\autoGeneratedApp\linkedInInformationCollection\.venv\Lib\site-packages\selenium\webdriver\remote\errorhandler.py", line 232, in check_response
    raise exception_class(message, screen, stacktrace)
selenium.common.exceptions.WebDriverException: Message: unknown error: net::ERR_CONNECTION_RESET
  (Session info: MicrosoftEdge=146.0.3856.84)
Stacktrace:
	msedgedriver!GetHandleVerifier [0x7ff71df21285+da15]
	msedgedriver!GetHandleVerifier [0x7ff71df212e4+da74]
	msedgedriver!GetHandleVerifier [0x7ff71e28f8dc+37c06c]
	msedgedriver!(No symbol) [0x7ff71dc49d7c]
	msedgedriver!(No symbol) [0x7ff71dc3f1ff]
	msedgedriver!(No symbol) [0x7ff71dc4082c]
	msedgedriver!(No symbol) [0x7ff71dc3f46f]
	msedgedriver!(No symbol) [0x7ff71dc3f070]
	msedgedriver!(No symbol) [0x7ff71dc3edd5]
	msedgedriver!(No symbol) [0x7ff71dc3cf02]
	msedgedriver!(No symbol) [0x7ff71dc3d552]
	msedgedriver!(No symbol) [0x7ff71dc4f978]
	msedgedriver!(No symbol) [0x7ff71dcd0dc4]
	msedgedriver!(No symbol) [0x7ff71dcb586a]
	msedgedriver!(No symbol) [0x7ff71dc8b9b7]
	msedgedriver!(No symbol) [0x7ff71dcd07e2]
	msedgedriver!(No symbol) [0x7ff71dc8b1fc]
	msedgedriver!(No symbol) [0x7ff71dc8a456]
	msedgedriver!(No symbol) [0x7ff71dc8b023]
	msedgedriver!(No symbol) [0x7ff71dd58b69]
	msedgedriver!(No symbol) [0x7ff71dd55103]
	msedgedriver!(No symbol) [0x7ff71dd64d14]
	msedgedriver!GetHandleVerifier [0x7ff71df3c108+28898]
	msedgedriver!GetHandleVerifier [0x7ff71df448c6+31056]
	msedgedriver!GetHandleVerifier [0x7ff71df289c4+15154]
	msedgedriver!GetHandleVerifier [0x7ff71df28b09+15299]
	msedgedriver!GetHandleVerifier [0x7ff71df15d02+2492]
	KERNEL32!BaseThreadInitThunk [0x7ff83ba5e8d7+17]
	ntdll!RtlUserThreadStart [0x7ff83c00c53c+2c]

2026-03-29 03:39:29,571 [ERROR] __main__ - 登录失败，本次检查跳过
2026-03-29 03:39:31,789 [INFO] scraper - 浏览器已关闭
2026-03-29 03:44:31,791 [INFO] __main__ - ▶ 开始检查新动态 …
2026-03-29 03:44:32,689 [INFO] scraper - Edge 浏览器已启动（无头模式: False）
2026-03-29 03:44:32,690 [INFO] scraper - 正在登录 LinkedIn …
2026-03-29 03:44:33,042 [ERROR] scraper - 登录过程发生意外错误: Message: unknown error: net::ERR_CONNECTION_RESET
  (Session info: MicrosoftEdge=146.0.3856.84)
Stacktrace:
	msedgedriver!GetHandleVerifier [0x7ff71df21285+da15]
	msedgedriver!GetHandleVerifier [0x7ff71df212e4+da74]
	msedgedriver!GetHandleVerifier [0x7ff71e28f8dc+37c06c]
	msedgedriver!(No symbol) [0x7ff71dc49d7c]
	msedgedriver!(No symbol) [0x7ff71dc3f1ff]
	msedgedriver!(No symbol) [0x7ff71dc4082c]
	msedgedriver!(No symbol) [0x7ff71dc3f46f]
	msedgedriver!(No symbol) [0x7ff71dc3f070]
	msedgedriver!(No symbol) [0x7ff71dc3edd5]
	msedgedriver!(No symbol) [0x7ff71dc3cf02]
	msedgedriver!(No symbol) [0x7ff71dc3d552]
	msedgedriver!(No symbol) [0x7ff71dc4f978]
	msedgedriver!(No symbol) [0x7ff71dcd0dc4]
	msedgedriver!(No symbol) [0x7ff71dcb586a]
	msedgedriver!(No symbol) [0x7ff71dc8b9b7]
	msedgedriver!(No symbol) [0x7ff71dcd07e2]
	msedgedriver!(No symbol) [0x7ff71dc8b1fc]
	msedgedriver!(No symbol) [0x7ff71dc8a456]
	msedgedriver!(No symbol) [0x7ff71dc8b023]
	msedgedriver!(No symbol) [0x7ff71dd58b69]
	msedgedriver!(No symbol) [0x7ff71dd55103]
	msedgedriver!(No symbol) [0x7ff71dd64d14]
	msedgedriver!GetHandleVerifier [0x7ff71df3c108+28898]
	msedgedriver!GetHandleVerifier [0x7ff71df448c6+31056]
	msedgedriver!GetHandleVerifier [0x7ff71df289c4+15154]
	msedgedriver!GetHandleVerifier [0x7ff71df28b09+15299]
	msedgedriver!GetHandleVerifier [0x7ff71df15d02+2492]
	KERNEL32!BaseThreadInitThunk [0x7ff83ba5e8d7+17]
	ntdll!RtlUserThreadStart [0x7ff83c00c53c+2c]
Traceback (most recent call last):
  File "C:\autoGeneratedApp\linkedInInformationCollection\scraper.py", line 95, in login
    self.close()
            ~~^^
  File "C:\autoGeneratedApp\linkedInInformationCollection\.venv\Lib\site-packages\selenium\webdriver\remote\webdriver.py", line 466, in get
    self.execute(Command.GET, {"url": url})
    ~~~~~~~~~~~~^^^^^^^^^^^^^^^^^^^^^^^^^^^
  File "C:\autoGeneratedApp\linkedInInformationCollection\.venv\Lib\site-packages\selenium\webdriver\remote\webdriver.py", line 446, in execute
    self.error_handler.check_response(response)
    ~~~~~~~~~~~~~~~~~~~~~~~~~~~~~~~~~^^^^^^^^^^
  File "C:\autoGeneratedApp\linkedInInformationCollection\.venv\Lib\site-packages\selenium\webdriver\remote\errorhandler.py", line 232, in check_response
    raise exception_class(message, screen, stacktrace)
selenium.common.exceptions.WebDriverException: Message: unknown error: net::ERR_CONNECTION_RESET
  (Session info: MicrosoftEdge=146.0.3856.84)
Stacktrace:
	msedgedriver!GetHandleVerifier [0x7ff71df21285+da15]
	msedgedriver!GetHandleVerifier [0x7ff71df212e4+da74]
	msedgedriver!GetHandleVerifier [0x7ff71e28f8dc+37c06c]
	msedgedriver!(No symbol) [0x7ff71dc49d7c]
	msedgedriver!(No symbol) [0x7ff71dc3f1ff]
	msedgedriver!(No symbol) [0x7ff71dc4082c]
	msedgedriver!(No symbol) [0x7ff71dc3f46f]
	msedgedriver!(No symbol) [0x7ff71dc3f070]
	msedgedriver!(No symbol) [0x7ff71dc3edd5]
	msedgedriver!(No symbol) [0x7ff71dc3cf02]
	msedgedriver!(No symbol) [0x7ff71dc3d552]
	msedgedriver!(No symbol) [0x7ff71dc4f978]
	msedgedriver!(No symbol) [0x7ff71dcd0dc4]
	msedgedriver!(No symbol) [0x7ff71dcb586a]
	msedgedriver!(No symbol) [0x7ff71dc8b9b7]
	msedgedriver!(No symbol) [0x7ff71dcd07e2]
	msedgedriver!(No symbol) [0x7ff71dc8b1fc]
	msedgedriver!(No symbol) [0x7ff71dc8a456]
	msedgedriver!(No symbol) [0x7ff71dc8b023]
	msedgedriver!(No symbol) [0x7ff71dd58b69]
	msedgedriver!(No symbol) [0x7ff71dd55103]
	msedgedriver!(No symbol) [0x7ff71dd64d14]
	msedgedriver!GetHandleVerifier [0x7ff71df3c108+28898]
	msedgedriver!GetHandleVerifier [0x7ff71df448c6+31056]
	msedgedriver!GetHandleVerifier [0x7ff71df289c4+15154]
	msedgedriver!GetHandleVerifier [0x7ff71df28b09+15299]
	msedgedriver!GetHandleVerifier [0x7ff71df15d02+2492]
	KERNEL32!BaseThreadInitThunk [0x7ff83ba5e8d7+17]
	ntdll!RtlUserThreadStart [0x7ff83c00c53c+2c]

2026-03-29 03:44:33,045 [ERROR] __main__ - 登录失败，本次检查跳过
2026-03-29 03:44:35,238 [INFO] scraper - 浏览器已关闭
2026-03-29 03:49:35,240 [INFO] __main__ - ▶ 开始检查新动态 …
2026-03-29 03:49:36,108 [INFO] scraper - Edge 浏览器已启动（无头模式: False）
2026-03-29 03:49:36,108 [INFO] scraper - 正在登录 LinkedIn …
2026-03-29 03:49:36,451 [ERROR] scraper - 登录过程发生意外错误: Message: unknown error: net::ERR_CONNECTION_RESET
  (Session info: MicrosoftEdge=146.0.3856.84)
Stacktrace:
	msedgedriver!GetHandleVerifier [0x7ff71df21285+da15]
	msedgedriver!GetHandleVerifier [0x7ff71df212e4+da74]
	msedgedriver!GetHandleVerifier [0x7ff71e28f8dc+37c06c]
	msedgedriver!(No symbol) [0x7ff71dc49d7c]
	msedgedriver!(No symbol) [0x7ff71dc3f1ff]
	msedgedriver!(No symbol) [0x7ff71dc4082c]
	msedgedriver!(No symbol) [0x7ff71dc3f46f]
	msedgedriver!(No symbol) [0x7ff71dc3f070]
	msedgedriver!(No symbol) [0x7ff71dc3edd5]
	msedgedriver!(No symbol) [0x7ff71dc3cf02]
	msedgedriver!(No symbol) [0x7ff71dc3d552]
	msedgedriver!(No symbol) [0x7ff71dc4f978]
	msedgedriver!(No symbol) [0x7ff71dcd0dc4]
	msedgedriver!(No symbol) [0x7ff71dcb586a]
	msedgedriver!(No symbol) [0x7ff71dc8b9b7]
	msedgedriver!(No symbol) [0x7ff71dcd07e2]
	msedgedriver!(No symbol) [0x7ff71dc8b1fc]
	msedgedriver!(No symbol) [0x7ff71dc8a456]
	msedgedriver!(No symbol) [0x7ff71dc8b023]
	msedgedriver!(No symbol) [0x7ff71dd58b69]
	msedgedriver!(No symbol) [0x7ff71dd55103]
	msedgedriver!(No symbol) [0x7ff71dd64d14]
	msedgedriver!GetHandleVerifier [0x7ff71df3c108+28898]
	msedgedriver!GetHandleVerifier [0x7ff71df448c6+31056]
	msedgedriver!GetHandleVerifier [0x7ff71df289c4+15154]
	msedgedriver!GetHandleVerifier [0x7ff71df28b09+15299]
	msedgedriver!GetHandleVerifier [0x7ff71df15d02+2492]
	KERNEL32!BaseThreadInitThunk [0x7ff83ba5e8d7+17]
	ntdll!RtlUserThreadStart [0x7ff83c00c53c+2c]
Traceback (most recent call last):
  File "C:\autoGeneratedApp\linkedInInformationCollection\scraper.py", line 95, in login
    self.close()
            ~~^^
  File "C:\autoGeneratedApp\linkedInInformationCollection\.venv\Lib\site-packages\selenium\webdriver\remote\webdriver.py", line 466, in get
    self.execute(Command.GET, {"url": url})
    ~~~~~~~~~~~~^^^^^^^^^^^^^^^^^^^^^^^^^^^
  File "C:\autoGeneratedApp\linkedInInformationCollection\.venv\Lib\site-packages\selenium\webdriver\remote\webdriver.py", line 446, in execute
    self.error_handler.check_response(response)
    ~~~~~~~~~~~~~~~~~~~~~~~~~~~~~~~~~^^^^^^^^^^
  File "C:\autoGeneratedApp\linkedInInformationCollection\.venv\Lib\site-packages\selenium\webdriver\remote\errorhandler.py", line 232, in check_response
    raise exception_class(message, screen, stacktrace)
selenium.common.exceptions.WebDriverException: Message: unknown error: net::ERR_CONNECTION_RESET
  (Session info: MicrosoftEdge=146.0.3856.84)
Stacktrace:
	msedgedriver!GetHandleVerifier [0x7ff71df21285+da15]
	msedgedriver!GetHandleVerifier [0x7ff71df212e4+da74]
	msedgedriver!GetHandleVerifier [0x7ff71e28f8dc+37c06c]
	msedgedriver!(No symbol) [0x7ff71dc49d7c]
	msedgedriver!(No symbol) [0x7ff71dc3f1ff]
	msedgedriver!(No symbol) [0x7ff71dc4082c]
	msedgedriver!(No symbol) [0x7ff71dc3f46f]
	msedgedriver!(No symbol) [0x7ff71dc3f070]
	msedgedriver!(No symbol) [0x7ff71dc3edd5]
	msedgedriver!(No symbol) [0x7ff71dc3cf02]
	msedgedriver!(No symbol) [0x7ff71dc3d552]
	msedgedriver!(No symbol) [0x7ff71dc4f978]
	msedgedriver!(No symbol) [0x7ff71dcd0dc4]
	msedgedriver!(No symbol) [0x7ff71dcb586a]
	msedgedriver!(No symbol) [0x7ff71dc8b9b7]
	msedgedriver!(No symbol) [0x7ff71dcd07e2]
	msedgedriver!(No symbol) [0x7ff71dc8b1fc]
	msedgedriver!(No symbol) [0x7ff71dc8a456]
	msedgedriver!(No symbol) [0x7ff71dc8b023]
	msedgedriver!(No symbol) [0x7ff71dd58b69]
	msedgedriver!(No symbol) [0x7ff71dd55103]
	msedgedriver!(No symbol) [0x7ff71dd64d14]
	msedgedriver!GetHandleVerifier [0x7ff71df3c108+28898]
	msedgedriver!GetHandleVerifier [0x7ff71df448c6+31056]
	msedgedriver!GetHandleVerifier [0x7ff71df289c4+15154]
	msedgedriver!GetHandleVerifier [0x7ff71df28b09+15299]
	msedgedriver!GetHandleVerifier [0x7ff71df15d02+2492]
	KERNEL32!BaseThreadInitThunk [0x7ff83ba5e8d7+17]
	ntdll!RtlUserThreadStart [0x7ff83c00c53c+2c]

2026-03-29 03:49:36,453 [ERROR] __main__ - 登录失败，本次检查跳过
2026-03-29 03:49:38,648 [INFO] scraper - 浏览器已关闭
2026-03-29 03:54:38,649 [INFO] __main__ - ▶ 开始检查新动态 …
2026-03-29 03:54:39,544 [INFO] scraper - Edge 浏览器已启动（无头模式: False）
2026-03-29 03:54:39,545 [INFO] scraper - 正在登录 LinkedIn …
2026-03-29 03:54:39,900 [ERROR] scraper - 登录过程发生意外错误: Message: unknown error: net::ERR_CONNECTION_RESET
  (Session info: MicrosoftEdge=146.0.3856.84)
Stacktrace:
	msedgedriver!GetHandleVerifier [0x7ff71df21285+da15]
	msedgedriver!GetHandleVerifier [0x7ff71df212e4+da74]
	msedgedriver!GetHandleVerifier [0x7ff71e28f8dc+37c06c]
	msedgedriver!(No symbol) [0x7ff71dc49d7c]
	msedgedriver!(No symbol) [0x7ff71dc3f1ff]
	msedgedriver!(No symbol) [0x7ff71dc4082c]
	msedgedriver!(No symbol) [0x7ff71dc3f46f]
	msedgedriver!(No symbol) [0x7ff71dc3f070]
	msedgedriver!(No symbol) [0x7ff71dc3edd5]
	msedgedriver!(No symbol) [0x7ff71dc3cf02]
	msedgedriver!(No symbol) [0x7ff71dc3d552]
	msedgedriver!(No symbol) [0x7ff71dc4f978]
	msedgedriver!(No symbol) [0x7ff71dcd0dc4]
	msedgedriver!(No symbol) [0x7ff71dcb586a]
	msedgedriver!(No symbol) [0x7ff71dc8b9b7]
	msedgedriver!(No symbol) [0x7ff71dcd07e2]
	msedgedriver!(No symbol) [0x7ff71dc8b1fc]
	msedgedriver!(No symbol) [0x7ff71dc8a456]
	msedgedriver!(No symbol) [0x7ff71dc8b023]
	msedgedriver!(No symbol) [0x7ff71dd58b69]
	msedgedriver!(No symbol) [0x7ff71dd55103]
	msedgedriver!(No symbol) [0x7ff71dd64d14]
	msedgedriver!GetHandleVerifier [0x7ff71df3c108+28898]
	msedgedriver!GetHandleVerifier [0x7ff71df448c6+31056]
	msedgedriver!GetHandleVerifier [0x7ff71df289c4+15154]
	msedgedriver!GetHandleVerifier [0x7ff71df28b09+15299]
	msedgedriver!GetHandleVerifier [0x7ff71df15d02+2492]
	KERNEL32!BaseThreadInitThunk [0x7ff83ba5e8d7+17]
	ntdll!RtlUserThreadStart [0x7ff83c00c53c+2c]
Traceback (most recent call last):
  File "C:\autoGeneratedApp\linkedInInformationCollection\scraper.py", line 95, in login
    self.close()
            ~~^^
  File "C:\autoGeneratedApp\linkedInInformationCollection\.venv\Lib\site-packages\selenium\webdriver\remote\webdriver.py", line 466, in get
    self.execute(Command.GET, {"url": url})
    ~~~~~~~~~~~~^^^^^^^^^^^^^^^^^^^^^^^^^^^
  File "C:\autoGeneratedApp\linkedInInformationCollection\.venv\Lib\site-packages\selenium\webdriver\remote\webdriver.py", line 446, in execute
    self.error_handler.check_response(response)
    ~~~~~~~~~~~~~~~~~~~~~~~~~~~~~~~~~^^^^^^^^^^
  File "C:\autoGeneratedApp\linkedInInformationCollection\.venv\Lib\site-packages\selenium\webdriver\remote\errorhandler.py", line 232, in check_response
    raise exception_class(message, screen, stacktrace)
selenium.common.exceptions.WebDriverException: Message: unknown error: net::ERR_CONNECTION_RESET
  (Session info: MicrosoftEdge=146.0.3856.84)
Stacktrace:
	msedgedriver!GetHandleVerifier [0x7ff71df21285+da15]
	msedgedriver!GetHandleVerifier [0x7ff71df212e4+da74]
	msedgedriver!GetHandleVerifier [0x7ff71e28f8dc+37c06c]
	msedgedriver!(No symbol) [0x7ff71dc49d7c]
	msedgedriver!(No symbol) [0x7ff71dc3f1ff]
	msedgedriver!(No symbol) [0x7ff71dc4082c]
	msedgedriver!(No symbol) [0x7ff71dc3f46f]
	msedgedriver!(No symbol) [0x7ff71dc3f070]
	msedgedriver!(No symbol) [0x7ff71dc3edd5]
	msedgedriver!(No symbol) [0x7ff71dc3cf02]
	msedgedriver!(No symbol) [0x7ff71dc3d552]
	msedgedriver!(No symbol) [0x7ff71dc4f978]
	msedgedriver!(No symbol) [0x7ff71dcd0dc4]
	msedgedriver!(No symbol) [0x7ff71dcb586a]
	msedgedriver!(No symbol) [0x7ff71dc8b9b7]
	msedgedriver!(No symbol) [0x7ff71dcd07e2]
	msedgedriver!(No symbol) [0x7ff71dc8b1fc]
	msedgedriver!(No symbol) [0x7ff71dc8a456]
	msedgedriver!(No symbol) [0x7ff71dc8b023]
	msedgedriver!(No symbol) [0x7ff71dd58b69]
	msedgedriver!(No symbol) [0x7ff71dd55103]
	msedgedriver!(No symbol) [0x7ff71dd64d14]
	msedgedriver!GetHandleVerifier [0x7ff71df3c108+28898]
	msedgedriver!GetHandleVerifier [0x7ff71df448c6+31056]
	msedgedriver!GetHandleVerifier [0x7ff71df289c4+15154]
	msedgedriver!GetHandleVerifier [0x7ff71df28b09+15299]
	msedgedriver!GetHandleVerifier [0x7ff71df15d02+2492]
	KERNEL32!BaseThreadInitThunk [0x7ff83ba5e8d7+17]
	ntdll!RtlUserThreadStart [0x7ff83c00c53c+2c]

2026-03-29 03:54:39,902 [ERROR] __main__ - 登录失败，本次检查跳过
2026-03-29 03:54:42,139 [INFO] scraper - 浏览器已关闭
2026-03-29 03:59:42,141 [INFO] __main__ - ▶ 开始检查新动态 …
2026-03-29 03:59:43,022 [INFO] scraper - Edge 浏览器已启动（无头模式: False）
2026-03-29 03:59:43,023 [INFO] scraper - 正在登录 LinkedIn …
2026-03-29 03:59:58,691 [ERROR] scraper - 登录超时，请检查网络或账号信息
2026-03-29 03:59:58,692 [ERROR] __main__ - 登录失败，本次检查跳过
2026-03-29 04:00:00,927 [INFO] scraper - 浏览器已关闭
2026-03-29 04:05:00,929 [INFO] __main__ - ▶ 开始检查新动态 …
2026-03-29 04:05:01,771 [INFO] scraper - Edge 浏览器已启动（无头模式: False）
2026-03-29 04:05:01,771 [INFO] scraper - 正在登录 LinkedIn …
2026-03-29 04:05:17,360 [ERROR] scraper - 登录超时，请检查网络或账号信息
2026-03-29 04:05:17,361 [ERROR] __main__ - 登录失败，本次检查跳过
2026-03-29 04:05:19,579 [INFO] scraper - 浏览器已关闭
2026-03-29 04:10:19,581 [INFO] __main__ - ▶ 开始检查新动态 …
2026-03-29 04:10:20,453 [INFO] scraper - Edge 浏览器已启动（无头模式: False）
2026-03-29 04:10:20,453 [INFO] scraper - 正在登录 LinkedIn …
2026-03-29 04:10:20,863 [ERROR] scraper - 登录过程发生意外错误: Message: unknown error: net::ERR_CONNECTION_RESET
  (Session info: MicrosoftEdge=146.0.3856.84)
Stacktrace:
	msedgedriver!GetHandleVerifier [0x7ff71df21285+da15]
	msedgedriver!GetHandleVerifier [0x7ff71df212e4+da74]
	msedgedriver!GetHandleVerifier [0x7ff71e28f8dc+37c06c]
	msedgedriver!(No symbol) [0x7ff71dc49d7c]
	msedgedriver!(No symbol) [0x7ff71dc3f1ff]
	msedgedriver!(No symbol) [0x7ff71dc4082c]
	msedgedriver!(No symbol) [0x7ff71dc3f46f]
	msedgedriver!(No symbol) [0x7ff71dc3f070]
	msedgedriver!(No symbol) [0x7ff71dc3edd5]
	msedgedriver!(No symbol) [0x7ff71dc3cf02]
	msedgedriver!(No symbol) [0x7ff71dc3d552]
	msedgedriver!(No symbol) [0x7ff71dc4f978]
	msedgedriver!(No symbol) [0x7ff71dcd0dc4]
	msedgedriver!(No symbol) [0x7ff71dcb586a]
	msedgedriver!(No symbol) [0x7ff71dc8b9b7]
	msedgedriver!(No symbol) [0x7ff71dcd07e2]
	msedgedriver!(No symbol) [0x7ff71dc8b1fc]
	msedgedriver!(No symbol) [0x7ff71dc8a456]
	msedgedriver!(No symbol) [0x7ff71dc8b023]
	msedgedriver!(No symbol) [0x7ff71dd58b69]
	msedgedriver!(No symbol) [0x7ff71dd55103]
	msedgedriver!(No symbol) [0x7ff71dd64d14]
	msedgedriver!GetHandleVerifier [0x7ff71df3c108+28898]
	msedgedriver!GetHandleVerifier [0x7ff71df448c6+31056]
	msedgedriver!GetHandleVerifier [0x7ff71df289c4+15154]
	msedgedriver!GetHandleVerifier [0x7ff71df28b09+15299]
	msedgedriver!GetHandleVerifier [0x7ff71df15d02+2492]
	KERNEL32!BaseThreadInitThunk [0x7ff83ba5e8d7+17]
	ntdll!RtlUserThreadStart [0x7ff83c00c53c+2c]
Traceback (most recent call last):
  File "C:\autoGeneratedApp\linkedInInformationCollection\scraper.py", line 95, in login
    self.close()
            ~~^^
  File "C:\autoGeneratedApp\linkedInInformationCollection\.venv\Lib\site-packages\selenium\webdriver\remote\webdriver.py", line 466, in get
    self.execute(Command.GET, {"url": url})
    ~~~~~~~~~~~~^^^^^^^^^^^^^^^^^^^^^^^^^^^
  File "C:\autoGeneratedApp\linkedInInformationCollection\.venv\Lib\site-packages\selenium\webdriver\remote\webdriver.py", line 446, in execute
    self.error_handler.check_response(response)
    ~~~~~~~~~~~~~~~~~~~~~~~~~~~~~~~~~^^^^^^^^^^
  File "C:\autoGeneratedApp\linkedInInformationCollection\.venv\Lib\site-packages\selenium\webdriver\remote\errorhandler.py", line 232, in check_response
    raise exception_class(message, screen, stacktrace)
selenium.common.exceptions.WebDriverException: Message: unknown error: net::ERR_CONNECTION_RESET
  (Session info: MicrosoftEdge=146.0.3856.84)
Stacktrace:
	msedgedriver!GetHandleVerifier [0x7ff71df21285+da15]
	msedgedriver!GetHandleVerifier [0x7ff71df212e4+da74]
	msedgedriver!GetHandleVerifier [0x7ff71e28f8dc+37c06c]
	msedgedriver!(No symbol) [0x7ff71dc49d7c]
	msedgedriver!(No symbol) [0x7ff71dc3f1ff]
	msedgedriver!(No symbol) [0x7ff71dc4082c]
	msedgedriver!(No symbol) [0x7ff71dc3f46f]
	msedgedriver!(No symbol) [0x7ff71dc3f070]
	msedgedriver!(No symbol) [0x7ff71dc3edd5]
	msedgedriver!(No symbol) [0x7ff71dc3cf02]
	msedgedriver!(No symbol) [0x7ff71dc3d552]
	msedgedriver!(No symbol) [0x7ff71dc4f978]
	msedgedriver!(No symbol) [0x7ff71dcd0dc4]
	msedgedriver!(No symbol) [0x7ff71dcb586a]
	msedgedriver!(No symbol) [0x7ff71dc8b9b7]
	msedgedriver!(No symbol) [0x7ff71dcd07e2]
	msedgedriver!(No symbol) [0x7ff71dc8b1fc]
	msedgedriver!(No symbol) [0x7ff71dc8a456]
	msedgedriver!(No symbol) [0x7ff71dc8b023]
	msedgedriver!(No symbol) [0x7ff71dd58b69]
	msedgedriver!(No symbol) [0x7ff71dd55103]
	msedgedriver!(No symbol) [0x7ff71dd64d14]
	msedgedriver!GetHandleVerifier [0x7ff71df3c108+28898]
	msedgedriver!GetHandleVerifier [0x7ff71df448c6+31056]
	msedgedriver!GetHandleVerifier [0x7ff71df289c4+15154]
	msedgedriver!GetHandleVerifier [0x7ff71df28b09+15299]
	msedgedriver!GetHandleVerifier [0x7ff71df15d02+2492]
	KERNEL32!BaseThreadInitThunk [0x7ff83ba5e8d7+17]
	ntdll!RtlUserThreadStart [0x7ff83c00c53c+2c]

2026-03-29 04:10:20,865 [ERROR] __main__ - 登录失败，本次检查跳过
2026-03-29 04:10:23,106 [INFO] scraper - 浏览器已关闭
2026-03-29 04:15:23,108 [INFO] __main__ - ▶ 开始检查新动态 …
2026-03-29 04:15:24,381 [INFO] scraper - Edge 浏览器已启动（无头模式: False）
2026-03-29 04:15:24,381 [INFO] scraper - 正在登录 LinkedIn …
2026-03-29 04:15:24,779 [ERROR] scraper - 登录过程发生意外错误: Message: unknown error: net::ERR_CONNECTION_RESET
  (Session info: MicrosoftEdge=146.0.3856.84)
Stacktrace:
	msedgedriver!GetHandleVerifier [0x7ff71df21285+da15]
	msedgedriver!GetHandleVerifier [0x7ff71df212e4+da74]
	msedgedriver!GetHandleVerifier [0x7ff71e28f8dc+37c06c]
	msedgedriver!(No symbol) [0x7ff71dc49d7c]
	msedgedriver!(No symbol) [0x7ff71dc3f1ff]
	msedgedriver!(No symbol) [0x7ff71dc4082c]
	msedgedriver!(No symbol) [0x7ff71dc3f46f]
	msedgedriver!(No symbol) [0x7ff71dc3f070]
	msedgedriver!(No symbol) [0x7ff71dc3edd5]
	msedgedriver!(No symbol) [0x7ff71dc3cf02]
	msedgedriver!(No symbol) [0x7ff71dc3d552]
	msedgedriver!(No symbol) [0x7ff71dc4f978]
	msedgedriver!(No symbol) [0x7ff71dcd0dc4]
	msedgedriver!(No symbol) [0x7ff71dcb586a]
	msedgedriver!(No symbol) [0x7ff71dc8b9b7]
	msedgedriver!(No symbol) [0x7ff71dcd07e2]
	msedgedriver!(No symbol) [0x7ff71dc8b1fc]
	msedgedriver!(No symbol) [0x7ff71dc8a456]
	msedgedriver!(No symbol) [0x7ff71dc8b023]
	msedgedriver!(No symbol) [0x7ff71dd58b69]
	msedgedriver!(No symbol) [0x7ff71dd55103]
	msedgedriver!(No symbol) [0x7ff71dd64d14]
	msedgedriver!GetHandleVerifier [0x7ff71df3c108+28898]
	msedgedriver!GetHandleVerifier [0x7ff71df448c6+31056]
	msedgedriver!GetHandleVerifier [0x7ff71df289c4+15154]
	msedgedriver!GetHandleVerifier [0x7ff71df28b09+15299]
	msedgedriver!GetHandleVerifier [0x7ff71df15d02+2492]
	KERNEL32!BaseThreadInitThunk [0x7ff83ba5e8d7+17]
	ntdll!RtlUserThreadStart [0x7ff83c00c53c+2c]
Traceback (most recent call last):
  File "C:\autoGeneratedApp\linkedInInformationCollection\scraper.py", line 95, in login
    self.close()
            ~~^^
  File "C:\autoGeneratedApp\linkedInInformationCollection\.venv\Lib\site-packages\selenium\webdriver\remote\webdriver.py", line 466, in get
    self.execute(Command.GET, {"url": url})
    ~~~~~~~~~~~~^^^^^^^^^^^^^^^^^^^^^^^^^^^
  File "C:\autoGeneratedApp\linkedInInformationCollection\.venv\Lib\site-packages\selenium\webdriver\remote\webdriver.py", line 446, in execute
    self.error_handler.check_response(response)
    ~~~~~~~~~~~~~~~~~~~~~~~~~~~~~~~~~^^^^^^^^^^
  File "C:\autoGeneratedApp\linkedInInformationCollection\.venv\Lib\site-packages\selenium\webdriver\remote\errorhandler.py", line 232, in check_response
    raise exception_class(message, screen, stacktrace)
selenium.common.exceptions.WebDriverException: Message: unknown error: net::ERR_CONNECTION_RESET
  (Session info: MicrosoftEdge=146.0.3856.84)
Stacktrace:
	msedgedriver!GetHandleVerifier [0x7ff71df21285+da15]
	msedgedriver!GetHandleVerifier [0x7ff71df212e4+da74]
	msedgedriver!GetHandleVerifier [0x7ff71e28f8dc+37c06c]
	msedgedriver!(No symbol) [0x7ff71dc49d7c]
	msedgedriver!(No symbol) [0x7ff71dc3f1ff]
	msedgedriver!(No symbol) [0x7ff71dc4082c]
	msedgedriver!(No symbol) [0x7ff71dc3f46f]
	msedgedriver!(No symbol) [0x7ff71dc3f070]
	msedgedriver!(No symbol) [0x7ff71dc3edd5]
	msedgedriver!(No symbol) [0x7ff71dc3cf02]
	msedgedriver!(No symbol) [0x7ff71dc3d552]
	msedgedriver!(No symbol) [0x7ff71dc4f978]
	msedgedriver!(No symbol) [0x7ff71dcd0dc4]
	msedgedriver!(No symbol) [0x7ff71dcb586a]
	msedgedriver!(No symbol) [0x7ff71dc8b9b7]
	msedgedriver!(No symbol) [0x7ff71dcd07e2]
	msedgedriver!(No symbol) [0x7ff71dc8b1fc]
	msedgedriver!(No symbol) [0x7ff71dc8a456]
	msedgedriver!(No symbol) [0x7ff71dc8b023]
	msedgedriver!(No symbol) [0x7ff71dd58b69]
	msedgedriver!(No symbol) [0x7ff71dd55103]
	msedgedriver!(No symbol) [0x7ff71dd64d14]
	msedgedriver!GetHandleVerifier [0x7ff71df3c108+28898]
	msedgedriver!GetHandleVerifier [0x7ff71df448c6+31056]
	msedgedriver!GetHandleVerifier [0x7ff71df289c4+15154]
	msedgedriver!GetHandleVerifier [0x7ff71df28b09+15299]
	msedgedriver!GetHandleVerifier [0x7ff71df15d02+2492]
	KERNEL32!BaseThreadInitThunk [0x7ff83ba5e8d7+17]
	ntdll!RtlUserThreadStart [0x7ff83c00c53c+2c]

2026-03-29 04:15:24,781 [ERROR] __main__ - 登录失败，本次检查跳过
2026-03-29 04:15:27,013 [INFO] scraper - 浏览器已关闭
2026-03-29 04:20:27,014 [INFO] __main__ - ▶ 开始检查新动态 …
2026-03-29 04:20:27,868 [INFO] scraper - Edge 浏览器已启动（无头模式: False）
2026-03-29 04:20:27,869 [INFO] scraper - 正在登录 LinkedIn …
2026-03-29 04:20:28,292 [ERROR] scraper - 登录过程发生意外错误: Message: unknown error: net::ERR_CONNECTION_RESET
  (Session info: MicrosoftEdge=146.0.3856.84)
Stacktrace:
	msedgedriver!GetHandleVerifier [0x7ff71df21285+da15]
	msedgedriver!GetHandleVerifier [0x7ff71df212e4+da74]
	msedgedriver!GetHandleVerifier [0x7ff71e28f8dc+37c06c]
	msedgedriver!(No symbol) [0x7ff71dc49d7c]
	msedgedriver!(No symbol) [0x7ff71dc3f1ff]
	msedgedriver!(No symbol) [0x7ff71dc4082c]
	msedgedriver!(No symbol) [0x7ff71dc3f46f]
	msedgedriver!(No symbol) [0x7ff71dc3f070]
	msedgedriver!(No symbol) [0x7ff71dc3edd5]
	msedgedriver!(No symbol) [0x7ff71dc3cf02]
	msedgedriver!(No symbol) [0x7ff71dc3d552]
	msedgedriver!(No symbol) [0x7ff71dc4f978]
	msedgedriver!(No symbol) [0x7ff71dcd0dc4]
	msedgedriver!(No symbol) [0x7ff71dcb586a]
	msedgedriver!(No symbol) [0x7ff71dc8b9b7]
	msedgedriver!(No symbol) [0x7ff71dcd07e2]
	msedgedriver!(No symbol) [0x7ff71dc8b1fc]
	msedgedriver!(No symbol) [0x7ff71dc8a456]
	msedgedriver!(No symbol) [0x7ff71dc8b023]
	msedgedriver!(No symbol) [0x7ff71dd58b69]
	msedgedriver!(No symbol) [0x7ff71dd55103]
	msedgedriver!(No symbol) [0x7ff71dd64d14]
	msedgedriver!GetHandleVerifier [0x7ff71df3c108+28898]
	msedgedriver!GetHandleVerifier [0x7ff71df448c6+31056]
	msedgedriver!GetHandleVerifier [0x7ff71df289c4+15154]
	msedgedriver!GetHandleVerifier [0x7ff71df28b09+15299]
	msedgedriver!GetHandleVerifier [0x7ff71df15d02+2492]
	KERNEL32!BaseThreadInitThunk [0x7ff83ba5e8d7+17]
	ntdll!RtlUserThreadStart [0x7ff83c00c53c+2c]
Traceback (most recent call last):
  File "C:\autoGeneratedApp\linkedInInformationCollection\scraper.py", line 95, in login
    self.close()
            ~~^^
  File "C:\autoGeneratedApp\linkedInInformationCollection\.venv\Lib\site-packages\selenium\webdriver\remote\webdriver.py", line 466, in get
    self.execute(Command.GET, {"url": url})
    ~~~~~~~~~~~~^^^^^^^^^^^^^^^^^^^^^^^^^^^
  File "C:\autoGeneratedApp\linkedInInformationCollection\.venv\Lib\site-packages\selenium\webdriver\remote\webdriver.py", line 446, in execute
    self.error_handler.check_response(response)
    ~~~~~~~~~~~~~~~~~~~~~~~~~~~~~~~~~^^^^^^^^^^
  File "C:\autoGeneratedApp\linkedInInformationCollection\.venv\Lib\site-packages\selenium\webdriver\remote\errorhandler.py", line 232, in check_response
    raise exception_class(message, screen, stacktrace)
selenium.common.exceptions.WebDriverException: Message: unknown error: net::ERR_CONNECTION_RESET
  (Session info: MicrosoftEdge=146.0.3856.84)
Stacktrace:
	msedgedriver!GetHandleVerifier [0x7ff71df21285+da15]
	msedgedriver!GetHandleVerifier [0x7ff71df212e4+da74]
	msedgedriver!GetHandleVerifier [0x7ff71e28f8dc+37c06c]
	msedgedriver!(No symbol) [0x7ff71dc49d7c]
	msedgedriver!(No symbol) [0x7ff71dc3f1ff]
	msedgedriver!(No symbol) [0x7ff71dc4082c]
	msedgedriver!(No symbol) [0x7ff71dc3f46f]
	msedgedriver!(No symbol) [0x7ff71dc3f070]
	msedgedriver!(No symbol) [0x7ff71dc3edd5]
	msedgedriver!(No symbol) [0x7ff71dc3cf02]
	msedgedriver!(No symbol) [0x7ff71dc3d552]
	msedgedriver!(No symbol) [0x7ff71dc4f978]
	msedgedriver!(No symbol) [0x7ff71dcd0dc4]
	msedgedriver!(No symbol) [0x7ff71dcb586a]
	msedgedriver!(No symbol) [0x7ff71dc8b9b7]
	msedgedriver!(No symbol) [0x7ff71dcd07e2]
	msedgedriver!(No symbol) [0x7ff71dc8b1fc]
	msedgedriver!(No symbol) [0x7ff71dc8a456]
	msedgedriver!(No symbol) [0x7ff71dc8b023]
	msedgedriver!(No symbol) [0x7ff71dd58b69]
	msedgedriver!(No symbol) [0x7ff71dd55103]
	msedgedriver!(No symbol) [0x7ff71dd64d14]
	msedgedriver!GetHandleVerifier [0x7ff71df3c108+28898]
	msedgedriver!GetHandleVerifier [0x7ff71df448c6+31056]
	msedgedriver!GetHandleVerifier [0x7ff71df289c4+15154]
	msedgedriver!GetHandleVerifier [0x7ff71df28b09+15299]
	msedgedriver!GetHandleVerifier [0x7ff71df15d02+2492]
	KERNEL32!BaseThreadInitThunk [0x7ff83ba5e8d7+17]
	ntdll!RtlUserThreadStart [0x7ff83c00c53c+2c]

2026-03-29 04:20:28,294 [ERROR] __main__ - 登录失败，本次检查跳过
2026-03-29 04:20:30,509 [INFO] scraper - 浏览器已关闭
2026-03-29 04:25:30,511 [INFO] __main__ - ▶ 开始检查新动态 …
2026-03-29 04:25:31,352 [INFO] scraper - Edge 浏览器已启动（无头模式: False）
2026-03-29 04:25:31,352 [INFO] scraper - 正在登录 LinkedIn …
2026-03-29 04:25:46,988 [ERROR] scraper - 登录超时，请检查网络或账号信息
2026-03-29 04:25:46,989 [ERROR] __main__ - 登录失败，本次检查跳过
2026-03-29 04:25:49,231 [INFO] scraper - 浏览器已关闭
2026-03-29 04:29:33,736 [INFO] __main__ - ▶ 开始检查新动态 …
2026-03-29 04:29:33,801 [INFO] scraper - 访问用户动态页: https://www.linkedin.com/in/jianshu-dong-1191b9129/recent-activity/all/
2026-03-29 04:29:44,949 [INFO] scraper - 共抓取到 5 条帖子
2026-03-29 04:29:44,949 [INFO] __main__ - ✔ 无新动态
2026-03-29 04:30:49,232 [INFO] __main__ - ▶ 开始检查新动态 …
2026-03-29 04:30:50,103 [INFO] scraper - Edge 浏览器已启动（无头模式: False）
2026-03-29 04:30:50,104 [INFO] scraper - 正在登录 LinkedIn …
2026-03-29 04:30:50,499 [ERROR] scraper - 登录过程发生意外错误: Message: unknown error: net::ERR_CONNECTION_RESET
  (Session info: MicrosoftEdge=146.0.3856.84)
Stacktrace:
	msedgedriver!GetHandleVerifier [0x7ff71df21285+da15]
	msedgedriver!GetHandleVerifier [0x7ff71df212e4+da74]
	msedgedriver!GetHandleVerifier [0x7ff71e28f8dc+37c06c]
	msedgedriver!(No symbol) [0x7ff71dc49d7c]
	msedgedriver!(No symbol) [0x7ff71dc3f1ff]
	msedgedriver!(No symbol) [0x7ff71dc4082c]
	msedgedriver!(No symbol) [0x7ff71dc3f46f]
	msedgedriver!(No symbol) [0x7ff71dc3f070]
	msedgedriver!(No symbol) [0x7ff71dc3edd5]
	msedgedriver!(No symbol) [0x7ff71dc3cf02]
	msedgedriver!(No symbol) [0x7ff71dc3d552]
	msedgedriver!(No symbol) [0x7ff71dc4f978]
	msedgedriver!(No symbol) [0x7ff71dcd0dc4]
	msedgedriver!(No symbol) [0x7ff71dcb586a]
	msedgedriver!(No symbol) [0x7ff71dc8b9b7]
	msedgedriver!(No symbol) [0x7ff71dcd07e2]
	msedgedriver!(No symbol) [0x7ff71dc8b1fc]
	msedgedriver!(No symbol) [0x7ff71dc8a456]
	msedgedriver!(No symbol) [0x7ff71dc8b023]
	msedgedriver!(No symbol) [0x7ff71dd58b69]
	msedgedriver!(No symbol) [0x7ff71dd55103]
	msedgedriver!(No symbol) [0x7ff71dd64d14]
	msedgedriver!GetHandleVerifier [0x7ff71df3c108+28898]
	msedgedriver!GetHandleVerifier [0x7ff71df448c6+31056]
	msedgedriver!GetHandleVerifier [0x7ff71df289c4+15154]
	msedgedriver!GetHandleVerifier [0x7ff71df28b09+15299]
	msedgedriver!GetHandleVerifier [0x7ff71df15d02+2492]
	KERNEL32!BaseThreadInitThunk [0x7ff83ba5e8d7+17]
	ntdll!RtlUserThreadStart [0x7ff83c00c53c+2c]
Traceback (most recent call last):
  File "C:\autoGeneratedApp\linkedInInformationCollection\scraper.py", line 95, in login
    self.close()
            ~~^^
  File "C:\autoGeneratedApp\linkedInInformationCollection\.venv\Lib\site-packages\selenium\webdriver\remote\webdriver.py", line 466, in get
    self.execute(Command.GET, {"url": url})
    ~~~~~~~~~~~~^^^^^^^^^^^^^^^^^^^^^^^^^^^
  File "C:\autoGeneratedApp\linkedInInformationCollection\.venv\Lib\site-packages\selenium\webdriver\remote\webdriver.py", line 446, in execute
    self.error_handler.check_response(response)
    ~~~~~~~~~~~~~~~~~~~~~~~~~~~~~~~~~^^^^^^^^^^
  File "C:\autoGeneratedApp\linkedInInformationCollection\.venv\Lib\site-packages\selenium\webdriver\remote\errorhandler.py", line 232, in check_response
    raise exception_class(message, screen, stacktrace)
selenium.common.exceptions.WebDriverException: Message: unknown error: net::ERR_CONNECTION_RESET
  (Session info: MicrosoftEdge=146.0.3856.84)
Stacktrace:
	msedgedriver!GetHandleVerifier [0x7ff71df21285+da15]
	msedgedriver!GetHandleVerifier [0x7ff71df212e4+da74]
	msedgedriver!GetHandleVerifier [0x7ff71e28f8dc+37c06c]
	msedgedriver!(No symbol) [0x7ff71dc49d7c]
	msedgedriver!(No symbol) [0x7ff71dc3f1ff]
	msedgedriver!(No symbol) [0x7ff71dc4082c]
	msedgedriver!(No symbol) [0x7ff71dc3f46f]
	msedgedriver!(No symbol) [0x7ff71dc3f070]
	msedgedriver!(No symbol) [0x7ff71dc3edd5]
	msedgedriver!(No symbol) [0x7ff71dc3cf02]
	msedgedriver!(No symbol) [0x7ff71dc3d552]
	msedgedriver!(No symbol) [0x7ff71dc4f978]
	msedgedriver!(No symbol) [0x7ff71dcd0dc4]
	msedgedriver!(No symbol) [0x7ff71dcb586a]
	msedgedriver!(No symbol) [0x7ff71dc8b9b7]
	msedgedriver!(No symbol) [0x7ff71dcd07e2]
	msedgedriver!(No symbol) [0x7ff71dc8b1fc]
	msedgedriver!(No symbol) [0x7ff71dc8a456]
	msedgedriver!(No symbol) [0x7ff71dc8b023]
	msedgedriver!(No symbol) [0x7ff71dd58b69]
	msedgedriver!(No symbol) [0x7ff71dd55103]
	msedgedriver!(No symbol) [0x7ff71dd64d14]
	msedgedriver!GetHandleVerifier [0x7ff71df3c108+28898]
	msedgedriver!GetHandleVerifier [0x7ff71df448c6+31056]
	msedgedriver!GetHandleVerifier [0x7ff71df289c4+15154]
	msedgedriver!GetHandleVerifier [0x7ff71df28b09+15299]
	msedgedriver!GetHandleVerifier [0x7ff71df15d02+2492]
	KERNEL32!BaseThreadInitThunk [0x7ff83ba5e8d7+17]
	ntdll!RtlUserThreadStart [0x7ff83c00c53c+2c]

2026-03-29 04:30:50,501 [ERROR] __main__ - 登录失败，本次检查跳过
2026-03-29 04:30:52,702 [INFO] scraper - 浏览器已关闭
2026-03-29 04:35:52,704 [INFO] __main__ - ▶ 开始检查新动态 …
2026-03-29 04:35:53,538 [INFO] scraper - Edge 浏览器已启动（无头模式: False）
2026-03-29 04:35:53,538 [INFO] scraper - 正在登录 LinkedIn …
2026-03-29 04:35:53,892 [ERROR] scraper - 登录过程发生意外错误: Message: unknown error: net::ERR_CONNECTION_RESET
  (Session info: MicrosoftEdge=146.0.3856.84)
Stacktrace:
	msedgedriver!GetHandleVerifier [0x7ff71df21285+da15]
	msedgedriver!GetHandleVerifier [0x7ff71df212e4+da74]
	msedgedriver!GetHandleVerifier [0x7ff71e28f8dc+37c06c]
	msedgedriver!(No symbol) [0x7ff71dc49d7c]
	msedgedriver!(No symbol) [0x7ff71dc3f1ff]
	msedgedriver!(No symbol) [0x7ff71dc4082c]
	msedgedriver!(No symbol) [0x7ff71dc3f46f]
	msedgedriver!(No symbol) [0x7ff71dc3f070]
	msedgedriver!(No symbol) [0x7ff71dc3edd5]
	msedgedriver!(No symbol) [0x7ff71dc3cf02]
	msedgedriver!(No symbol) [0x7ff71dc3d552]
	msedgedriver!(No symbol) [0x7ff71dc4f978]
	msedgedriver!(No symbol) [0x7ff71dcd0dc4]
	msedgedriver!(No symbol) [0x7ff71dcb586a]
	msedgedriver!(No symbol) [0x7ff71dc8b9b7]
	msedgedriver!(No symbol) [0x7ff71dcd07e2]
	msedgedriver!(No symbol) [0x7ff71dc8b1fc]
	msedgedriver!(No symbol) [0x7ff71dc8a456]
	msedgedriver!(No symbol) [0x7ff71dc8b023]
	msedgedriver!(No symbol) [0x7ff71dd58b69]
	msedgedriver!(No symbol) [0x7ff71dd55103]
	msedgedriver!(No symbol) [0x7ff71dd64d14]
	msedgedriver!GetHandleVerifier [0x7ff71df3c108+28898]
	msedgedriver!GetHandleVerifier [0x7ff71df448c6+31056]
	msedgedriver!GetHandleVerifier [0x7ff71df289c4+15154]
	msedgedriver!GetHandleVerifier [0x7ff71df28b09+15299]
	msedgedriver!GetHandleVerifier [0x7ff71df15d02+2492]
	KERNEL32!BaseThreadInitThunk [0x7ff83ba5e8d7+17]
	ntdll!RtlUserThreadStart [0x7ff83c00c53c+2c]
Traceback (most recent call last):
  File "C:\autoGeneratedApp\linkedInInformationCollection\scraper.py", line 95, in login
    self.close()
            ~~^^
  File "C:\autoGeneratedApp\linkedInInformationCollection\.venv\Lib\site-packages\selenium\webdriver\remote\webdriver.py", line 466, in get
    self.execute(Command.GET, {"url": url})
    ~~~~~~~~~~~~^^^^^^^^^^^^^^^^^^^^^^^^^^^
  File "C:\autoGeneratedApp\linkedInInformationCollection\.venv\Lib\site-packages\selenium\webdriver\remote\webdriver.py", line 446, in execute
    self.error_handler.check_response(response)
    ~~~~~~~~~~~~~~~~~~~~~~~~~~~~~~~~~^^^^^^^^^^
  File "C:\autoGeneratedApp\linkedInInformationCollection\.venv\Lib\site-packages\selenium\webdriver\remote\errorhandler.py", line 232, in check_response
    raise exception_class(message, screen, stacktrace)
selenium.common.exceptions.WebDriverException: Message: unknown error: net::ERR_CONNECTION_RESET
  (Session info: MicrosoftEdge=146.0.3856.84)
Stacktrace:
	msedgedriver!GetHandleVerifier [0x7ff71df21285+da15]
	msedgedriver!GetHandleVerifier [0x7ff71df212e4+da74]
	msedgedriver!GetHandleVerifier [0x7ff71e28f8dc+37c06c]
	msedgedriver!(No symbol) [0x7ff71dc49d7c]
	msedgedriver!(No symbol) [0x7ff71dc3f1ff]
	msedgedriver!(No symbol) [0x7ff71dc4082c]
	msedgedriver!(No symbol) [0x7ff71dc3f46f]
	msedgedriver!(No symbol) [0x7ff71dc3f070]
	msedgedriver!(No symbol) [0x7ff71dc3edd5]
	msedgedriver!(No symbol) [0x7ff71dc3cf02]
	msedgedriver!(No symbol) [0x7ff71dc3d552]
	msedgedriver!(No symbol) [0x7ff71dc4f978]
	msedgedriver!(No symbol) [0x7ff71dcd0dc4]
	msedgedriver!(No symbol) [0x7ff71dcb586a]
	msedgedriver!(No symbol) [0x7ff71dc8b9b7]
	msedgedriver!(No symbol) [0x7ff71dcd07e2]
	msedgedriver!(No symbol) [0x7ff71dc8b1fc]
	msedgedriver!(No symbol) [0x7ff71dc8a456]
	msedgedriver!(No symbol) [0x7ff71dc8b023]
	msedgedriver!(No symbol) [0x7ff71dd58b69]
	msedgedriver!(No symbol) [0x7ff71dd55103]
	msedgedriver!(No symbol) [0x7ff71dd64d14]
	msedgedriver!GetHandleVerifier [0x7ff71df3c108+28898]
	msedgedriver!GetHandleVerifier [0x7ff71df448c6+31056]
	msedgedriver!GetHandleVerifier [0x7ff71df289c4+15154]
	msedgedriver!GetHandleVerifier [0x7ff71df28b09+15299]
	msedgedriver!GetHandleVerifier [0x7ff71df15d02+2492]
	KERNEL32!BaseThreadInitThunk [0x7ff83ba5e8d7+17]
	ntdll!RtlUserThreadStart [0x7ff83c00c53c+2c]

2026-03-29 04:35:53,895 [ERROR] __main__ - 登录失败，本次检查跳过
2026-03-29 04:35:56,084 [INFO] scraper - 浏览器已关闭
2026-03-29 04:40:56,087 [INFO] __main__ - ▶ 开始检查新动态 …
2026-03-29 04:40:56,912 [INFO] scraper - Edge 浏览器已启动（无头模式: False）
2026-03-29 04:40:56,912 [INFO] scraper - 正在登录 LinkedIn …
2026-03-29 04:41:12,371 [ERROR] scraper - 登录超时，请检查网络或账号信息
2026-03-29 04:41:12,372 [ERROR] __main__ - 登录失败，本次检查跳过
2026-03-29 04:41:14,573 [INFO] scraper - 浏览器已关闭
2026-03-29 04:46:14,574 [INFO] __main__ - ▶ 开始检查新动态 …
2026-03-29 04:46:15,558 [INFO] scraper - Edge 浏览器已启动（无头模式: False）
2026-03-29 04:46:15,559 [INFO] scraper - 正在登录 LinkedIn …
2026-03-29 04:46:15,928 [ERROR] scraper - 登录过程发生意外错误: Message: unknown error: net::ERR_CONNECTION_RESET
  (Session info: MicrosoftEdge=146.0.3856.84)
Stacktrace:
	msedgedriver!GetHandleVerifier [0x7ff71df21285+da15]
	msedgedriver!GetHandleVerifier [0x7ff71df212e4+da74]
	msedgedriver!GetHandleVerifier [0x7ff71e28f8dc+37c06c]
	msedgedriver!(No symbol) [0x7ff71dc49d7c]
	msedgedriver!(No symbol) [0x7ff71dc3f1ff]
	msedgedriver!(No symbol) [0x7ff71dc4082c]
	msedgedriver!(No symbol) [0x7ff71dc3f46f]
	msedgedriver!(No symbol) [0x7ff71dc3f070]
	msedgedriver!(No symbol) [0x7ff71dc3edd5]
	msedgedriver!(No symbol) [0x7ff71dc3cf02]
	msedgedriver!(No symbol) [0x7ff71dc3d552]
	msedgedriver!(No symbol) [0x7ff71dc4f978]
	msedgedriver!(No symbol) [0x7ff71dcd0dc4]
	msedgedriver!(No symbol) [0x7ff71dcb586a]
	msedgedriver!(No symbol) [0x7ff71dc8b9b7]
	msedgedriver!(No symbol) [0x7ff71dcd07e2]
	msedgedriver!(No symbol) [0x7ff71dc8b1fc]
	msedgedriver!(No symbol) [0x7ff71dc8a456]
	msedgedriver!(No symbol) [0x7ff71dc8b023]
	msedgedriver!(No symbol) [0x7ff71dd58b69]
	msedgedriver!(No symbol) [0x7ff71dd55103]
	msedgedriver!(No symbol) [0x7ff71dd64d14]
	msedgedriver!GetHandleVerifier [0x7ff71df3c108+28898]
	msedgedriver!GetHandleVerifier [0x7ff71df448c6+31056]
	msedgedriver!GetHandleVerifier [0x7ff71df289c4+15154]
	msedgedriver!GetHandleVerifier [0x7ff71df28b09+15299]
	msedgedriver!GetHandleVerifier [0x7ff71df15d02+2492]
	KERNEL32!BaseThreadInitThunk [0x7ff83ba5e8d7+17]
	ntdll!RtlUserThreadStart [0x7ff83c00c53c+2c]
Traceback (most recent call last):
  File "C:\autoGeneratedApp\linkedInInformationCollection\scraper.py", line 95, in login
    self.close()
            ~~^^
  File "C:\autoGeneratedApp\linkedInInformationCollection\.venv\Lib\site-packages\selenium\webdriver\remote\webdriver.py", line 466, in get
    self.execute(Command.GET, {"url": url})
    ~~~~~~~~~~~~^^^^^^^^^^^^^^^^^^^^^^^^^^^
  File "C:\autoGeneratedApp\linkedInInformationCollection\.venv\Lib\site-packages\selenium\webdriver\remote\webdriver.py", line 446, in execute
    self.error_handler.check_response(response)
    ~~~~~~~~~~~~~~~~~~~~~~~~~~~~~~~~~^^^^^^^^^^
  File "C:\autoGeneratedApp\linkedInInformationCollection\.venv\Lib\site-packages\selenium\webdriver\remote\errorhandler.py", line 232, in check_response
    raise exception_class(message, screen, stacktrace)
selenium.common.exceptions.WebDriverException: Message: unknown error: net::ERR_CONNECTION_RESET
  (Session info: MicrosoftEdge=146.0.3856.84)
Stacktrace:
	msedgedriver!GetHandleVerifier [0x7ff71df21285+da15]
	msedgedriver!GetHandleVerifier [0x7ff71df212e4+da74]
	msedgedriver!GetHandleVerifier [0x7ff71e28f8dc+37c06c]
	msedgedriver!(No symbol) [0x7ff71dc49d7c]
	msedgedriver!(No symbol) [0x7ff71dc3f1ff]
	msedgedriver!(No symbol) [0x7ff71dc4082c]
	msedgedriver!(No symbol) [0x7ff71dc3f46f]
	msedgedriver!(No symbol) [0x7ff71dc3f070]
	msedgedriver!(No symbol) [0x7ff71dc3edd5]
	msedgedriver!(No symbol) [0x7ff71dc3cf02]
	msedgedriver!(No symbol) [0x7ff71dc3d552]
	msedgedriver!(No symbol) [0x7ff71dc4f978]
	msedgedriver!(No symbol) [0x7ff71dcd0dc4]
	msedgedriver!(No symbol) [0x7ff71dcb586a]
	msedgedriver!(No symbol) [0x7ff71dc8b9b7]
	msedgedriver!(No symbol) [0x7ff71dcd07e2]
	msedgedriver!(No symbol) [0x7ff71dc8b1fc]
	msedgedriver!(No symbol) [0x7ff71dc8a456]
	msedgedriver!(No symbol) [0x7ff71dc8b023]
	msedgedriver!(No symbol) [0x7ff71dd58b69]
	msedgedriver!(No symbol) [0x7ff71dd55103]
	msedgedriver!(No symbol) [0x7ff71dd64d14]
	msedgedriver!GetHandleVerifier [0x7ff71df3c108+28898]
	msedgedriver!GetHandleVerifier [0x7ff71df448c6+31056]
	msedgedriver!GetHandleVerifier [0x7ff71df289c4+15154]
	msedgedriver!GetHandleVerifier [0x7ff71df28b09+15299]
	msedgedriver!GetHandleVerifier [0x7ff71df15d02+2492]
	KERNEL32!BaseThreadInitThunk [0x7ff83ba5e8d7+17]
	ntdll!RtlUserThreadStart [0x7ff83c00c53c+2c]

2026-03-29 04:46:15,930 [ERROR] __main__ - 登录失败，本次检查跳过
2026-03-29 04:46:18,141 [INFO] scraper - 浏览器已关闭
2026-03-29 04:51:18,142 [INFO] __main__ - ▶ 开始检查新动态 …
2026-03-29 04:51:19,029 [INFO] scraper - Edge 浏览器已启动（无头模式: False）
2026-03-29 04:51:19,030 [INFO] scraper - 正在登录 LinkedIn …
2026-03-29 04:51:34,511 [ERROR] scraper - 登录超时，请检查网络或账号信息
2026-03-29 04:51:34,511 [ERROR] __main__ - 登录失败，本次检查跳过
2026-03-29 04:51:36,741 [INFO] scraper - 浏览器已关闭
2026-03-29 04:56:36,743 [INFO] __main__ - ▶ 开始检查新动态 …
2026-03-29 04:56:37,638 [INFO] scraper - Edge 浏览器已启动（无头模式: False）
2026-03-29 04:56:37,638 [INFO] scraper - 正在登录 LinkedIn …
2026-03-29 04:56:38,004 [ERROR] scraper - 登录过程发生意外错误: Message: unknown error: net::ERR_CONNECTION_RESET
  (Session info: MicrosoftEdge=146.0.3856.84)
Stacktrace:
	msedgedriver!GetHandleVerifier [0x7ff71df21285+da15]
	msedgedriver!GetHandleVerifier [0x7ff71df212e4+da74]
	msedgedriver!GetHandleVerifier [0x7ff71e28f8dc+37c06c]
	msedgedriver!(No symbol) [0x7ff71dc49d7c]
	msedgedriver!(No symbol) [0x7ff71dc3f1ff]
	msedgedriver!(No symbol) [0x7ff71dc4082c]
	msedgedriver!(No symbol) [0x7ff71dc3f46f]
	msedgedriver!(No symbol) [0x7ff71dc3f070]
	msedgedriver!(No symbol) [0x7ff71dc3edd5]
	msedgedriver!(No symbol) [0x7ff71dc3cf02]
	msedgedriver!(No symbol) [0x7ff71dc3d552]
	msedgedriver!(No symbol) [0x7ff71dc4f978]
	msedgedriver!(No symbol) [0x7ff71dcd0dc4]
	msedgedriver!(No symbol) [0x7ff71dcb586a]
	msedgedriver!(No symbol) [0x7ff71dc8b9b7]
	msedgedriver!(No symbol) [0x7ff71dcd07e2]
	msedgedriver!(No symbol) [0x7ff71dc8b1fc]
	msedgedriver!(No symbol) [0x7ff71dc8a456]
	msedgedriver!(No symbol) [0x7ff71dc8b023]
	msedgedriver!(No symbol) [0x7ff71dd58b69]
	msedgedriver!(No symbol) [0x7ff71dd55103]
	msedgedriver!(No symbol) [0x7ff71dd64d14]
	msedgedriver!GetHandleVerifier [0x7ff71df3c108+28898]
	msedgedriver!GetHandleVerifier [0x7ff71df448c6+31056]
	msedgedriver!GetHandleVerifier [0x7ff71df289c4+15154]
	msedgedriver!GetHandleVerifier [0x7ff71df28b09+15299]
	msedgedriver!GetHandleVerifier [0x7ff71df15d02+2492]
	KERNEL32!BaseThreadInitThunk [0x7ff83ba5e8d7+17]
	ntdll!RtlUserThreadStart [0x7ff83c00c53c+2c]
Traceback (most recent call last):
  File "C:\autoGeneratedApp\linkedInInformationCollection\scraper.py", line 95, in login
    self.close()
            ~~^^
  File "C:\autoGeneratedApp\linkedInInformationCollection\.venv\Lib\site-packages\selenium\webdriver\remote\webdriver.py", line 466, in get
    self.execute(Command.GET, {"url": url})
    ~~~~~~~~~~~~^^^^^^^^^^^^^^^^^^^^^^^^^^^
  File "C:\autoGeneratedApp\linkedInInformationCollection\.venv\Lib\site-packages\selenium\webdriver\remote\webdriver.py", line 446, in execute
    self.error_handler.check_response(response)
    ~~~~~~~~~~~~~~~~~~~~~~~~~~~~~~~~~^^^^^^^^^^
  File "C:\autoGeneratedApp\linkedInInformationCollection\.venv\Lib\site-packages\selenium\webdriver\remote\errorhandler.py", line 232, in check_response
    raise exception_class(message, screen, stacktrace)
selenium.common.exceptions.WebDriverException: Message: unknown error: net::ERR_CONNECTION_RESET
  (Session info: MicrosoftEdge=146.0.3856.84)
Stacktrace:
	msedgedriver!GetHandleVerifier [0x7ff71df21285+da15]
	msedgedriver!GetHandleVerifier [0x7ff71df212e4+da74]
	msedgedriver!GetHandleVerifier [0x7ff71e28f8dc+37c06c]
	msedgedriver!(No symbol) [0x7ff71dc49d7c]
	msedgedriver!(No symbol) [0x7ff71dc3f1ff]
	msedgedriver!(No symbol) [0x7ff71dc4082c]
	msedgedriver!(No symbol) [0x7ff71dc3f46f]
	msedgedriver!(No symbol) [0x7ff71dc3f070]
	msedgedriver!(No symbol) [0x7ff71dc3edd5]
	msedgedriver!(No symbol) [0x7ff71dc3cf02]
	msedgedriver!(No symbol) [0x7ff71dc3d552]
	msedgedriver!(No symbol) [0x7ff71dc4f978]
	msedgedriver!(No symbol) [0x7ff71dcd0dc4]
	msedgedriver!(No symbol) [0x7ff71dcb586a]
	msedgedriver!(No symbol) [0x7ff71dc8b9b7]
	msedgedriver!(No symbol) [0x7ff71dcd07e2]
	msedgedriver!(No symbol) [0x7ff71dc8b1fc]
	msedgedriver!(No symbol) [0x7ff71dc8a456]
	msedgedriver!(No symbol) [0x7ff71dc8b023]
	msedgedriver!(No symbol) [0x7ff71dd58b69]
	msedgedriver!(No symbol) [0x7ff71dd55103]
	msedgedriver!(No symbol) [0x7ff71dd64d14]
	msedgedriver!GetHandleVerifier [0x7ff71df3c108+28898]
	msedgedriver!GetHandleVerifier [0x7ff71df448c6+31056]
	msedgedriver!GetHandleVerifier [0x7ff71df289c4+15154]
	msedgedriver!GetHandleVerifier [0x7ff71df28b09+15299]
	msedgedriver!GetHandleVerifier [0x7ff71df15d02+2492]
	KERNEL32!BaseThreadInitThunk [0x7ff83ba5e8d7+17]
	ntdll!RtlUserThreadStart [0x7ff83c00c53c+2c]

2026-03-29 04:56:38,006 [ERROR] __main__ - 登录失败，本次检查跳过
2026-03-29 04:56:40,216 [INFO] scraper - 浏览器已关闭
2026-03-29 05:01:40,218 [INFO] __main__ - ▶ 开始检查新动态 …
2026-03-29 05:01:41,070 [INFO] scraper - Edge 浏览器已启动（无头模式: False）
2026-03-29 05:01:41,071 [INFO] scraper - 正在登录 LinkedIn …
2026-03-29 05:01:41,424 [ERROR] scraper - 登录过程发生意外错误: Message: unknown error: net::ERR_CONNECTION_RESET
  (Session info: MicrosoftEdge=146.0.3856.84)
Stacktrace:
	msedgedriver!GetHandleVerifier [0x7ff71df21285+da15]
	msedgedriver!GetHandleVerifier [0x7ff71df212e4+da74]
	msedgedriver!GetHandleVerifier [0x7ff71e28f8dc+37c06c]
	msedgedriver!(No symbol) [0x7ff71dc49d7c]
	msedgedriver!(No symbol) [0x7ff71dc3f1ff]
	msedgedriver!(No symbol) [0x7ff71dc4082c]
	msedgedriver!(No symbol) [0x7ff71dc3f46f]
	msedgedriver!(No symbol) [0x7ff71dc3f070]
	msedgedriver!(No symbol) [0x7ff71dc3edd5]
	msedgedriver!(No symbol) [0x7ff71dc3cf02]
	msedgedriver!(No symbol) [0x7ff71dc3d552]
	msedgedriver!(No symbol) [0x7ff71dc4f978]
	msedgedriver!(No symbol) [0x7ff71dcd0dc4]
	msedgedriver!(No symbol) [0x7ff71dcb586a]
	msedgedriver!(No symbol) [0x7ff71dc8b9b7]
	msedgedriver!(No symbol) [0x7ff71dcd07e2]
	msedgedriver!(No symbol) [0x7ff71dc8b1fc]
	msedgedriver!(No symbol) [0x7ff71dc8a456]
	msedgedriver!(No symbol) [0x7ff71dc8b023]
	msedgedriver!(No symbol) [0x7ff71dd58b69]
	msedgedriver!(No symbol) [0x7ff71dd55103]
	msedgedriver!(No symbol) [0x7ff71dd64d14]
	msedgedriver!GetHandleVerifier [0x7ff71df3c108+28898]
	msedgedriver!GetHandleVerifier [0x7ff71df448c6+31056]
	msedgedriver!GetHandleVerifier [0x7ff71df289c4+15154]
	msedgedriver!GetHandleVerifier [0x7ff71df28b09+15299]
	msedgedriver!GetHandleVerifier [0x7ff71df15d02+2492]
	KERNEL32!BaseThreadInitThunk [0x7ff83ba5e8d7+17]
	ntdll!RtlUserThreadStart [0x7ff83c00c53c+2c]
Traceback (most recent call last):
  File "C:\autoGeneratedApp\linkedInInformationCollection\scraper.py", line 95, in login
    self.close()
            ~~^^
  File "C:\autoGeneratedApp\linkedInInformationCollection\.venv\Lib\site-packages\selenium\webdriver\remote\webdriver.py", line 466, in get
    self.execute(Command.GET, {"url": url})
    ~~~~~~~~~~~~^^^^^^^^^^^^^^^^^^^^^^^^^^^
  File "C:\autoGeneratedApp\linkedInInformationCollection\.venv\Lib\site-packages\selenium\webdriver\remote\webdriver.py", line 446, in execute
    self.error_handler.check_response(response)
    ~~~~~~~~~~~~~~~~~~~~~~~~~~~~~~~~~^^^^^^^^^^
  File "C:\autoGeneratedApp\linkedInInformationCollection\.venv\Lib\site-packages\selenium\webdriver\remote\errorhandler.py", line 232, in check_response
    raise exception_class(message, screen, stacktrace)
selenium.common.exceptions.WebDriverException: Message: unknown error: net::ERR_CONNECTION_RESET
  (Session info: MicrosoftEdge=146.0.3856.84)
Stacktrace:
	msedgedriver!GetHandleVerifier [0x7ff71df21285+da15]
	msedgedriver!GetHandleVerifier [0x7ff71df212e4+da74]
	msedgedriver!GetHandleVerifier [0x7ff71e28f8dc+37c06c]
	msedgedriver!(No symbol) [0x7ff71dc49d7c]
	msedgedriver!(No symbol) [0x7ff71dc3f1ff]
	msedgedriver!(No symbol) [0x7ff71dc4082c]
	msedgedriver!(No symbol) [0x7ff71dc3f46f]
	msedgedriver!(No symbol) [0x7ff71dc3f070]
	msedgedriver!(No symbol) [0x7ff71dc3edd5]
	msedgedriver!(No symbol) [0x7ff71dc3cf02]
	msedgedriver!(No symbol) [0x7ff71dc3d552]
	msedgedriver!(No symbol) [0x7ff71dc4f978]
	msedgedriver!(No symbol) [0x7ff71dcd0dc4]
	msedgedriver!(No symbol) [0x7ff71dcb586a]
	msedgedriver!(No symbol) [0x7ff71dc8b9b7]
	msedgedriver!(No symbol) [0x7ff71dcd07e2]
	msedgedriver!(No symbol) [0x7ff71dc8b1fc]
	msedgedriver!(No symbol) [0x7ff71dc8a456]
	msedgedriver!(No symbol) [0x7ff71dc8b023]
	msedgedriver!(No symbol) [0x7ff71dd58b69]
	msedgedriver!(No symbol) [0x7ff71dd55103]
	msedgedriver!(No symbol) [0x7ff71dd64d14]
	msedgedriver!GetHandleVerifier [0x7ff71df3c108+28898]
	msedgedriver!GetHandleVerifier [0x7ff71df448c6+31056]
	msedgedriver!GetHandleVerifier [0x7ff71df289c4+15154]
	msedgedriver!GetHandleVerifier [0x7ff71df28b09+15299]
	msedgedriver!GetHandleVerifier [0x7ff71df15d02+2492]
	KERNEL32!BaseThreadInitThunk [0x7ff83ba5e8d7+17]
	ntdll!RtlUserThreadStart [0x7ff83c00c53c+2c]

2026-03-29 05:01:41,426 [ERROR] __main__ - 登录失败，本次检查跳过
2026-03-29 05:01:43,625 [INFO] scraper - 浏览器已关闭
2026-03-29 05:06:43,628 [INFO] __main__ - ▶ 开始检查新动态 …
2026-03-29 05:06:44,487 [INFO] scraper - Edge 浏览器已启动（无头模式: False）
2026-03-29 05:06:44,487 [INFO] scraper - 正在登录 LinkedIn …
2026-03-29 05:06:44,826 [ERROR] scraper - 登录过程发生意外错误: Message: unknown error: net::ERR_CONNECTION_RESET
  (Session info: MicrosoftEdge=146.0.3856.84)
Stacktrace:
	msedgedriver!GetHandleVerifier [0x7ff71df21285+da15]
	msedgedriver!GetHandleVerifier [0x7ff71df212e4+da74]
	msedgedriver!GetHandleVerifier [0x7ff71e28f8dc+37c06c]
	msedgedriver!(No symbol) [0x7ff71dc49d7c]
	msedgedriver!(No symbol) [0x7ff71dc3f1ff]
	msedgedriver!(No symbol) [0x7ff71dc4082c]
	msedgedriver!(No symbol) [0x7ff71dc3f46f]
	msedgedriver!(No symbol) [0x7ff71dc3f070]
	msedgedriver!(No symbol) [0x7ff71dc3edd5]
	msedgedriver!(No symbol) [0x7ff71dc3cf02]
	msedgedriver!(No symbol) [0x7ff71dc3d552]
	msedgedriver!(No symbol) [0x7ff71dc4f978]
	msedgedriver!(No symbol) [0x7ff71dcd0dc4]
	msedgedriver!(No symbol) [0x7ff71dcb586a]
	msedgedriver!(No symbol) [0x7ff71dc8b9b7]
	msedgedriver!(No symbol) [0x7ff71dcd07e2]
	msedgedriver!(No symbol) [0x7ff71dc8b1fc]
	msedgedriver!(No symbol) [0x7ff71dc8a456]
	msedgedriver!(No symbol) [0x7ff71dc8b023]
	msedgedriver!(No symbol) [0x7ff71dd58b69]
	msedgedriver!(No symbol) [0x7ff71dd55103]
	msedgedriver!(No symbol) [0x7ff71dd64d14]
	msedgedriver!GetHandleVerifier [0x7ff71df3c108+28898]
	msedgedriver!GetHandleVerifier [0x7ff71df448c6+31056]
	msedgedriver!GetHandleVerifier [0x7ff71df289c4+15154]
	msedgedriver!GetHandleVerifier [0x7ff71df28b09+15299]
	msedgedriver!GetHandleVerifier [0x7ff71df15d02+2492]
	KERNEL32!BaseThreadInitThunk [0x7ff83ba5e8d7+17]
	ntdll!RtlUserThreadStart [0x7ff83c00c53c+2c]
Traceback (most recent call last):
  File "C:\autoGeneratedApp\linkedInInformationCollection\scraper.py", line 95, in login
    self.close()
            ~~^^
  File "C:\autoGeneratedApp\linkedInInformationCollection\.venv\Lib\site-packages\selenium\webdriver\remote\webdriver.py", line 466, in get
    self.execute(Command.GET, {"url": url})
    ~~~~~~~~~~~~^^^^^^^^^^^^^^^^^^^^^^^^^^^
  File "C:\autoGeneratedApp\linkedInInformationCollection\.venv\Lib\site-packages\selenium\webdriver\remote\webdriver.py", line 446, in execute
    self.error_handler.check_response(response)
    ~~~~~~~~~~~~~~~~~~~~~~~~~~~~~~~~~^^^^^^^^^^
  File "C:\autoGeneratedApp\linkedInInformationCollection\.venv\Lib\site-packages\selenium\webdriver\remote\errorhandler.py", line 232, in check_response
    raise exception_class(message, screen, stacktrace)
selenium.common.exceptions.WebDriverException: Message: unknown error: net::ERR_CONNECTION_RESET
  (Session info: MicrosoftEdge=146.0.3856.84)
Stacktrace:
	msedgedriver!GetHandleVerifier [0x7ff71df21285+da15]
	msedgedriver!GetHandleVerifier [0x7ff71df212e4+da74]
	msedgedriver!GetHandleVerifier [0x7ff71e28f8dc+37c06c]
	msedgedriver!(No symbol) [0x7ff71dc49d7c]
	msedgedriver!(No symbol) [0x7ff71dc3f1ff]
	msedgedriver!(No symbol) [0x7ff71dc4082c]
	msedgedriver!(No symbol) [0x7ff71dc3f46f]
	msedgedriver!(No symbol) [0x7ff71dc3f070]
	msedgedriver!(No symbol) [0x7ff71dc3edd5]
	msedgedriver!(No symbol) [0x7ff71dc3cf02]
	msedgedriver!(No symbol) [0x7ff71dc3d552]
	msedgedriver!(No symbol) [0x7ff71dc4f978]
	msedgedriver!(No symbol) [0x7ff71dcd0dc4]
	msedgedriver!(No symbol) [0x7ff71dcb586a]
	msedgedriver!(No symbol) [0x7ff71dc8b9b7]
	msedgedriver!(No symbol) [0x7ff71dcd07e2]
	msedgedriver!(No symbol) [0x7ff71dc8b1fc]
	msedgedriver!(No symbol) [0x7ff71dc8a456]
	msedgedriver!(No symbol) [0x7ff71dc8b023]
	msedgedriver!(No symbol) [0x7ff71dd58b69]
	msedgedriver!(No symbol) [0x7ff71dd55103]
	msedgedriver!(No symbol) [0x7ff71dd64d14]
	msedgedriver!GetHandleVerifier [0x7ff71df3c108+28898]
	msedgedriver!GetHandleVerifier [0x7ff71df448c6+31056]
	msedgedriver!GetHandleVerifier [0x7ff71df289c4+15154]
	msedgedriver!GetHandleVerifier [0x7ff71df28b09+15299]
	msedgedriver!GetHandleVerifier [0x7ff71df15d02+2492]
	KERNEL32!BaseThreadInitThunk [0x7ff83ba5e8d7+17]
	ntdll!RtlUserThreadStart [0x7ff83c00c53c+2c]

2026-03-29 05:06:44,829 [ERROR] __main__ - 登录失败，本次检查跳过
2026-03-29 05:06:47,031 [INFO] scraper - 浏览器已关闭
2026-03-29 05:11:47,034 [INFO] __main__ - ▶ 开始检查新动态 …
2026-03-29 05:11:48,173 [INFO] scraper - Edge 浏览器已启动（无头模式: False）
2026-03-29 05:11:48,175 [INFO] scraper - 正在登录 LinkedIn …
2026-03-29 05:11:48,723 [ERROR] scraper - 登录过程发生意外错误: Message: unknown error: net::ERR_CONNECTION_RESET
  (Session info: MicrosoftEdge=146.0.3856.84)
Stacktrace:
	msedgedriver!GetHandleVerifier [0x7ff71df21285+da15]
	msedgedriver!GetHandleVerifier [0x7ff71df212e4+da74]
	msedgedriver!GetHandleVerifier [0x7ff71e28f8dc+37c06c]
	msedgedriver!(No symbol) [0x7ff71dc49d7c]
	msedgedriver!(No symbol) [0x7ff71dc3f1ff]
	msedgedriver!(No symbol) [0x7ff71dc4082c]
	msedgedriver!(No symbol) [0x7ff71dc3f46f]
	msedgedriver!(No symbol) [0x7ff71dc3f070]
	msedgedriver!(No symbol) [0x7ff71dc3edd5]
	msedgedriver!(No symbol) [0x7ff71dc3cf02]
	msedgedriver!(No symbol) [0x7ff71dc3d552]
	msedgedriver!(No symbol) [0x7ff71dc4f978]
	msedgedriver!(No symbol) [0x7ff71dcd0dc4]
	msedgedriver!(No symbol) [0x7ff71dcb586a]
	msedgedriver!(No symbol) [0x7ff71dc8b9b7]
	msedgedriver!(No symbol) [0x7ff71dcd07e2]
	msedgedriver!(No symbol) [0x7ff71dc8b1fc]
	msedgedriver!(No symbol) [0x7ff71dc8a456]
	msedgedriver!(No symbol) [0x7ff71dc8b023]
	msedgedriver!(No symbol) [0x7ff71dd58b69]
	msedgedriver!(No symbol) [0x7ff71dd55103]
	msedgedriver!(No symbol) [0x7ff71dd64d14]
	msedgedriver!GetHandleVerifier [0x7ff71df3c108+28898]
	msedgedriver!GetHandleVerifier [0x7ff71df448c6+31056]
	msedgedriver!GetHandleVerifier [0x7ff71df289c4+15154]
	msedgedriver!GetHandleVerifier [0x7ff71df28b09+15299]
	msedgedriver!GetHandleVerifier [0x7ff71df15d02+2492]
	KERNEL32!BaseThreadInitThunk [0x7ff83ba5e8d7+17]
	ntdll!RtlUserThreadStart [0x7ff83c00c53c+2c]
Traceback (most recent call last):
  File "C:\autoGeneratedApp\linkedInInformationCollection\scraper.py", line 95, in login
    self.close()
            ~~^^
  File "C:\autoGeneratedApp\linkedInInformationCollection\.venv\Lib\site-packages\selenium\webdriver\remote\webdriver.py", line 466, in get
    self.execute(Command.GET, {"url": url})
    ~~~~~~~~~~~~^^^^^^^^^^^^^^^^^^^^^^^^^^^
  File "C:\autoGeneratedApp\linkedInInformationCollection\.venv\Lib\site-packages\selenium\webdriver\remote\webdriver.py", line 446, in execute
    self.error_handler.check_response(response)
    ~~~~~~~~~~~~~~~~~~~~~~~~~~~~~~~~~^^^^^^^^^^
  File "C:\autoGeneratedApp\linkedInInformationCollection\.venv\Lib\site-packages\selenium\webdriver\remote\errorhandler.py", line 232, in check_response
    raise exception_class(message, screen, stacktrace)
selenium.common.exceptions.WebDriverException: Message: unknown error: net::ERR_CONNECTION_RESET
  (Session info: MicrosoftEdge=146.0.3856.84)
Stacktrace:
	msedgedriver!GetHandleVerifier [0x7ff71df21285+da15]
	msedgedriver!GetHandleVerifier [0x7ff71df212e4+da74]
	msedgedriver!GetHandleVerifier [0x7ff71e28f8dc+37c06c]
	msedgedriver!(No symbol) [0x7ff71dc49d7c]
	msedgedriver!(No symbol) [0x7ff71dc3f1ff]
	msedgedriver!(No symbol) [0x7ff71dc4082c]
	msedgedriver!(No symbol) [0x7ff71dc3f46f]
	msedgedriver!(No symbol) [0x7ff71dc3f070]
	msedgedriver!(No symbol) [0x7ff71dc3edd5]
	msedgedriver!(No symbol) [0x7ff71dc3cf02]
	msedgedriver!(No symbol) [0x7ff71dc3d552]
	msedgedriver!(No symbol) [0x7ff71dc4f978]
	msedgedriver!(No symbol) [0x7ff71dcd0dc4]
	msedgedriver!(No symbol) [0x7ff71dcb586a]
	msedgedriver!(No symbol) [0x7ff71dc8b9b7]
	msedgedriver!(No symbol) [0x7ff71dcd07e2]
	msedgedriver!(No symbol) [0x7ff71dc8b1fc]
	msedgedriver!(No symbol) [0x7ff71dc8a456]
	msedgedriver!(No symbol) [0x7ff71dc8b023]
	msedgedriver!(No symbol) [0x7ff71dd58b69]
	msedgedriver!(No symbol) [0x7ff71dd55103]
	msedgedriver!(No symbol) [0x7ff71dd64d14]
	msedgedriver!GetHandleVerifier [0x7ff71df3c108+28898]
	msedgedriver!GetHandleVerifier [0x7ff71df448c6+31056]
	msedgedriver!GetHandleVerifier [0x7ff71df289c4+15154]
	msedgedriver!GetHandleVerifier [0x7ff71df28b09+15299]
	msedgedriver!GetHandleVerifier [0x7ff71df15d02+2492]
	KERNEL32!BaseThreadInitThunk [0x7ff83ba5e8d7+17]
	ntdll!RtlUserThreadStart [0x7ff83c00c53c+2c]

2026-03-29 05:11:48,727 [ERROR] __main__ - 登录失败，本次检查跳过
2026-03-29 05:11:51,052 [INFO] scraper - 浏览器已关闭
2026-03-29 05:16:51,055 [INFO] __main__ - ▶ 开始检查新动态 …
2026-03-29 05:16:52,341 [INFO] scraper - Edge 浏览器已启动（无头模式: False）
2026-03-29 05:16:52,341 [INFO] scraper - 正在登录 LinkedIn …
2026-03-29 05:17:07,965 [ERROR] scraper - 登录超时，请检查网络或账号信息
2026-03-29 05:17:07,966 [ERROR] __main__ - 登录失败，本次检查跳过
2026-03-29 05:17:10,243 [INFO] scraper - 浏览器已关闭
2026-03-29 05:22:10,244 [INFO] __main__ - ▶ 开始检查新动态 …
2026-03-29 05:22:11,079 [INFO] scraper - Edge 浏览器已启动（无头模式: False）
2026-03-29 05:22:11,079 [INFO] scraper - 正在登录 LinkedIn …
2026-03-29 05:22:26,711 [ERROR] scraper - 登录超时，请检查网络或账号信息
2026-03-29 05:22:26,711 [ERROR] __main__ - 登录失败，本次检查跳过
2026-03-29 05:22:29,048 [INFO] scraper - 浏览器已关闭
2026-03-29 05:27:29,051 [INFO] __main__ - ▶ 开始检查新动态 …
2026-03-29 05:27:29,942 [INFO] scraper - Edge 浏览器已启动（无头模式: False）
2026-03-29 05:27:29,943 [INFO] scraper - 正在登录 LinkedIn …
2026-03-29 05:27:30,302 [ERROR] scraper - 登录过程发生意外错误: Message: unknown error: net::ERR_CONNECTION_RESET
  (Session info: MicrosoftEdge=146.0.3856.84)
Stacktrace:
	msedgedriver!GetHandleVerifier [0x7ff71df21285+da15]
	msedgedriver!GetHandleVerifier [0x7ff71df212e4+da74]
	msedgedriver!GetHandleVerifier [0x7ff71e28f8dc+37c06c]
	msedgedriver!(No symbol) [0x7ff71dc49d7c]
	msedgedriver!(No symbol) [0x7ff71dc3f1ff]
	msedgedriver!(No symbol) [0x7ff71dc4082c]
	msedgedriver!(No symbol) [0x7ff71dc3f46f]
	msedgedriver!(No symbol) [0x7ff71dc3f070]
	msedgedriver!(No symbol) [0x7ff71dc3edd5]
	msedgedriver!(No symbol) [0x7ff71dc3cf02]
	msedgedriver!(No symbol) [0x7ff71dc3d552]
	msedgedriver!(No symbol) [0x7ff71dc4f978]
	msedgedriver!(No symbol) [0x7ff71dcd0dc4]
	msedgedriver!(No symbol) [0x7ff71dcb586a]
	msedgedriver!(No symbol) [0x7ff71dc8b9b7]
	msedgedriver!(No symbol) [0x7ff71dcd07e2]
	msedgedriver!(No symbol) [0x7ff71dc8b1fc]
	msedgedriver!(No symbol) [0x7ff71dc8a456]
	msedgedriver!(No symbol) [0x7ff71dc8b023]
	msedgedriver!(No symbol) [0x7ff71dd58b69]
	msedgedriver!(No symbol) [0x7ff71dd55103]
	msedgedriver!(No symbol) [0x7ff71dd64d14]
	msedgedriver!GetHandleVerifier [0x7ff71df3c108+28898]
	msedgedriver!GetHandleVerifier [0x7ff71df448c6+31056]
	msedgedriver!GetHandleVerifier [0x7ff71df289c4+15154]
	msedgedriver!GetHandleVerifier [0x7ff71df28b09+15299]
	msedgedriver!GetHandleVerifier [0x7ff71df15d02+2492]
	KERNEL32!BaseThreadInitThunk [0x7ff83ba5e8d7+17]
	ntdll!RtlUserThreadStart [0x7ff83c00c53c+2c]
Traceback (most recent call last):
  File "C:\autoGeneratedApp\linkedInInformationCollection\scraper.py", line 95, in login
    self.close()
            ~~^^
  File "C:\autoGeneratedApp\linkedInInformationCollection\.venv\Lib\site-packages\selenium\webdriver\remote\webdriver.py", line 466, in get
    self.execute(Command.GET, {"url": url})
    ~~~~~~~~~~~~^^^^^^^^^^^^^^^^^^^^^^^^^^^
  File "C:\autoGeneratedApp\linkedInInformationCollection\.venv\Lib\site-packages\selenium\webdriver\remote\webdriver.py", line 446, in execute
    self.error_handler.check_response(response)
    ~~~~~~~~~~~~~~~~~~~~~~~~~~~~~~~~~^^^^^^^^^^
  File "C:\autoGeneratedApp\linkedInInformationCollection\.venv\Lib\site-packages\selenium\webdriver\remote\errorhandler.py", line 232, in check_response
    raise exception_class(message, screen, stacktrace)
selenium.common.exceptions.WebDriverException: Message: unknown error: net::ERR_CONNECTION_RESET
  (Session info: MicrosoftEdge=146.0.3856.84)
Stacktrace:
	msedgedriver!GetHandleVerifier [0x7ff71df21285+da15]
	msedgedriver!GetHandleVerifier [0x7ff71df212e4+da74]
	msedgedriver!GetHandleVerifier [0x7ff71e28f8dc+37c06c]
	msedgedriver!(No symbol) [0x7ff71dc49d7c]
	msedgedriver!(No symbol) [0x7ff71dc3f1ff]
	msedgedriver!(No symbol) [0x7ff71dc4082c]
	msedgedriver!(No symbol) [0x7ff71dc3f46f]
	msedgedriver!(No symbol) [0x7ff71dc3f070]
	msedgedriver!(No symbol) [0x7ff71dc3edd5]
	msedgedriver!(No symbol) [0x7ff71dc3cf02]
	msedgedriver!(No symbol) [0x7ff71dc3d552]
	msedgedriver!(No symbol) [0x7ff71dc4f978]
	msedgedriver!(No symbol) [0x7ff71dcd0dc4]
	msedgedriver!(No symbol) [0x7ff71dcb586a]
	msedgedriver!(No symbol) [0x7ff71dc8b9b7]
	msedgedriver!(No symbol) [0x7ff71dcd07e2]
	msedgedriver!(No symbol) [0x7ff71dc8b1fc]
	msedgedriver!(No symbol) [0x7ff71dc8a456]
	msedgedriver!(No symbol) [0x7ff71dc8b023]
	msedgedriver!(No symbol) [0x7ff71dd58b69]
	msedgedriver!(No symbol) [0x7ff71dd55103]
	msedgedriver!(No symbol) [0x7ff71dd64d14]
	msedgedriver!GetHandleVerifier [0x7ff71df3c108+28898]
	msedgedriver!GetHandleVerifier [0x7ff71df448c6+31056]
	msedgedriver!GetHandleVerifier [0x7ff71df289c4+15154]
	msedgedriver!GetHandleVerifier [0x7ff71df28b09+15299]
	msedgedriver!GetHandleVerifier [0x7ff71df15d02+2492]
	KERNEL32!BaseThreadInitThunk [0x7ff83ba5e8d7+17]
	ntdll!RtlUserThreadStart [0x7ff83c00c53c+2c]

2026-03-29 05:27:30,305 [ERROR] __main__ - 登录失败，本次检查跳过
2026-03-29 05:27:32,505 [INFO] scraper - 浏览器已关闭
2026-03-29 05:29:44,971 [INFO] __main__ - ▶ 开始检查新动态 …
2026-03-29 05:29:45,018 [INFO] scraper - 访问用户动态页: https://www.linkedin.com/in/jianshu-dong-1191b9129/recent-activity/all/
2026-03-29 05:29:57,292 [INFO] scraper - 共抓取到 5 条帖子
2026-03-29 05:29:57,292 [INFO] __main__ - ✔ 无新动态
2026-03-29 05:32:32,508 [INFO] __main__ - ▶ 开始检查新动态 …
2026-03-29 05:32:33,390 [INFO] scraper - Edge 浏览器已启动（无头模式: False）
2026-03-29 05:32:33,391 [INFO] scraper - 正在登录 LinkedIn …
2026-03-29 05:32:49,033 [ERROR] scraper - 登录超时，请检查网络或账号信息
2026-03-29 05:32:49,034 [ERROR] __main__ - 登录失败，本次检查跳过
2026-03-29 05:32:51,274 [INFO] scraper - 浏览器已关闭
2026-03-29 05:37:51,275 [INFO] __main__ - ▶ 开始检查新动态 …
2026-03-29 05:37:52,142 [INFO] scraper - Edge 浏览器已启动（无头模式: False）
2026-03-29 05:37:52,143 [INFO] scraper - 正在登录 LinkedIn …
2026-03-29 05:38:07,598 [ERROR] scraper - 登录超时，请检查网络或账号信息
2026-03-29 05:38:07,599 [ERROR] __main__ - 登录失败，本次检查跳过
2026-03-29 05:38:09,812 [INFO] scraper - 浏览器已关闭
2026-03-29 05:43:09,814 [INFO] __main__ - ▶ 开始检查新动态 …
2026-03-29 05:43:10,708 [INFO] scraper - Edge 浏览器已启动（无头模式: False）
2026-03-29 05:43:10,709 [INFO] scraper - 正在登录 LinkedIn …
2026-03-29 05:43:11,067 [ERROR] scraper - 登录过程发生意外错误: Message: unknown error: net::ERR_CONNECTION_RESET
  (Session info: MicrosoftEdge=146.0.3856.84)
Stacktrace:
	msedgedriver!GetHandleVerifier [0x7ff71df21285+da15]
	msedgedriver!GetHandleVerifier [0x7ff71df212e4+da74]
	msedgedriver!GetHandleVerifier [0x7ff71e28f8dc+37c06c]
	msedgedriver!(No symbol) [0x7ff71dc49d7c]
	msedgedriver!(No symbol) [0x7ff71dc3f1ff]
	msedgedriver!(No symbol) [0x7ff71dc4082c]
	msedgedriver!(No symbol) [0x7ff71dc3f46f]
	msedgedriver!(No symbol) [0x7ff71dc3f070]
	msedgedriver!(No symbol) [0x7ff71dc3edd5]
	msedgedriver!(No symbol) [0x7ff71dc3cf02]
	msedgedriver!(No symbol) [0x7ff71dc3d552]
	msedgedriver!(No symbol) [0x7ff71dc4f978]
	msedgedriver!(No symbol) [0x7ff71dcd0dc4]
	msedgedriver!(No symbol) [0x7ff71dcb586a]
	msedgedriver!(No symbol) [0x7ff71dc8b9b7]
	msedgedriver!(No symbol) [0x7ff71dcd07e2]
	msedgedriver!(No symbol) [0x7ff71dc8b1fc]
	msedgedriver!(No symbol) [0x7ff71dc8a456]
	msedgedriver!(No symbol) [0x7ff71dc8b023]
	msedgedriver!(No symbol) [0x7ff71dd58b69]
	msedgedriver!(No symbol) [0x7ff71dd55103]
	msedgedriver!(No symbol) [0x7ff71dd64d14]
	msedgedriver!GetHandleVerifier [0x7ff71df3c108+28898]
	msedgedriver!GetHandleVerifier [0x7ff71df448c6+31056]
	msedgedriver!GetHandleVerifier [0x7ff71df289c4+15154]
	msedgedriver!GetHandleVerifier [0x7ff71df28b09+15299]
	msedgedriver!GetHandleVerifier [0x7ff71df15d02+2492]
	KERNEL32!BaseThreadInitThunk [0x7ff83ba5e8d7+17]
	ntdll!RtlUserThreadStart [0x7ff83c00c53c+2c]
Traceback (most recent call last):
  File "C:\autoGeneratedApp\linkedInInformationCollection\scraper.py", line 95, in login
    self.close()
            ~~^^
  File "C:\autoGeneratedApp\linkedInInformationCollection\.venv\Lib\site-packages\selenium\webdriver\remote\webdriver.py", line 466, in get
    self.execute(Command.GET, {"url": url})
    ~~~~~~~~~~~~^^^^^^^^^^^^^^^^^^^^^^^^^^^
  File "C:\autoGeneratedApp\linkedInInformationCollection\.venv\Lib\site-packages\selenium\webdriver\remote\webdriver.py", line 446, in execute
    self.error_handler.check_response(response)
    ~~~~~~~~~~~~~~~~~~~~~~~~~~~~~~~~~^^^^^^^^^^
  File "C:\autoGeneratedApp\linkedInInformationCollection\.venv\Lib\site-packages\selenium\webdriver\remote\errorhandler.py", line 232, in check_response
    raise exception_class(message, screen, stacktrace)
selenium.common.exceptions.WebDriverException: Message: unknown error: net::ERR_CONNECTION_RESET
  (Session info: MicrosoftEdge=146.0.3856.84)
Stacktrace:
	msedgedriver!GetHandleVerifier [0x7ff71df21285+da15]
	msedgedriver!GetHandleVerifier [0x7ff71df212e4+da74]
	msedgedriver!GetHandleVerifier [0x7ff71e28f8dc+37c06c]
	msedgedriver!(No symbol) [0x7ff71dc49d7c]
	msedgedriver!(No symbol) [0x7ff71dc3f1ff]
	msedgedriver!(No symbol) [0x7ff71dc4082c]
	msedgedriver!(No symbol) [0x7ff71dc3f46f]
	msedgedriver!(No symbol) [0x7ff71dc3f070]
	msedgedriver!(No symbol) [0x7ff71dc3edd5]
	msedgedriver!(No symbol) [0x7ff71dc3cf02]
	msedgedriver!(No symbol) [0x7ff71dc3d552]
	msedgedriver!(No symbol) [0x7ff71dc4f978]
	msedgedriver!(No symbol) [0x7ff71dcd0dc4]
	msedgedriver!(No symbol) [0x7ff71dcb586a]
	msedgedriver!(No symbol) [0x7ff71dc8b9b7]
	msedgedriver!(No symbol) [0x7ff71dcd07e2]
	msedgedriver!(No symbol) [0x7ff71dc8b1fc]
	msedgedriver!(No symbol) [0x7ff71dc8a456]
	msedgedriver!(No symbol) [0x7ff71dc8b023]
	msedgedriver!(No symbol) [0x7ff71dd58b69]
	msedgedriver!(No symbol) [0x7ff71dd55103]
	msedgedriver!(No symbol) [0x7ff71dd64d14]
	msedgedriver!GetHandleVerifier [0x7ff71df3c108+28898]
	msedgedriver!GetHandleVerifier [0x7ff71df448c6+31056]
	msedgedriver!GetHandleVerifier [0x7ff71df289c4+15154]
	msedgedriver!GetHandleVerifier [0x7ff71df28b09+15299]
	msedgedriver!GetHandleVerifier [0x7ff71df15d02+2492]
	KERNEL32!BaseThreadInitThunk [0x7ff83ba5e8d7+17]
	ntdll!RtlUserThreadStart [0x7ff83c00c53c+2c]

2026-03-29 05:43:11,069 [ERROR] __main__ - 登录失败，本次检查跳过
2026-03-29 05:43:13,286 [INFO] scraper - 浏览器已关闭
2026-03-29 05:48:13,289 [INFO] __main__ - ▶ 开始检查新动态 …
2026-03-29 05:48:14,149 [INFO] scraper - Edge 浏览器已启动（无头模式: False）
2026-03-29 05:48:14,149 [INFO] scraper - 正在登录 LinkedIn …
2026-03-29 05:48:29,651 [ERROR] scraper - 登录超时，请检查网络或账号信息
2026-03-29 05:48:29,651 [ERROR] __main__ - 登录失败，本次检查跳过
2026-03-29 05:48:31,889 [INFO] scraper - 浏览器已关闭
2026-03-29 05:53:31,891 [INFO] __main__ - ▶ 开始检查新动态 …
2026-03-29 05:53:32,765 [INFO] scraper - Edge 浏览器已启动（无头模式: False）
2026-03-29 05:53:32,765 [INFO] scraper - 正在登录 LinkedIn …
2026-03-29 05:53:48,339 [ERROR] scraper - 登录超时，请检查网络或账号信息
2026-03-29 05:53:48,339 [ERROR] __main__ - 登录失败，本次检查跳过
2026-03-29 05:53:50,552 [INFO] scraper - 浏览器已关闭
2026-03-29 05:58:50,553 [INFO] __main__ - ▶ 开始检查新动态 …
2026-03-29 05:58:51,408 [INFO] scraper - Edge 浏览器已启动（无头模式: False）
2026-03-29 05:58:51,409 [INFO] scraper - 正在登录 LinkedIn …
2026-03-29 05:59:07,040 [ERROR] scraper - 登录超时，请检查网络或账号信息
2026-03-29 05:59:07,040 [ERROR] __main__ - 登录失败，本次检查跳过
2026-03-29 05:59:09,273 [INFO] scraper - 浏览器已关闭
2026-03-29 06:04:09,274 [INFO] __main__ - ▶ 开始检查新动态 …
2026-03-29 06:04:10,120 [INFO] scraper - Edge 浏览器已启动（无头模式: False）
2026-03-29 06:04:10,120 [INFO] scraper - 正在登录 LinkedIn …
2026-03-29 06:04:25,674 [ERROR] scraper - 登录超时，请检查网络或账号信息
2026-03-29 06:04:25,674 [ERROR] __main__ - 登录失败，本次检查跳过
2026-03-29 06:04:27,916 [INFO] scraper - 浏览器已关闭
2026-03-29 06:09:27,918 [INFO] __main__ - ▶ 开始检查新动态 …
2026-03-29 06:09:28,897 [INFO] scraper - Edge 浏览器已启动（无头模式: False）
2026-03-29 06:09:28,897 [INFO] scraper - 正在登录 LinkedIn …
2026-03-29 06:09:44,524 [ERROR] scraper - 登录超时，请检查网络或账号信息
2026-03-29 06:09:44,524 [ERROR] __main__ - 登录失败，本次检查跳过
2026-03-29 06:09:46,716 [INFO] scraper - 浏览器已关闭
2026-03-29 06:14:46,718 [INFO] __main__ - ▶ 开始检查新动态 …
2026-03-29 06:14:47,653 [INFO] scraper - Edge 浏览器已启动（无头模式: False）
2026-03-29 06:14:47,653 [INFO] scraper - 正在登录 LinkedIn …
2026-03-29 06:15:03,351 [ERROR] scraper - 登录超时，请检查网络或账号信息
2026-03-29 06:15:03,351 [ERROR] __main__ - 登录失败，本次检查跳过
2026-03-29 06:15:05,619 [INFO] scraper - 浏览器已关闭
2026-03-29 06:20:05,620 [INFO] __main__ - ▶ 开始检查新动态 …
2026-03-29 06:20:06,932 [INFO] scraper - Edge 浏览器已启动（无头模式: False）
2026-03-29 06:20:06,933 [INFO] scraper - 正在登录 LinkedIn …
2026-03-29 06:20:07,292 [ERROR] scraper - 登录过程发生意外错误: Message: unknown error: net::ERR_CONNECTION_RESET
  (Session info: MicrosoftEdge=146.0.3856.84)
Stacktrace:
	msedgedriver!GetHandleVerifier [0x7ff71df21285+da15]
	msedgedriver!GetHandleVerifier [0x7ff71df212e4+da74]
	msedgedriver!GetHandleVerifier [0x7ff71e28f8dc+37c06c]
	msedgedriver!(No symbol) [0x7ff71dc49d7c]
	msedgedriver!(No symbol) [0x7ff71dc3f1ff]
	msedgedriver!(No symbol) [0x7ff71dc4082c]
	msedgedriver!(No symbol) [0x7ff71dc3f46f]
	msedgedriver!(No symbol) [0x7ff71dc3f070]
	msedgedriver!(No symbol) [0x7ff71dc3edd5]
	msedgedriver!(No symbol) [0x7ff71dc3cf02]
	msedgedriver!(No symbol) [0x7ff71dc3d552]
	msedgedriver!(No symbol) [0x7ff71dc4f978]
	msedgedriver!(No symbol) [0x7ff71dcd0dc4]
	msedgedriver!(No symbol) [0x7ff71dcb586a]
	msedgedriver!(No symbol) [0x7ff71dc8b9b7]
	msedgedriver!(No symbol) [0x7ff71dcd07e2]
	msedgedriver!(No symbol) [0x7ff71dc8b1fc]
	msedgedriver!(No symbol) [0x7ff71dc8a456]
	msedgedriver!(No symbol) [0x7ff71dc8b023]
	msedgedriver!(No symbol) [0x7ff71dd58b69]
	msedgedriver!(No symbol) [0x7ff71dd55103]
	msedgedriver!(No symbol) [0x7ff71dd64d14]
	msedgedriver!GetHandleVerifier [0x7ff71df3c108+28898]
	msedgedriver!GetHandleVerifier [0x7ff71df448c6+31056]
	msedgedriver!GetHandleVerifier [0x7ff71df289c4+15154]
	msedgedriver!GetHandleVerifier [0x7ff71df28b09+15299]
	msedgedriver!GetHandleVerifier [0x7ff71df15d02+2492]
	KERNEL32!BaseThreadInitThunk [0x7ff83ba5e8d7+17]
	ntdll!RtlUserThreadStart [0x7ff83c00c53c+2c]
Traceback (most recent call last):
  File "C:\autoGeneratedApp\linkedInInformationCollection\scraper.py", line 95, in login
    self.close()
            ~~^^
  File "C:\autoGeneratedApp\linkedInInformationCollection\.venv\Lib\site-packages\selenium\webdriver\remote\webdriver.py", line 466, in get
    self.execute(Command.GET, {"url": url})
    ~~~~~~~~~~~~^^^^^^^^^^^^^^^^^^^^^^^^^^^
  File "C:\autoGeneratedApp\linkedInInformationCollection\.venv\Lib\site-packages\selenium\webdriver\remote\webdriver.py", line 446, in execute
    self.error_handler.check_response(response)
    ~~~~~~~~~~~~~~~~~~~~~~~~~~~~~~~~~^^^^^^^^^^
  File "C:\autoGeneratedApp\linkedInInformationCollection\.venv\Lib\site-packages\selenium\webdriver\remote\errorhandler.py", line 232, in check_response
    raise exception_class(message, screen, stacktrace)
selenium.common.exceptions.WebDriverException: Message: unknown error: net::ERR_CONNECTION_RESET
  (Session info: MicrosoftEdge=146.0.3856.84)
Stacktrace:
	msedgedriver!GetHandleVerifier [0x7ff71df21285+da15]
	msedgedriver!GetHandleVerifier [0x7ff71df212e4+da74]
	msedgedriver!GetHandleVerifier [0x7ff71e28f8dc+37c06c]
	msedgedriver!(No symbol) [0x7ff71dc49d7c]
	msedgedriver!(No symbol) [0x7ff71dc3f1ff]
	msedgedriver!(No symbol) [0x7ff71dc4082c]
	msedgedriver!(No symbol) [0x7ff71dc3f46f]
	msedgedriver!(No symbol) [0x7ff71dc3f070]
	msedgedriver!(No symbol) [0x7ff71dc3edd5]
	msedgedriver!(No symbol) [0x7ff71dc3cf02]
	msedgedriver!(No symbol) [0x7ff71dc3d552]
	msedgedriver!(No symbol) [0x7ff71dc4f978]
	msedgedriver!(No symbol) [0x7ff71dcd0dc4]
	msedgedriver!(No symbol) [0x7ff71dcb586a]
	msedgedriver!(No symbol) [0x7ff71dc8b9b7]
	msedgedriver!(No symbol) [0x7ff71dcd07e2]
	msedgedriver!(No symbol) [0x7ff71dc8b1fc]
	msedgedriver!(No symbol) [0x7ff71dc8a456]
	msedgedriver!(No symbol) [0x7ff71dc8b023]
	msedgedriver!(No symbol) [0x7ff71dd58b69]
	msedgedriver!(No symbol) [0x7ff71dd55103]
	msedgedriver!(No symbol) [0x7ff71dd64d14]
	msedgedriver!GetHandleVerifier [0x7ff71df3c108+28898]
	msedgedriver!GetHandleVerifier [0x7ff71df448c6+31056]
	msedgedriver!GetHandleVerifier [0x7ff71df289c4+15154]
	msedgedriver!GetHandleVerifier [0x7ff71df28b09+15299]
	msedgedriver!GetHandleVerifier [0x7ff71df15d02+2492]
	KERNEL32!BaseThreadInitThunk [0x7ff83ba5e8d7+17]
	ntdll!RtlUserThreadStart [0x7ff83c00c53c+2c]

2026-03-29 06:20:07,294 [ERROR] __main__ - 登录失败，本次检查跳过
2026-03-29 06:20:09,470 [INFO] scraper - 浏览器已关闭
2026-03-29 06:25:09,471 [INFO] __main__ - ▶ 开始检查新动态 …
2026-03-29 06:25:10,329 [INFO] scraper - Edge 浏览器已启动（无头模式: False）
2026-03-29 06:25:10,329 [INFO] scraper - 正在登录 LinkedIn …
2026-03-29 06:25:10,725 [ERROR] scraper - 登录过程发生意外错误: Message: unknown error: net::ERR_CONNECTION_RESET
  (Session info: MicrosoftEdge=146.0.3856.84)
Stacktrace:
	msedgedriver!GetHandleVerifier [0x7ff71df21285+da15]
	msedgedriver!GetHandleVerifier [0x7ff71df212e4+da74]
	msedgedriver!GetHandleVerifier [0x7ff71e28f8dc+37c06c]
	msedgedriver!(No symbol) [0x7ff71dc49d7c]
	msedgedriver!(No symbol) [0x7ff71dc3f1ff]
	msedgedriver!(No symbol) [0x7ff71dc4082c]
	msedgedriver!(No symbol) [0x7ff71dc3f46f]
	msedgedriver!(No symbol) [0x7ff71dc3f070]
	msedgedriver!(No symbol) [0x7ff71dc3edd5]
	msedgedriver!(No symbol) [0x7ff71dc3cf02]
	msedgedriver!(No symbol) [0x7ff71dc3d552]
	msedgedriver!(No symbol) [0x7ff71dc4f978]
	msedgedriver!(No symbol) [0x7ff71dcd0dc4]
	msedgedriver!(No symbol) [0x7ff71dcb586a]
	msedgedriver!(No symbol) [0x7ff71dc8b9b7]
	msedgedriver!(No symbol) [0x7ff71dcd07e2]
	msedgedriver!(No symbol) [0x7ff71dc8b1fc]
	msedgedriver!(No symbol) [0x7ff71dc8a456]
	msedgedriver!(No symbol) [0x7ff71dc8b023]
	msedgedriver!(No symbol) [0x7ff71dd58b69]
	msedgedriver!(No symbol) [0x7ff71dd55103]
	msedgedriver!(No symbol) [0x7ff71dd64d14]
	msedgedriver!GetHandleVerifier [0x7ff71df3c108+28898]
	msedgedriver!GetHandleVerifier [0x7ff71df448c6+31056]
	msedgedriver!GetHandleVerifier [0x7ff71df289c4+15154]
	msedgedriver!GetHandleVerifier [0x7ff71df28b09+15299]
	msedgedriver!GetHandleVerifier [0x7ff71df15d02+2492]
	KERNEL32!BaseThreadInitThunk [0x7ff83ba5e8d7+17]
	ntdll!RtlUserThreadStart [0x7ff83c00c53c+2c]
Traceback (most recent call last):
  File "C:\autoGeneratedApp\linkedInInformationCollection\scraper.py", line 95, in login
    self.close()
            ~~^^
  File "C:\autoGeneratedApp\linkedInInformationCollection\.venv\Lib\site-packages\selenium\webdriver\remote\webdriver.py", line 466, in get
    self.execute(Command.GET, {"url": url})
    ~~~~~~~~~~~~^^^^^^^^^^^^^^^^^^^^^^^^^^^
  File "C:\autoGeneratedApp\linkedInInformationCollection\.venv\Lib\site-packages\selenium\webdriver\remote\webdriver.py", line 446, in execute
    self.error_handler.check_response(response)
    ~~~~~~~~~~~~~~~~~~~~~~~~~~~~~~~~~^^^^^^^^^^
  File "C:\autoGeneratedApp\linkedInInformationCollection\.venv\Lib\site-packages\selenium\webdriver\remote\errorhandler.py", line 232, in check_response
    raise exception_class(message, screen, stacktrace)
selenium.common.exceptions.WebDriverException: Message: unknown error: net::ERR_CONNECTION_RESET
  (Session info: MicrosoftEdge=146.0.3856.84)
Stacktrace:
	msedgedriver!GetHandleVerifier [0x7ff71df21285+da15]
	msedgedriver!GetHandleVerifier [0x7ff71df212e4+da74]
	msedgedriver!GetHandleVerifier [0x7ff71e28f8dc+37c06c]
	msedgedriver!(No symbol) [0x7ff71dc49d7c]
	msedgedriver!(No symbol) [0x7ff71dc3f1ff]
	msedgedriver!(No symbol) [0x7ff71dc4082c]
	msedgedriver!(No symbol) [0x7ff71dc3f46f]
	msedgedriver!(No symbol) [0x7ff71dc3f070]
	msedgedriver!(No symbol) [0x7ff71dc3edd5]
	msedgedriver!(No symbol) [0x7ff71dc3cf02]
	msedgedriver!(No symbol) [0x7ff71dc3d552]
	msedgedriver!(No symbol) [0x7ff71dc4f978]
	msedgedriver!(No symbol) [0x7ff71dcd0dc4]
	msedgedriver!(No symbol) [0x7ff71dcb586a]
	msedgedriver!(No symbol) [0x7ff71dc8b9b7]
	msedgedriver!(No symbol) [0x7ff71dcd07e2]
	msedgedriver!(No symbol) [0x7ff71dc8b1fc]
	msedgedriver!(No symbol) [0x7ff71dc8a456]
	msedgedriver!(No symbol) [0x7ff71dc8b023]
	msedgedriver!(No symbol) [0x7ff71dd58b69]
	msedgedriver!(No symbol) [0x7ff71dd55103]
	msedgedriver!(No symbol) [0x7ff71dd64d14]
	msedgedriver!GetHandleVerifier [0x7ff71df3c108+28898]
	msedgedriver!GetHandleVerifier [0x7ff71df448c6+31056]
	msedgedriver!GetHandleVerifier [0x7ff71df289c4+15154]
	msedgedriver!GetHandleVerifier [0x7ff71df28b09+15299]
	msedgedriver!GetHandleVerifier [0x7ff71df15d02+2492]
	KERNEL32!BaseThreadInitThunk [0x7ff83ba5e8d7+17]
	ntdll!RtlUserThreadStart [0x7ff83c00c53c+2c]

2026-03-29 06:25:10,727 [ERROR] __main__ - 登录失败，本次检查跳过
2026-03-29 06:25:12,953 [INFO] scraper - 浏览器已关闭
2026-03-29 06:29:57,312 [INFO] __main__ - ▶ 开始检查新动态 …
2026-03-29 06:29:57,375 [INFO] scraper - 访问用户动态页: https://www.linkedin.com/in/jianshu-dong-1191b9129/recent-activity/all/
2026-03-29 06:30:08,765 [INFO] scraper - 共抓取到 5 条帖子
2026-03-29 06:30:08,765 [INFO] __main__ - ✔ 无新动态
2026-03-29 06:30:12,954 [INFO] __main__ - ▶ 开始检查新动态 …
2026-03-29 06:30:13,931 [INFO] scraper - Edge 浏览器已启动（无头模式: False）
2026-03-29 06:30:13,931 [INFO] scraper - 正在登录 LinkedIn …
2026-03-29 06:30:29,462 [ERROR] scraper - 登录超时，请检查网络或账号信息
2026-03-29 06:30:29,462 [ERROR] __main__ - 登录失败，本次检查跳过
2026-03-29 06:30:31,704 [INFO] scraper - 浏览器已关闭
2026-03-29 06:35:31,705 [INFO] __main__ - ▶ 开始检查新动态 …
2026-03-29 06:35:32,571 [INFO] scraper - Edge 浏览器已启动（无头模式: False）
2026-03-29 06:35:32,572 [INFO] scraper - 正在登录 LinkedIn …
2026-03-29 06:35:48,214 [ERROR] scraper - 登录超时，请检查网络或账号信息
2026-03-29 06:35:48,214 [ERROR] __main__ - 登录失败，本次检查跳过
2026-03-29 06:35:50,438 [INFO] scraper - 浏览器已关闭
2026-03-29 06:40:50,439 [INFO] __main__ - ▶ 开始检查新动态 …
2026-03-29 06:40:51,305 [INFO] scraper - Edge 浏览器已启动（无头模式: False）
2026-03-29 06:40:51,306 [INFO] scraper - 正在登录 LinkedIn …
2026-03-29 06:41:06,871 [ERROR] scraper - 登录超时，请检查网络或账号信息
2026-03-29 06:41:06,871 [ERROR] __main__ - 登录失败，本次检查跳过
2026-03-29 06:41:09,180 [INFO] scraper - 浏览器已关闭
2026-03-29 06:46:09,182 [INFO] __main__ - ▶ 开始检查新动态 …
2026-03-29 06:46:10,064 [INFO] scraper - Edge 浏览器已启动（无头模式: False）
2026-03-29 06:46:10,064 [INFO] scraper - 正在登录 LinkedIn …
2026-03-29 06:46:25,579 [ERROR] scraper - 登录超时，请检查网络或账号信息
2026-03-29 06:46:25,579 [ERROR] __main__ - 登录失败，本次检查跳过
2026-03-29 06:46:27,864 [INFO] scraper - 浏览器已关闭
2026-03-29 06:51:27,865 [INFO] __main__ - ▶ 开始检查新动态 …
2026-03-29 06:51:28,726 [INFO] scraper - Edge 浏览器已启动（无头模式: False）
2026-03-29 06:51:28,726 [INFO] scraper - 正在登录 LinkedIn …
2026-03-29 06:51:29,150 [ERROR] scraper - 登录过程发生意外错误: Message: unknown error: net::ERR_CONNECTION_RESET
  (Session info: MicrosoftEdge=146.0.3856.84)
Stacktrace:
	msedgedriver!GetHandleVerifier [0x7ff71df21285+da15]
	msedgedriver!GetHandleVerifier [0x7ff71df212e4+da74]
	msedgedriver!GetHandleVerifier [0x7ff71e28f8dc+37c06c]
	msedgedriver!(No symbol) [0x7ff71dc49d7c]
	msedgedriver!(No symbol) [0x7ff71dc3f1ff]
	msedgedriver!(No symbol) [0x7ff71dc4082c]
	msedgedriver!(No symbol) [0x7ff71dc3f46f]
	msedgedriver!(No symbol) [0x7ff71dc3f070]
	msedgedriver!(No symbol) [0x7ff71dc3edd5]
	msedgedriver!(No symbol) [0x7ff71dc3cf02]
	msedgedriver!(No symbol) [0x7ff71dc3d552]
	msedgedriver!(No symbol) [0x7ff71dc4f978]
	msedgedriver!(No symbol) [0x7ff71dcd0dc4]
	msedgedriver!(No symbol) [0x7ff71dcb586a]
	msedgedriver!(No symbol) [0x7ff71dc8b9b7]
	msedgedriver!(No symbol) [0x7ff71dcd07e2]
	msedgedriver!(No symbol) [0x7ff71dc8b1fc]
	msedgedriver!(No symbol) [0x7ff71dc8a456]
	msedgedriver!(No symbol) [0x7ff71dc8b023]
	msedgedriver!(No symbol) [0x7ff71dd58b69]
	msedgedriver!(No symbol) [0x7ff71dd55103]
	msedgedriver!(No symbol) [0x7ff71dd64d14]
	msedgedriver!GetHandleVerifier [0x7ff71df3c108+28898]
	msedgedriver!GetHandleVerifier [0x7ff71df448c6+31056]
	msedgedriver!GetHandleVerifier [0x7ff71df289c4+15154]
	msedgedriver!GetHandleVerifier [0x7ff71df28b09+15299]
	msedgedriver!GetHandleVerifier [0x7ff71df15d02+2492]
	KERNEL32!BaseThreadInitThunk [0x7ff83ba5e8d7+17]
	ntdll!RtlUserThreadStart [0x7ff83c00c53c+2c]
Traceback (most recent call last):
  File "C:\autoGeneratedApp\linkedInInformationCollection\scraper.py", line 95, in login
    self.close()
            ~~^^
  File "C:\autoGeneratedApp\linkedInInformationCollection\.venv\Lib\site-packages\selenium\webdriver\remote\webdriver.py", line 466, in get
    self.execute(Command.GET, {"url": url})
    ~~~~~~~~~~~~^^^^^^^^^^^^^^^^^^^^^^^^^^^
  File "C:\autoGeneratedApp\linkedInInformationCollection\.venv\Lib\site-packages\selenium\webdriver\remote\webdriver.py", line 446, in execute
    self.error_handler.check_response(response)
    ~~~~~~~~~~~~~~~~~~~~~~~~~~~~~~~~~^^^^^^^^^^
  File "C:\autoGeneratedApp\linkedInInformationCollection\.venv\Lib\site-packages\selenium\webdriver\remote\errorhandler.py", line 232, in check_response
    raise exception_class(message, screen, stacktrace)
selenium.common.exceptions.WebDriverException: Message: unknown error: net::ERR_CONNECTION_RESET
  (Session info: MicrosoftEdge=146.0.3856.84)
Stacktrace:
	msedgedriver!GetHandleVerifier [0x7ff71df21285+da15]
	msedgedriver!GetHandleVerifier [0x7ff71df212e4+da74]
	msedgedriver!GetHandleVerifier [0x7ff71e28f8dc+37c06c]
	msedgedriver!(No symbol) [0x7ff71dc49d7c]
	msedgedriver!(No symbol) [0x7ff71dc3f1ff]
	msedgedriver!(No symbol) [0x7ff71dc4082c]
	msedgedriver!(No symbol) [0x7ff71dc3f46f]
	msedgedriver!(No symbol) [0x7ff71dc3f070]
	msedgedriver!(No symbol) [0x7ff71dc3edd5]
	msedgedriver!(No symbol) [0x7ff71dc3cf02]
	msedgedriver!(No symbol) [0x7ff71dc3d552]
	msedgedriver!(No symbol) [0x7ff71dc4f978]
	msedgedriver!(No symbol) [0x7ff71dcd0dc4]
	msedgedriver!(No symbol) [0x7ff71dcb586a]
	msedgedriver!(No symbol) [0x7ff71dc8b9b7]
	msedgedriver!(No symbol) [0x7ff71dcd07e2]
	msedgedriver!(No symbol) [0x7ff71dc8b1fc]
	msedgedriver!(No symbol) [0x7ff71dc8a456]
	msedgedriver!(No symbol) [0x7ff71dc8b023]
	msedgedriver!(No symbol) [0x7ff71dd58b69]
	msedgedriver!(No symbol) [0x7ff71dd55103]
	msedgedriver!(No symbol) [0x7ff71dd64d14]
	msedgedriver!GetHandleVerifier [0x7ff71df3c108+28898]
	msedgedriver!GetHandleVerifier [0x7ff71df448c6+31056]
	msedgedriver!GetHandleVerifier [0x7ff71df289c4+15154]
	msedgedriver!GetHandleVerifier [0x7ff71df28b09+15299]
	msedgedriver!GetHandleVerifier [0x7ff71df15d02+2492]
	KERNEL32!BaseThreadInitThunk [0x7ff83ba5e8d7+17]
	ntdll!RtlUserThreadStart [0x7ff83c00c53c+2c]

2026-03-29 06:51:29,153 [ERROR] __main__ - 登录失败，本次检查跳过
2026-03-29 06:51:31,410 [INFO] scraper - 浏览器已关闭
2026-03-29 06:56:31,412 [INFO] __main__ - ▶ 开始检查新动态 …
2026-03-29 06:56:32,278 [INFO] scraper - Edge 浏览器已启动（无头模式: False）
2026-03-29 06:56:32,278 [INFO] scraper - 正在登录 LinkedIn …
2026-03-29 06:56:48,080 [ERROR] scraper - 登录超时，请检查网络或账号信息
2026-03-29 06:56:48,080 [ERROR] __main__ - 登录失败，本次检查跳过
2026-03-29 06:56:50,363 [INFO] scraper - 浏览器已关闭
2026-03-29 07:01:50,364 [INFO] __main__ - ▶ 开始检查新动态 …
2026-03-29 07:01:51,241 [INFO] scraper - Edge 浏览器已启动（无头模式: False）
2026-03-29 07:01:51,241 [INFO] scraper - 正在登录 LinkedIn …
2026-03-29 07:02:06,850 [ERROR] scraper - 登录超时，请检查网络或账号信息
2026-03-29 07:02:06,850 [ERROR] __main__ - 登录失败，本次检查跳过
2026-03-29 07:02:09,088 [INFO] scraper - 浏览器已关闭
2026-03-29 07:07:09,090 [INFO] __main__ - ▶ 开始检查新动态 …
2026-03-29 07:07:09,949 [INFO] scraper - Edge 浏览器已启动（无头模式: False）
2026-03-29 07:07:09,950 [INFO] scraper - 正在登录 LinkedIn …
2026-03-29 07:07:10,296 [ERROR] scraper - 登录过程发生意外错误: Message: unknown error: net::ERR_CONNECTION_RESET
  (Session info: MicrosoftEdge=146.0.3856.84)
Stacktrace:
	msedgedriver!GetHandleVerifier [0x7ff71df21285+da15]
	msedgedriver!GetHandleVerifier [0x7ff71df212e4+da74]
	msedgedriver!GetHandleVerifier [0x7ff71e28f8dc+37c06c]
	msedgedriver!(No symbol) [0x7ff71dc49d7c]
	msedgedriver!(No symbol) [0x7ff71dc3f1ff]
	msedgedriver!(No symbol) [0x7ff71dc4082c]
	msedgedriver!(No symbol) [0x7ff71dc3f46f]
	msedgedriver!(No symbol) [0x7ff71dc3f070]
	msedgedriver!(No symbol) [0x7ff71dc3edd5]
	msedgedriver!(No symbol) [0x7ff71dc3cf02]
	msedgedriver!(No symbol) [0x7ff71dc3d552]
	msedgedriver!(No symbol) [0x7ff71dc4f978]
	msedgedriver!(No symbol) [0x7ff71dcd0dc4]
	msedgedriver!(No symbol) [0x7ff71dcb586a]
	msedgedriver!(No symbol) [0x7ff71dc8b9b7]
	msedgedriver!(No symbol) [0x7ff71dcd07e2]
	msedgedriver!(No symbol) [0x7ff71dc8b1fc]
	msedgedriver!(No symbol) [0x7ff71dc8a456]
	msedgedriver!(No symbol) [0x7ff71dc8b023]
	msedgedriver!(No symbol) [0x7ff71dd58b69]
	msedgedriver!(No symbol) [0x7ff71dd55103]
	msedgedriver!(No symbol) [0x7ff71dd64d14]
	msedgedriver!GetHandleVerifier [0x7ff71df3c108+28898]
	msedgedriver!GetHandleVerifier [0x7ff71df448c6+31056]
	msedgedriver!GetHandleVerifier [0x7ff71df289c4+15154]
	msedgedriver!GetHandleVerifier [0x7ff71df28b09+15299]
	msedgedriver!GetHandleVerifier [0x7ff71df15d02+2492]
	KERNEL32!BaseThreadInitThunk [0x7ff83ba5e8d7+17]
	ntdll!RtlUserThreadStart [0x7ff83c00c53c+2c]
Traceback (most recent call last):
  File "C:\autoGeneratedApp\linkedInInformationCollection\scraper.py", line 95, in login
    self.close()
            ~~^^
  File "C:\autoGeneratedApp\linkedInInformationCollection\.venv\Lib\site-packages\selenium\webdriver\remote\webdriver.py", line 466, in get
    self.execute(Command.GET, {"url": url})
    ~~~~~~~~~~~~^^^^^^^^^^^^^^^^^^^^^^^^^^^
  File "C:\autoGeneratedApp\linkedInInformationCollection\.venv\Lib\site-packages\selenium\webdriver\remote\webdriver.py", line 446, in execute
    self.error_handler.check_response(response)
    ~~~~~~~~~~~~~~~~~~~~~~~~~~~~~~~~~^^^^^^^^^^
  File "C:\autoGeneratedApp\linkedInInformationCollection\.venv\Lib\site-packages\selenium\webdriver\remote\errorhandler.py", line 232, in check_response
    raise exception_class(message, screen, stacktrace)
selenium.common.exceptions.WebDriverException: Message: unknown error: net::ERR_CONNECTION_RESET
  (Session info: MicrosoftEdge=146.0.3856.84)
Stacktrace:
	msedgedriver!GetHandleVerifier [0x7ff71df21285+da15]
	msedgedriver!GetHandleVerifier [0x7ff71df212e4+da74]
	msedgedriver!GetHandleVerifier [0x7ff71e28f8dc+37c06c]
	msedgedriver!(No symbol) [0x7ff71dc49d7c]
	msedgedriver!(No symbol) [0x7ff71dc3f1ff]
	msedgedriver!(No symbol) [0x7ff71dc4082c]
	msedgedriver!(No symbol) [0x7ff71dc3f46f]
	msedgedriver!(No symbol) [0x7ff71dc3f070]
	msedgedriver!(No symbol) [0x7ff71dc3edd5]
	msedgedriver!(No symbol) [0x7ff71dc3cf02]
	msedgedriver!(No symbol) [0x7ff71dc3d552]
	msedgedriver!(No symbol) [0x7ff71dc4f978]
	msedgedriver!(No symbol) [0x7ff71dcd0dc4]
	msedgedriver!(No symbol) [0x7ff71dcb586a]
	msedgedriver!(No symbol) [0x7ff71dc8b9b7]
	msedgedriver!(No symbol) [0x7ff71dcd07e2]
	msedgedriver!(No symbol) [0x7ff71dc8b1fc]
	msedgedriver!(No symbol) [0x7ff71dc8a456]
	msedgedriver!(No symbol) [0x7ff71dc8b023]
	msedgedriver!(No symbol) [0x7ff71dd58b69]
	msedgedriver!(No symbol) [0x7ff71dd55103]
	msedgedriver!(No symbol) [0x7ff71dd64d14]
	msedgedriver!GetHandleVerifier [0x7ff71df3c108+28898]
	msedgedriver!GetHandleVerifier [0x7ff71df448c6+31056]
	msedgedriver!GetHandleVerifier [0x7ff71df289c4+15154]
	msedgedriver!GetHandleVerifier [0x7ff71df28b09+15299]
	msedgedriver!GetHandleVerifier [0x7ff71df15d02+2492]
	KERNEL32!BaseThreadInitThunk [0x7ff83ba5e8d7+17]
	ntdll!RtlUserThreadStart [0x7ff83c00c53c+2c]

2026-03-29 07:07:10,298 [ERROR] __main__ - 登录失败，本次检查跳过
2026-03-29 07:07:12,505 [INFO] scraper - 浏览器已关闭
2026-03-29 07:12:12,507 [INFO] __main__ - ▶ 开始检查新动态 …
2026-03-29 07:12:13,436 [INFO] scraper - Edge 浏览器已启动（无头模式: False）
2026-03-29 07:12:13,436 [INFO] scraper - 正在登录 LinkedIn …
2026-03-29 07:12:13,828 [ERROR] scraper - 登录过程发生意外错误: Message: unknown error: net::ERR_CONNECTION_RESET
  (Session info: MicrosoftEdge=146.0.3856.84)
Stacktrace:
	msedgedriver!GetHandleVerifier [0x7ff71df21285+da15]
	msedgedriver!GetHandleVerifier [0x7ff71df212e4+da74]
	msedgedriver!GetHandleVerifier [0x7ff71e28f8dc+37c06c]
	msedgedriver!(No symbol) [0x7ff71dc49d7c]
	msedgedriver!(No symbol) [0x7ff71dc3f1ff]
	msedgedriver!(No symbol) [0x7ff71dc4082c]
	msedgedriver!(No symbol) [0x7ff71dc3f46f]
	msedgedriver!(No symbol) [0x7ff71dc3f070]
	msedgedriver!(No symbol) [0x7ff71dc3edd5]
	msedgedriver!(No symbol) [0x7ff71dc3cf02]
	msedgedriver!(No symbol) [0x7ff71dc3d552]
	msedgedriver!(No symbol) [0x7ff71dc4f978]
	msedgedriver!(No symbol) [0x7ff71dcd0dc4]
	msedgedriver!(No symbol) [0x7ff71dcb586a]
	msedgedriver!(No symbol) [0x7ff71dc8b9b7]
	msedgedriver!(No symbol) [0x7ff71dcd07e2]
	msedgedriver!(No symbol) [0x7ff71dc8b1fc]
	msedgedriver!(No symbol) [0x7ff71dc8a456]
	msedgedriver!(No symbol) [0x7ff71dc8b023]
	msedgedriver!(No symbol) [0x7ff71dd58b69]
	msedgedriver!(No symbol) [0x7ff71dd55103]
	msedgedriver!(No symbol) [0x7ff71dd64d14]
	msedgedriver!GetHandleVerifier [0x7ff71df3c108+28898]
	msedgedriver!GetHandleVerifier [0x7ff71df448c6+31056]
	msedgedriver!GetHandleVerifier [0x7ff71df289c4+15154]
	msedgedriver!GetHandleVerifier [0x7ff71df28b09+15299]
	msedgedriver!GetHandleVerifier [0x7ff71df15d02+2492]
	KERNEL32!BaseThreadInitThunk [0x7ff83ba5e8d7+17]
	ntdll!RtlUserThreadStart [0x7ff83c00c53c+2c]
Traceback (most recent call last):
  File "C:\autoGeneratedApp\linkedInInformationCollection\scraper.py", line 95, in login
    self.close()
            ~~^^
  File "C:\autoGeneratedApp\linkedInInformationCollection\.venv\Lib\site-packages\selenium\webdriver\remote\webdriver.py", line 466, in get
    self.execute(Command.GET, {"url": url})
    ~~~~~~~~~~~~^^^^^^^^^^^^^^^^^^^^^^^^^^^
  File "C:\autoGeneratedApp\linkedInInformationCollection\.venv\Lib\site-packages\selenium\webdriver\remote\webdriver.py", line 446, in execute
    self.error_handler.check_response(response)
    ~~~~~~~~~~~~~~~~~~~~~~~~~~~~~~~~~^^^^^^^^^^
  File "C:\autoGeneratedApp\linkedInInformationCollection\.venv\Lib\site-packages\selenium\webdriver\remote\errorhandler.py", line 232, in check_response
    raise exception_class(message, screen, stacktrace)
selenium.common.exceptions.WebDriverException: Message: unknown error: net::ERR_CONNECTION_RESET
  (Session info: MicrosoftEdge=146.0.3856.84)
Stacktrace:
	msedgedriver!GetHandleVerifier [0x7ff71df21285+da15]
	msedgedriver!GetHandleVerifier [0x7ff71df212e4+da74]
	msedgedriver!GetHandleVerifier [0x7ff71e28f8dc+37c06c]
	msedgedriver!(No symbol) [0x7ff71dc49d7c]
	msedgedriver!(No symbol) [0x7ff71dc3f1ff]
	msedgedriver!(No symbol) [0x7ff71dc4082c]
	msedgedriver!(No symbol) [0x7ff71dc3f46f]
	msedgedriver!(No symbol) [0x7ff71dc3f070]
	msedgedriver!(No symbol) [0x7ff71dc3edd5]
	msedgedriver!(No symbol) [0x7ff71dc3cf02]
	msedgedriver!(No symbol) [0x7ff71dc3d552]
	msedgedriver!(No symbol) [0x7ff71dc4f978]
	msedgedriver!(No symbol) [0x7ff71dcd0dc4]
	msedgedriver!(No symbol) [0x7ff71dcb586a]
	msedgedriver!(No symbol) [0x7ff71dc8b9b7]
	msedgedriver!(No symbol) [0x7ff71dcd07e2]
	msedgedriver!(No symbol) [0x7ff71dc8b1fc]
	msedgedriver!(No symbol) [0x7ff71dc8a456]
	msedgedriver!(No symbol) [0x7ff71dc8b023]
	msedgedriver!(No symbol) [0x7ff71dd58b69]
	msedgedriver!(No symbol) [0x7ff71dd55103]
	msedgedriver!(No symbol) [0x7ff71dd64d14]
	msedgedriver!GetHandleVerifier [0x7ff71df3c108+28898]
	msedgedriver!GetHandleVerifier [0x7ff71df448c6+31056]
	msedgedriver!GetHandleVerifier [0x7ff71df289c4+15154]
	msedgedriver!GetHandleVerifier [0x7ff71df28b09+15299]
	msedgedriver!GetHandleVerifier [0x7ff71df15d02+2492]
	KERNEL32!BaseThreadInitThunk [0x7ff83ba5e8d7+17]
	ntdll!RtlUserThreadStart [0x7ff83c00c53c+2c]

2026-03-29 07:12:13,830 [ERROR] __main__ - 登录失败，本次检查跳过
2026-03-29 07:12:16,037 [INFO] scraper - 浏览器已关闭
2026-03-29 07:17:16,039 [INFO] __main__ - ▶ 开始检查新动态 …
2026-03-29 07:17:16,915 [INFO] scraper - Edge 浏览器已启动（无头模式: False）
2026-03-29 07:17:16,916 [INFO] scraper - 正在登录 LinkedIn …
2026-03-29 07:17:32,655 [ERROR] scraper - 登录超时，请检查网络或账号信息
2026-03-29 07:17:32,655 [ERROR] __main__ - 登录失败，本次检查跳过
2026-03-29 07:17:34,947 [INFO] scraper - 浏览器已关闭
2026-03-29 07:22:34,949 [INFO] __main__ - ▶ 开始检查新动态 …
2026-03-29 07:22:36,247 [INFO] scraper - Edge 浏览器已启动（无头模式: False）
2026-03-29 07:22:36,247 [INFO] scraper - 正在登录 LinkedIn …
2026-03-29 07:22:51,840 [ERROR] scraper - 登录超时，请检查网络或账号信息
2026-03-29 07:22:51,841 [ERROR] __main__ - 登录失败，本次检查跳过
2026-03-29 07:22:54,089 [INFO] scraper - 浏览器已关闭
2026-03-29 07:27:54,090 [INFO] __main__ - ▶ 开始检查新动态 …
2026-03-29 07:27:54,945 [INFO] scraper - Edge 浏览器已启动（无头模式: False）
2026-03-29 07:27:54,945 [INFO] scraper - 正在登录 LinkedIn …
2026-03-29 07:28:10,555 [ERROR] scraper - 登录超时，请检查网络或账号信息
2026-03-29 07:28:10,555 [ERROR] __main__ - 登录失败，本次检查跳过
2026-03-29 07:28:12,761 [INFO] scraper - 浏览器已关闭
2026-03-29 07:30:08,781 [INFO] __main__ - ▶ 开始检查新动态 …
2026-03-29 07:30:08,845 [INFO] scraper - 访问用户动态页: https://www.linkedin.com/in/jianshu-dong-1191b9129/recent-activity/all/
2026-03-29 07:30:17,602 [INFO] scraper - 共抓取到 5 条帖子
2026-03-29 07:30:17,603 [INFO] __main__ - ✔ 无新动态
2026-03-29 07:33:12,763 [INFO] __main__ - ▶ 开始检查新动态 …
2026-03-29 07:33:13,631 [INFO] scraper - Edge 浏览器已启动（无头模式: False）
2026-03-29 07:33:13,631 [INFO] scraper - 正在登录 LinkedIn …
2026-03-29 07:33:29,347 [ERROR] scraper - 登录超时，请检查网络或账号信息
2026-03-29 07:33:29,348 [ERROR] __main__ - 登录失败，本次检查跳过
2026-03-29 07:33:31,556 [INFO] scraper - 浏览器已关闭
2026-03-29 07:38:31,558 [INFO] __main__ - ▶ 开始检查新动态 …
2026-03-29 07:38:32,422 [INFO] scraper - Edge 浏览器已启动（无头模式: False）
2026-03-29 07:38:32,422 [INFO] scraper - 正在登录 LinkedIn …
2026-03-29 07:38:47,976 [ERROR] scraper - 登录超时，请检查网络或账号信息
2026-03-29 07:38:47,976 [ERROR] __main__ - 登录失败，本次检查跳过
2026-03-29 07:38:50,208 [INFO] scraper - 浏览器已关闭
2026-03-29 07:43:50,210 [INFO] __main__ - ▶ 开始检查新动态 …
2026-03-29 07:43:51,129 [INFO] scraper - Edge 浏览器已启动（无头模式: False）
2026-03-29 07:43:51,129 [INFO] scraper - 正在登录 LinkedIn …
2026-03-29 07:44:06,868 [ERROR] scraper - 登录超时，请检查网络或账号信息
2026-03-29 07:44:06,868 [ERROR] __main__ - 登录失败，本次检查跳过
2026-03-29 07:44:09,081 [INFO] scraper - 浏览器已关闭
2026-03-29 07:49:09,083 [INFO] __main__ - ▶ 开始检查新动态 …
2026-03-29 07:49:09,926 [INFO] scraper - Edge 浏览器已启动（无头模式: False）
2026-03-29 07:49:09,927 [INFO] scraper - 正在登录 LinkedIn …
2026-03-29 07:49:25,504 [ERROR] scraper - 登录超时，请检查网络或账号信息
2026-03-29 07:49:25,505 [ERROR] __main__ - 登录失败，本次检查跳过
2026-03-29 07:49:27,723 [INFO] scraper - 浏览器已关闭
2026-03-29 07:54:27,725 [INFO] __main__ - ▶ 开始检查新动态 …
2026-03-29 07:54:28,593 [INFO] scraper - Edge 浏览器已启动（无头模式: False）
2026-03-29 07:54:28,593 [INFO] scraper - 正在登录 LinkedIn …
2026-03-29 07:54:44,173 [ERROR] scraper - 登录超时，请检查网络或账号信息
2026-03-29 07:54:44,173 [ERROR] __main__ - 登录失败，本次检查跳过
2026-03-29 07:54:46,425 [INFO] scraper - 浏览器已关闭
2026-03-29 07:59:46,426 [INFO] __main__ - ▶ 开始检查新动态 …
2026-03-29 07:59:47,309 [INFO] scraper - Edge 浏览器已启动（无头模式: False）
2026-03-29 07:59:47,309 [INFO] scraper - 正在登录 LinkedIn …
2026-03-29 07:59:47,667 [ERROR] scraper - 登录过程发生意外错误: Message: unknown error: net::ERR_CONNECTION_RESET
  (Session info: MicrosoftEdge=146.0.3856.84)
Stacktrace:
	msedgedriver!GetHandleVerifier [0x7ff71df21285+da15]
	msedgedriver!GetHandleVerifier [0x7ff71df212e4+da74]
	msedgedriver!GetHandleVerifier [0x7ff71e28f8dc+37c06c]
	msedgedriver!(No symbol) [0x7ff71dc49d7c]
	msedgedriver!(No symbol) [0x7ff71dc3f1ff]
	msedgedriver!(No symbol) [0x7ff71dc4082c]
	msedgedriver!(No symbol) [0x7ff71dc3f46f]
	msedgedriver!(No symbol) [0x7ff71dc3f070]
	msedgedriver!(No symbol) [0x7ff71dc3edd5]
	msedgedriver!(No symbol) [0x7ff71dc3cf02]
	msedgedriver!(No symbol) [0x7ff71dc3d552]
	msedgedriver!(No symbol) [0x7ff71dc4f978]
	msedgedriver!(No symbol) [0x7ff71dcd0dc4]
	msedgedriver!(No symbol) [0x7ff71dcb586a]
	msedgedriver!(No symbol) [0x7ff71dc8b9b7]
	msedgedriver!(No symbol) [0x7ff71dcd07e2]
	msedgedriver!(No symbol) [0x7ff71dc8b1fc]
	msedgedriver!(No symbol) [0x7ff71dc8a456]
	msedgedriver!(No symbol) [0x7ff71dc8b023]
	msedgedriver!(No symbol) [0x7ff71dd58b69]
	msedgedriver!(No symbol) [0x7ff71dd55103]
	msedgedriver!(No symbol) [0x7ff71dd64d14]
	msedgedriver!GetHandleVerifier [0x7ff71df3c108+28898]
	msedgedriver!GetHandleVerifier [0x7ff71df448c6+31056]
	msedgedriver!GetHandleVerifier [0x7ff71df289c4+15154]
	msedgedriver!GetHandleVerifier [0x7ff71df28b09+15299]
	msedgedriver!GetHandleVerifier [0x7ff71df15d02+2492]
	KERNEL32!BaseThreadInitThunk [0x7ff83ba5e8d7+17]
	ntdll!RtlUserThreadStart [0x7ff83c00c53c+2c]
Traceback (most recent call last):
  File "C:\autoGeneratedApp\linkedInInformationCollection\scraper.py", line 95, in login
    self.close()
            ~~^^
  File "C:\autoGeneratedApp\linkedInInformationCollection\.venv\Lib\site-packages\selenium\webdriver\remote\webdriver.py", line 466, in get
    self.execute(Command.GET, {"url": url})
    ~~~~~~~~~~~~^^^^^^^^^^^^^^^^^^^^^^^^^^^
  File "C:\autoGeneratedApp\linkedInInformationCollection\.venv\Lib\site-packages\selenium\webdriver\remote\webdriver.py", line 446, in execute
    self.error_handler.check_response(response)
    ~~~~~~~~~~~~~~~~~~~~~~~~~~~~~~~~~^^^^^^^^^^
  File "C:\autoGeneratedApp\linkedInInformationCollection\.venv\Lib\site-packages\selenium\webdriver\remote\errorhandler.py", line 232, in check_response
    raise exception_class(message, screen, stacktrace)
selenium.common.exceptions.WebDriverException: Message: unknown error: net::ERR_CONNECTION_RESET
  (Session info: MicrosoftEdge=146.0.3856.84)
Stacktrace:
	msedgedriver!GetHandleVerifier [0x7ff71df21285+da15]
	msedgedriver!GetHandleVerifier [0x7ff71df212e4+da74]
	msedgedriver!GetHandleVerifier [0x7ff71e28f8dc+37c06c]
	msedgedriver!(No symbol) [0x7ff71dc49d7c]
	msedgedriver!(No symbol) [0x7ff71dc3f1ff]
	msedgedriver!(No symbol) [0x7ff71dc4082c]
	msedgedriver!(No symbol) [0x7ff71dc3f46f]
	msedgedriver!(No symbol) [0x7ff71dc3f070]
	msedgedriver!(No symbol) [0x7ff71dc3edd5]
	msedgedriver!(No symbol) [0x7ff71dc3cf02]
	msedgedriver!(No symbol) [0x7ff71dc3d552]
	msedgedriver!(No symbol) [0x7ff71dc4f978]
	msedgedriver!(No symbol) [0x7ff71dcd0dc4]
	msedgedriver!(No symbol) [0x7ff71dcb586a]
	msedgedriver!(No symbol) [0x7ff71dc8b9b7]
	msedgedriver!(No symbol) [0x7ff71dcd07e2]
	msedgedriver!(No symbol) [0x7ff71dc8b1fc]
	msedgedriver!(No symbol) [0x7ff71dc8a456]
	msedgedriver!(No symbol) [0x7ff71dc8b023]
	msedgedriver!(No symbol) [0x7ff71dd58b69]
	msedgedriver!(No symbol) [0x7ff71dd55103]
	msedgedriver!(No symbol) [0x7ff71dd64d14]
	msedgedriver!GetHandleVerifier [0x7ff71df3c108+28898]
	msedgedriver!GetHandleVerifier [0x7ff71df448c6+31056]
	msedgedriver!GetHandleVerifier [0x7ff71df289c4+15154]
	msedgedriver!GetHandleVerifier [0x7ff71df28b09+15299]
	msedgedriver!GetHandleVerifier [0x7ff71df15d02+2492]
	KERNEL32!BaseThreadInitThunk [0x7ff83ba5e8d7+17]
	ntdll!RtlUserThreadStart [0x7ff83c00c53c+2c]

2026-03-29 07:59:47,670 [ERROR] __main__ - 登录失败，本次检查跳过
2026-03-29 07:59:49,885 [INFO] scraper - 浏览器已关闭
2026-03-29 08:04:49,887 [INFO] __main__ - ▶ 开始检查新动态 …
2026-03-29 08:04:50,756 [INFO] scraper - Edge 浏览器已启动（无头模式: False）
2026-03-29 08:04:50,756 [INFO] scraper - 正在登录 LinkedIn …
2026-03-29 08:04:51,125 [ERROR] scraper - 登录过程发生意外错误: Message: unknown error: net::ERR_CONNECTION_RESET
  (Session info: MicrosoftEdge=146.0.3856.84)
Stacktrace:
	msedgedriver!GetHandleVerifier [0x7ff71df21285+da15]
	msedgedriver!GetHandleVerifier [0x7ff71df212e4+da74]
	msedgedriver!GetHandleVerifier [0x7ff71e28f8dc+37c06c]
	msedgedriver!(No symbol) [0x7ff71dc49d7c]
	msedgedriver!(No symbol) [0x7ff71dc3f1ff]
	msedgedriver!(No symbol) [0x7ff71dc4082c]
	msedgedriver!(No symbol) [0x7ff71dc3f46f]
	msedgedriver!(No symbol) [0x7ff71dc3f070]
	msedgedriver!(No symbol) [0x7ff71dc3edd5]
	msedgedriver!(No symbol) [0x7ff71dc3cf02]
	msedgedriver!(No symbol) [0x7ff71dc3d552]
	msedgedriver!(No symbol) [0x7ff71dc4f978]
	msedgedriver!(No symbol) [0x7ff71dcd0dc4]
	msedgedriver!(No symbol) [0x7ff71dcb586a]
	msedgedriver!(No symbol) [0x7ff71dc8b9b7]
	msedgedriver!(No symbol) [0x7ff71dcd07e2]
	msedgedriver!(No symbol) [0x7ff71dc8b1fc]
	msedgedriver!(No symbol) [0x7ff71dc8a456]
	msedgedriver!(No symbol) [0x7ff71dc8b023]
	msedgedriver!(No symbol) [0x7ff71dd58b69]
	msedgedriver!(No symbol) [0x7ff71dd55103]
	msedgedriver!(No symbol) [0x7ff71dd64d14]
	msedgedriver!GetHandleVerifier [0x7ff71df3c108+28898]
	msedgedriver!GetHandleVerifier [0x7ff71df448c6+31056]
	msedgedriver!GetHandleVerifier [0x7ff71df289c4+15154]
	msedgedriver!GetHandleVerifier [0x7ff71df28b09+15299]
	msedgedriver!GetHandleVerifier [0x7ff71df15d02+2492]
	KERNEL32!BaseThreadInitThunk [0x7ff83ba5e8d7+17]
	ntdll!RtlUserThreadStart [0x7ff83c00c53c+2c]
Traceback (most recent call last):
  File "C:\autoGeneratedApp\linkedInInformationCollection\scraper.py", line 95, in login
    self.close()
            ~~^^
  File "C:\autoGeneratedApp\linkedInInformationCollection\.venv\Lib\site-packages\selenium\webdriver\remote\webdriver.py", line 466, in get
    self.execute(Command.GET, {"url": url})
    ~~~~~~~~~~~~^^^^^^^^^^^^^^^^^^^^^^^^^^^
  File "C:\autoGeneratedApp\linkedInInformationCollection\.venv\Lib\site-packages\selenium\webdriver\remote\webdriver.py", line 446, in execute
    self.error_handler.check_response(response)
    ~~~~~~~~~~~~~~~~~~~~~~~~~~~~~~~~~^^^^^^^^^^
  File "C:\autoGeneratedApp\linkedInInformationCollection\.venv\Lib\site-packages\selenium\webdriver\remote\errorhandler.py", line 232, in check_response
    raise exception_class(message, screen, stacktrace)
selenium.common.exceptions.WebDriverException: Message: unknown error: net::ERR_CONNECTION_RESET
  (Session info: MicrosoftEdge=146.0.3856.84)
Stacktrace:
	msedgedriver!GetHandleVerifier [0x7ff71df21285+da15]
	msedgedriver!GetHandleVerifier [0x7ff71df212e4+da74]
	msedgedriver!GetHandleVerifier [0x7ff71e28f8dc+37c06c]
	msedgedriver!(No symbol) [0x7ff71dc49d7c]
	msedgedriver!(No symbol) [0x7ff71dc3f1ff]
	msedgedriver!(No symbol) [0x7ff71dc4082c]
	msedgedriver!(No symbol) [0x7ff71dc3f46f]
	msedgedriver!(No symbol) [0x7ff71dc3f070]
	msedgedriver!(No symbol) [0x7ff71dc3edd5]
	msedgedriver!(No symbol) [0x7ff71dc3cf02]
	msedgedriver!(No symbol) [0x7ff71dc3d552]
	msedgedriver!(No symbol) [0x7ff71dc4f978]
	msedgedriver!(No symbol) [0x7ff71dcd0dc4]
	msedgedriver!(No symbol) [0x7ff71dcb586a]
	msedgedriver!(No symbol) [0x7ff71dc8b9b7]
	msedgedriver!(No symbol) [0x7ff71dcd07e2]
	msedgedriver!(No symbol) [0x7ff71dc8b1fc]
	msedgedriver!(No symbol) [0x7ff71dc8a456]
	msedgedriver!(No symbol) [0x7ff71dc8b023]
	msedgedriver!(No symbol) [0x7ff71dd58b69]
	msedgedriver!(No symbol) [0x7ff71dd55103]
	msedgedriver!(No symbol) [0x7ff71dd64d14]
	msedgedriver!GetHandleVerifier [0x7ff71df3c108+28898]
	msedgedriver!GetHandleVerifier [0x7ff71df448c6+31056]
	msedgedriver!GetHandleVerifier [0x7ff71df289c4+15154]
	msedgedriver!GetHandleVerifier [0x7ff71df28b09+15299]
	msedgedriver!GetHandleVerifier [0x7ff71df15d02+2492]
	KERNEL32!BaseThreadInitThunk [0x7ff83ba5e8d7+17]
	ntdll!RtlUserThreadStart [0x7ff83c00c53c+2c]

2026-03-29 08:04:51,127 [ERROR] __main__ - 登录失败，本次检查跳过
2026-03-29 08:04:53,317 [INFO] scraper - 浏览器已关闭
2026-03-29 08:09:53,319 [INFO] __main__ - ▶ 开始检查新动态 …
2026-03-29 08:09:54,168 [INFO] scraper - Edge 浏览器已启动（无头模式: False）
2026-03-29 08:09:54,169 [INFO] scraper - 正在登录 LinkedIn …
2026-03-29 08:09:54,576 [ERROR] scraper - 登录过程发生意外错误: Message: unknown error: net::ERR_CONNECTION_RESET
  (Session info: MicrosoftEdge=146.0.3856.84)
Stacktrace:
	msedgedriver!GetHandleVerifier [0x7ff71df21285+da15]
	msedgedriver!GetHandleVerifier [0x7ff71df212e4+da74]
	msedgedriver!GetHandleVerifier [0x7ff71e28f8dc+37c06c]
	msedgedriver!(No symbol) [0x7ff71dc49d7c]
	msedgedriver!(No symbol) [0x7ff71dc3f1ff]
	msedgedriver!(No symbol) [0x7ff71dc4082c]
	msedgedriver!(No symbol) [0x7ff71dc3f46f]
	msedgedriver!(No symbol) [0x7ff71dc3f070]
	msedgedriver!(No symbol) [0x7ff71dc3edd5]
	msedgedriver!(No symbol) [0x7ff71dc3cf02]
	msedgedriver!(No symbol) [0x7ff71dc3d552]
	msedgedriver!(No symbol) [0x7ff71dc4f978]
	msedgedriver!(No symbol) [0x7ff71dcd0dc4]
	msedgedriver!(No symbol) [0x7ff71dcb586a]
	msedgedriver!(No symbol) [0x7ff71dc8b9b7]
	msedgedriver!(No symbol) [0x7ff71dcd07e2]
	msedgedriver!(No symbol) [0x7ff71dc8b1fc]
	msedgedriver!(No symbol) [0x7ff71dc8a456]
	msedgedriver!(No symbol) [0x7ff71dc8b023]
	msedgedriver!(No symbol) [0x7ff71dd58b69]
	msedgedriver!(No symbol) [0x7ff71dd55103]
	msedgedriver!(No symbol) [0x7ff71dd64d14]
	msedgedriver!GetHandleVerifier [0x7ff71df3c108+28898]
	msedgedriver!GetHandleVerifier [0x7ff71df448c6+31056]
	msedgedriver!GetHandleVerifier [0x7ff71df289c4+15154]
	msedgedriver!GetHandleVerifier [0x7ff71df28b09+15299]
	msedgedriver!GetHandleVerifier [0x7ff71df15d02+2492]
	KERNEL32!BaseThreadInitThunk [0x7ff83ba5e8d7+17]
	ntdll!RtlUserThreadStart [0x7ff83c00c53c+2c]
Traceback (most recent call last):
  File "C:\autoGeneratedApp\linkedInInformationCollection\scraper.py", line 95, in login
    self.close()
            ~~^^
  File "C:\autoGeneratedApp\linkedInInformationCollection\.venv\Lib\site-packages\selenium\webdriver\remote\webdriver.py", line 466, in get
    self.execute(Command.GET, {"url": url})
    ~~~~~~~~~~~~^^^^^^^^^^^^^^^^^^^^^^^^^^^
  File "C:\autoGeneratedApp\linkedInInformationCollection\.venv\Lib\site-packages\selenium\webdriver\remote\webdriver.py", line 446, in execute
    self.error_handler.check_response(response)
    ~~~~~~~~~~~~~~~~~~~~~~~~~~~~~~~~~^^^^^^^^^^
  File "C:\autoGeneratedApp\linkedInInformationCollection\.venv\Lib\site-packages\selenium\webdriver\remote\errorhandler.py", line 232, in check_response
    raise exception_class(message, screen, stacktrace)
selenium.common.exceptions.WebDriverException: Message: unknown error: net::ERR_CONNECTION_RESET
  (Session info: MicrosoftEdge=146.0.3856.84)
Stacktrace:
	msedgedriver!GetHandleVerifier [0x7ff71df21285+da15]
	msedgedriver!GetHandleVerifier [0x7ff71df212e4+da74]
	msedgedriver!GetHandleVerifier [0x7ff71e28f8dc+37c06c]
	msedgedriver!(No symbol) [0x7ff71dc49d7c]
	msedgedriver!(No symbol) [0x7ff71dc3f1ff]
	msedgedriver!(No symbol) [0x7ff71dc4082c]
	msedgedriver!(No symbol) [0x7ff71dc3f46f]
	msedgedriver!(No symbol) [0x7ff71dc3f070]
	msedgedriver!(No symbol) [0x7ff71dc3edd5]
	msedgedriver!(No symbol) [0x7ff71dc3cf02]
	msedgedriver!(No symbol) [0x7ff71dc3d552]
	msedgedriver!(No symbol) [0x7ff71dc4f978]
	msedgedriver!(No symbol) [0x7ff71dcd0dc4]
	msedgedriver!(No symbol) [0x7ff71dcb586a]
	msedgedriver!(No symbol) [0x7ff71dc8b9b7]
	msedgedriver!(No symbol) [0x7ff71dcd07e2]
	msedgedriver!(No symbol) [0x7ff71dc8b1fc]
	msedgedriver!(No symbol) [0x7ff71dc8a456]
	msedgedriver!(No symbol) [0x7ff71dc8b023]
	msedgedriver!(No symbol) [0x7ff71dd58b69]
	msedgedriver!(No symbol) [0x7ff71dd55103]
	msedgedriver!(No symbol) [0x7ff71dd64d14]
	msedgedriver!GetHandleVerifier [0x7ff71df3c108+28898]
	msedgedriver!GetHandleVerifier [0x7ff71df448c6+31056]
	msedgedriver!GetHandleVerifier [0x7ff71df289c4+15154]
	msedgedriver!GetHandleVerifier [0x7ff71df28b09+15299]
	msedgedriver!GetHandleVerifier [0x7ff71df15d02+2492]
	KERNEL32!BaseThreadInitThunk [0x7ff83ba5e8d7+17]
	ntdll!RtlUserThreadStart [0x7ff83c00c53c+2c]

2026-03-29 08:09:54,579 [ERROR] __main__ - 登录失败，本次检查跳过
2026-03-29 08:09:56,795 [INFO] scraper - 浏览器已关闭
2026-03-29 08:14:56,797 [INFO] __main__ - ▶ 开始检查新动态 …
2026-03-29 08:14:57,666 [INFO] scraper - Edge 浏览器已启动（无头模式: False）
2026-03-29 08:14:57,667 [INFO] scraper - 正在登录 LinkedIn …
2026-03-29 08:14:58,031 [ERROR] scraper - 登录过程发生意外错误: Message: unknown error: net::ERR_CONNECTION_RESET
  (Session info: MicrosoftEdge=146.0.3856.84)
Stacktrace:
	msedgedriver!GetHandleVerifier [0x7ff71df21285+da15]
	msedgedriver!GetHandleVerifier [0x7ff71df212e4+da74]
	msedgedriver!GetHandleVerifier [0x7ff71e28f8dc+37c06c]
	msedgedriver!(No symbol) [0x7ff71dc49d7c]
	msedgedriver!(No symbol) [0x7ff71dc3f1ff]
	msedgedriver!(No symbol) [0x7ff71dc4082c]
	msedgedriver!(No symbol) [0x7ff71dc3f46f]
	msedgedriver!(No symbol) [0x7ff71dc3f070]
	msedgedriver!(No symbol) [0x7ff71dc3edd5]
	msedgedriver!(No symbol) [0x7ff71dc3cf02]
	msedgedriver!(No symbol) [0x7ff71dc3d552]
	msedgedriver!(No symbol) [0x7ff71dc4f978]
	msedgedriver!(No symbol) [0x7ff71dcd0dc4]
	msedgedriver!(No symbol) [0x7ff71dcb586a]
	msedgedriver!(No symbol) [0x7ff71dc8b9b7]
	msedgedriver!(No symbol) [0x7ff71dcd07e2]
	msedgedriver!(No symbol) [0x7ff71dc8b1fc]
	msedgedriver!(No symbol) [0x7ff71dc8a456]
	msedgedriver!(No symbol) [0x7ff71dc8b023]
	msedgedriver!(No symbol) [0x7ff71dd58b69]
	msedgedriver!(No symbol) [0x7ff71dd55103]
	msedgedriver!(No symbol) [0x7ff71dd64d14]
	msedgedriver!GetHandleVerifier [0x7ff71df3c108+28898]
	msedgedriver!GetHandleVerifier [0x7ff71df448c6+31056]
	msedgedriver!GetHandleVerifier [0x7ff71df289c4+15154]
	msedgedriver!GetHandleVerifier [0x7ff71df28b09+15299]
	msedgedriver!GetHandleVerifier [0x7ff71df15d02+2492]
	KERNEL32!BaseThreadInitThunk [0x7ff83ba5e8d7+17]
	ntdll!RtlUserThreadStart [0x7ff83c00c53c+2c]
Traceback (most recent call last):
  File "C:\autoGeneratedApp\linkedInInformationCollection\scraper.py", line 95, in login
    self.close()
            ~~^^
  File "C:\autoGeneratedApp\linkedInInformationCollection\.venv\Lib\site-packages\selenium\webdriver\remote\webdriver.py", line 466, in get
    self.execute(Command.GET, {"url": url})
    ~~~~~~~~~~~~^^^^^^^^^^^^^^^^^^^^^^^^^^^
  File "C:\autoGeneratedApp\linkedInInformationCollection\.venv\Lib\site-packages\selenium\webdriver\remote\webdriver.py", line 446, in execute
    self.error_handler.check_response(response)
    ~~~~~~~~~~~~~~~~~~~~~~~~~~~~~~~~~^^^^^^^^^^
  File "C:\autoGeneratedApp\linkedInInformationCollection\.venv\Lib\site-packages\selenium\webdriver\remote\errorhandler.py", line 232, in check_response
    raise exception_class(message, screen, stacktrace)
selenium.common.exceptions.WebDriverException: Message: unknown error: net::ERR_CONNECTION_RESET
  (Session info: MicrosoftEdge=146.0.3856.84)
Stacktrace:
	msedgedriver!GetHandleVerifier [0x7ff71df21285+da15]
	msedgedriver!GetHandleVerifier [0x7ff71df212e4+da74]
	msedgedriver!GetHandleVerifier [0x7ff71e28f8dc+37c06c]
	msedgedriver!(No symbol) [0x7ff71dc49d7c]
	msedgedriver!(No symbol) [0x7ff71dc3f1ff]
	msedgedriver!(No symbol) [0x7ff71dc4082c]
	msedgedriver!(No symbol) [0x7ff71dc3f46f]
	msedgedriver!(No symbol) [0x7ff71dc3f070]
	msedgedriver!(No symbol) [0x7ff71dc3edd5]
	msedgedriver!(No symbol) [0x7ff71dc3cf02]
	msedgedriver!(No symbol) [0x7ff71dc3d552]
	msedgedriver!(No symbol) [0x7ff71dc4f978]
	msedgedriver!(No symbol) [0x7ff71dcd0dc4]
	msedgedriver!(No symbol) [0x7ff71dcb586a]
	msedgedriver!(No symbol) [0x7ff71dc8b9b7]
	msedgedriver!(No symbol) [0x7ff71dcd07e2]
	msedgedriver!(No symbol) [0x7ff71dc8b1fc]
	msedgedriver!(No symbol) [0x7ff71dc8a456]
	msedgedriver!(No symbol) [0x7ff71dc8b023]
	msedgedriver!(No symbol) [0x7ff71dd58b69]
	msedgedriver!(No symbol) [0x7ff71dd55103]
	msedgedriver!(No symbol) [0x7ff71dd64d14]
	msedgedriver!GetHandleVerifier [0x7ff71df3c108+28898]
	msedgedriver!GetHandleVerifier [0x7ff71df448c6+31056]
	msedgedriver!GetHandleVerifier [0x7ff71df289c4+15154]
	msedgedriver!GetHandleVerifier [0x7ff71df28b09+15299]
	msedgedriver!GetHandleVerifier [0x7ff71df15d02+2492]
	KERNEL32!BaseThreadInitThunk [0x7ff83ba5e8d7+17]
	ntdll!RtlUserThreadStart [0x7ff83c00c53c+2c]

2026-03-29 08:14:58,033 [ERROR] __main__ - 登录失败，本次检查跳过
2026-03-29 08:15:00,275 [INFO] scraper - 浏览器已关闭
2026-03-29 08:20:00,277 [INFO] __main__ - ▶ 开始检查新动态 …
2026-03-29 08:20:01,125 [INFO] scraper - Edge 浏览器已启动（无头模式: False）
2026-03-29 08:20:01,126 [INFO] scraper - 正在登录 LinkedIn …
2026-03-29 08:20:01,498 [ERROR] scraper - 登录过程发生意外错误: Message: unknown error: net::ERR_CONNECTION_RESET
  (Session info: MicrosoftEdge=146.0.3856.84)
Stacktrace:
	msedgedriver!GetHandleVerifier [0x7ff71df21285+da15]
	msedgedriver!GetHandleVerifier [0x7ff71df212e4+da74]
	msedgedriver!GetHandleVerifier [0x7ff71e28f8dc+37c06c]
	msedgedriver!(No symbol) [0x7ff71dc49d7c]
	msedgedriver!(No symbol) [0x7ff71dc3f1ff]
	msedgedriver!(No symbol) [0x7ff71dc4082c]
	msedgedriver!(No symbol) [0x7ff71dc3f46f]
	msedgedriver!(No symbol) [0x7ff71dc3f070]
	msedgedriver!(No symbol) [0x7ff71dc3edd5]
	msedgedriver!(No symbol) [0x7ff71dc3cf02]
	msedgedriver!(No symbol) [0x7ff71dc3d552]
	msedgedriver!(No symbol) [0x7ff71dc4f978]
	msedgedriver!(No symbol) [0x7ff71dcd0dc4]
	msedgedriver!(No symbol) [0x7ff71dcb586a]
	msedgedriver!(No symbol) [0x7ff71dc8b9b7]
	msedgedriver!(No symbol) [0x7ff71dcd07e2]
	msedgedriver!(No symbol) [0x7ff71dc8b1fc]
	msedgedriver!(No symbol) [0x7ff71dc8a456]
	msedgedriver!(No symbol) [0x7ff71dc8b023]
	msedgedriver!(No symbol) [0x7ff71dd58b69]
	msedgedriver!(No symbol) [0x7ff71dd55103]
	msedgedriver!(No symbol) [0x7ff71dd64d14]
	msedgedriver!GetHandleVerifier [0x7ff71df3c108+28898]
	msedgedriver!GetHandleVerifier [0x7ff71df448c6+31056]
	msedgedriver!GetHandleVerifier [0x7ff71df289c4+15154]
	msedgedriver!GetHandleVerifier [0x7ff71df28b09+15299]
	msedgedriver!GetHandleVerifier [0x7ff71df15d02+2492]
	KERNEL32!BaseThreadInitThunk [0x7ff83ba5e8d7+17]
	ntdll!RtlUserThreadStart [0x7ff83c00c53c+2c]
Traceback (most recent call last):
  File "C:\autoGeneratedApp\linkedInInformationCollection\scraper.py", line 95, in login
    self.close()
            ~~^^
  File "C:\autoGeneratedApp\linkedInInformationCollection\.venv\Lib\site-packages\selenium\webdriver\remote\webdriver.py", line 466, in get
    self.execute(Command.GET, {"url": url})
    ~~~~~~~~~~~~^^^^^^^^^^^^^^^^^^^^^^^^^^^
  File "C:\autoGeneratedApp\linkedInInformationCollection\.venv\Lib\site-packages\selenium\webdriver\remote\webdriver.py", line 446, in execute
    self.error_handler.check_response(response)
    ~~~~~~~~~~~~~~~~~~~~~~~~~~~~~~~~~^^^^^^^^^^
  File "C:\autoGeneratedApp\linkedInInformationCollection\.venv\Lib\site-packages\selenium\webdriver\remote\errorhandler.py", line 232, in check_response
    raise exception_class(message, screen, stacktrace)
selenium.common.exceptions.WebDriverException: Message: unknown error: net::ERR_CONNECTION_RESET
  (Session info: MicrosoftEdge=146.0.3856.84)
Stacktrace:
	msedgedriver!GetHandleVerifier [0x7ff71df21285+da15]
	msedgedriver!GetHandleVerifier [0x7ff71df212e4+da74]
	msedgedriver!GetHandleVerifier [0x7ff71e28f8dc+37c06c]
	msedgedriver!(No symbol) [0x7ff71dc49d7c]
	msedgedriver!(No symbol) [0x7ff71dc3f1ff]
	msedgedriver!(No symbol) [0x7ff71dc4082c]
	msedgedriver!(No symbol) [0x7ff71dc3f46f]
	msedgedriver!(No symbol) [0x7ff71dc3f070]
	msedgedriver!(No symbol) [0x7ff71dc3edd5]
	msedgedriver!(No symbol) [0x7ff71dc3cf02]
	msedgedriver!(No symbol) [0x7ff71dc3d552]
	msedgedriver!(No symbol) [0x7ff71dc4f978]
	msedgedriver!(No symbol) [0x7ff71dcd0dc4]
	msedgedriver!(No symbol) [0x7ff71dcb586a]
	msedgedriver!(No symbol) [0x7ff71dc8b9b7]
	msedgedriver!(No symbol) [0x7ff71dcd07e2]
	msedgedriver!(No symbol) [0x7ff71dc8b1fc]
	msedgedriver!(No symbol) [0x7ff71dc8a456]
	msedgedriver!(No symbol) [0x7ff71dc8b023]
	msedgedriver!(No symbol) [0x7ff71dd58b69]
	msedgedriver!(No symbol) [0x7ff71dd55103]
	msedgedriver!(No symbol) [0x7ff71dd64d14]
	msedgedriver!GetHandleVerifier [0x7ff71df3c108+28898]
	msedgedriver!GetHandleVerifier [0x7ff71df448c6+31056]
	msedgedriver!GetHandleVerifier [0x7ff71df289c4+15154]
	msedgedriver!GetHandleVerifier [0x7ff71df28b09+15299]
	msedgedriver!GetHandleVerifier [0x7ff71df15d02+2492]
	KERNEL32!BaseThreadInitThunk [0x7ff83ba5e8d7+17]
	ntdll!RtlUserThreadStart [0x7ff83c00c53c+2c]

2026-03-29 08:20:01,500 [ERROR] __main__ - 登录失败，本次检查跳过
2026-03-29 08:20:03,716 [INFO] scraper - 浏览器已关闭
2026-03-29 08:25:03,717 [INFO] __main__ - ▶ 开始检查新动态 …
2026-03-29 08:25:05,001 [INFO] scraper - Edge 浏览器已启动（无头模式: False）
2026-03-29 08:25:05,002 [INFO] scraper - 正在登录 LinkedIn …
2026-03-29 08:25:20,658 [ERROR] scraper - 登录超时，请检查网络或账号信息
2026-03-29 08:25:20,658 [ERROR] __main__ - 登录失败，本次检查跳过
2026-03-29 08:25:22,928 [INFO] scraper - 浏览器已关闭
2026-03-29 08:30:17,670 [INFO] __main__ - ▶ 开始检查新动态 …
2026-03-29 08:30:17,745 [INFO] scraper - 访问用户动态页: https://www.linkedin.com/in/jianshu-dong-1191b9129/recent-activity/all/
2026-03-29 08:30:22,929 [INFO] __main__ - ▶ 开始检查新动态 …
2026-03-29 08:30:23,778 [INFO] scraper - Edge 浏览器已启动（无头模式: False）
2026-03-29 08:30:23,779 [INFO] scraper - 正在登录 LinkedIn …
2026-03-29 08:30:24,149 [ERROR] scraper - 登录过程发生意外错误: Message: unknown error: net::ERR_CONNECTION_RESET
  (Session info: MicrosoftEdge=146.0.3856.84)
Stacktrace:
	msedgedriver!GetHandleVerifier [0x7ff71df21285+da15]
	msedgedriver!GetHandleVerifier [0x7ff71df212e4+da74]
	msedgedriver!GetHandleVerifier [0x7ff71e28f8dc+37c06c]
	msedgedriver!(No symbol) [0x7ff71dc49d7c]
	msedgedriver!(No symbol) [0x7ff71dc3f1ff]
	msedgedriver!(No symbol) [0x7ff71dc4082c]
	msedgedriver!(No symbol) [0x7ff71dc3f46f]
	msedgedriver!(No symbol) [0x7ff71dc3f070]
	msedgedriver!(No symbol) [0x7ff71dc3edd5]
	msedgedriver!(No symbol) [0x7ff71dc3cf02]
	msedgedriver!(No symbol) [0x7ff71dc3d552]
	msedgedriver!(No symbol) [0x7ff71dc4f978]
	msedgedriver!(No symbol) [0x7ff71dcd0dc4]
	msedgedriver!(No symbol) [0x7ff71dcb586a]
	msedgedriver!(No symbol) [0x7ff71dc8b9b7]
	msedgedriver!(No symbol) [0x7ff71dcd07e2]
	msedgedriver!(No symbol) [0x7ff71dc8b1fc]
	msedgedriver!(No symbol) [0x7ff71dc8a456]
	msedgedriver!(No symbol) [0x7ff71dc8b023]
	msedgedriver!(No symbol) [0x7ff71dd58b69]
	msedgedriver!(No symbol) [0x7ff71dd55103]
	msedgedriver!(No symbol) [0x7ff71dd64d14]
	msedgedriver!GetHandleVerifier [0x7ff71df3c108+28898]
	msedgedriver!GetHandleVerifier [0x7ff71df448c6+31056]
	msedgedriver!GetHandleVerifier [0x7ff71df289c4+15154]
	msedgedriver!GetHandleVerifier [0x7ff71df28b09+15299]
	msedgedriver!GetHandleVerifier [0x7ff71df15d02+2492]
	KERNEL32!BaseThreadInitThunk [0x7ff83ba5e8d7+17]
	ntdll!RtlUserThreadStart [0x7ff83c00c53c+2c]
Traceback (most recent call last):
  File "C:\autoGeneratedApp\linkedInInformationCollection\scraper.py", line 95, in login
    self.close()
            ~~^^
  File "C:\autoGeneratedApp\linkedInInformationCollection\.venv\Lib\site-packages\selenium\webdriver\remote\webdriver.py", line 466, in get
    self.execute(Command.GET, {"url": url})
    ~~~~~~~~~~~~^^^^^^^^^^^^^^^^^^^^^^^^^^^
  File "C:\autoGeneratedApp\linkedInInformationCollection\.venv\Lib\site-packages\selenium\webdriver\remote\webdriver.py", line 446, in execute
    self.error_handler.check_response(response)
    ~~~~~~~~~~~~~~~~~~~~~~~~~~~~~~~~~^^^^^^^^^^
  File "C:\autoGeneratedApp\linkedInInformationCollection\.venv\Lib\site-packages\selenium\webdriver\remote\errorhandler.py", line 232, in check_response
    raise exception_class(message, screen, stacktrace)
selenium.common.exceptions.WebDriverException: Message: unknown error: net::ERR_CONNECTION_RESET
  (Session info: MicrosoftEdge=146.0.3856.84)
Stacktrace:
	msedgedriver!GetHandleVerifier [0x7ff71df21285+da15]
	msedgedriver!GetHandleVerifier [0x7ff71df212e4+da74]
	msedgedriver!GetHandleVerifier [0x7ff71e28f8dc+37c06c]
	msedgedriver!(No symbol) [0x7ff71dc49d7c]
	msedgedriver!(No symbol) [0x7ff71dc3f1ff]
	msedgedriver!(No symbol) [0x7ff71dc4082c]
	msedgedriver!(No symbol) [0x7ff71dc3f46f]
	msedgedriver!(No symbol) [0x7ff71dc3f070]
	msedgedriver!(No symbol) [0x7ff71dc3edd5]
	msedgedriver!(No symbol) [0x7ff71dc3cf02]
	msedgedriver!(No symbol) [0x7ff71dc3d552]
	msedgedriver!(No symbol) [0x7ff71dc4f978]
	msedgedriver!(No symbol) [0x7ff71dcd0dc4]
	msedgedriver!(No symbol) [0x7ff71dcb586a]
	msedgedriver!(No symbol) [0x7ff71dc8b9b7]
	msedgedriver!(No symbol) [0x7ff71dcd07e2]
	msedgedriver!(No symbol) [0x7ff71dc8b1fc]
	msedgedriver!(No symbol) [0x7ff71dc8a456]
	msedgedriver!(No symbol) [0x7ff71dc8b023]
	msedgedriver!(No symbol) [0x7ff71dd58b69]
	msedgedriver!(No symbol) [0x7ff71dd55103]
	msedgedriver!(No symbol) [0x7ff71dd64d14]
	msedgedriver!GetHandleVerifier [0x7ff71df3c108+28898]
	msedgedriver!GetHandleVerifier [0x7ff71df448c6+31056]
	msedgedriver!GetHandleVerifier [0x7ff71df289c4+15154]
	msedgedriver!GetHandleVerifier [0x7ff71df28b09+15299]
	msedgedriver!GetHandleVerifier [0x7ff71df15d02+2492]
	KERNEL32!BaseThreadInitThunk [0x7ff83ba5e8d7+17]
	ntdll!RtlUserThreadStart [0x7ff83c00c53c+2c]

2026-03-29 08:30:24,151 [ERROR] __main__ - 登录失败，本次检查跳过
2026-03-29 08:30:26,343 [INFO] scraper - 浏览器已关闭
2026-03-29 08:30:29,015 [INFO] scraper - 共抓取到 5 条帖子
2026-03-29 08:30:29,016 [INFO] __main__ - ✔ 无新动态
2026-03-29 08:35:26,344 [INFO] __main__ - ▶ 开始检查新动态 …
2026-03-29 08:35:27,357 [INFO] scraper - Edge 浏览器已启动（无头模式: False）
2026-03-29 08:35:27,357 [INFO] scraper - 正在登录 LinkedIn …
2026-03-29 08:35:27,757 [ERROR] scraper - 登录过程发生意外错误: Message: unknown error: net::ERR_CONNECTION_RESET
  (Session info: MicrosoftEdge=146.0.3856.84)
Stacktrace:
	msedgedriver!GetHandleVerifier [0x7ff71df21285+da15]
	msedgedriver!GetHandleVerifier [0x7ff71df212e4+da74]
	msedgedriver!GetHandleVerifier [0x7ff71e28f8dc+37c06c]
	msedgedriver!(No symbol) [0x7ff71dc49d7c]
	msedgedriver!(No symbol) [0x7ff71dc3f1ff]
	msedgedriver!(No symbol) [0x7ff71dc4082c]
	msedgedriver!(No symbol) [0x7ff71dc3f46f]
	msedgedriver!(No symbol) [0x7ff71dc3f070]
	msedgedriver!(No symbol) [0x7ff71dc3edd5]
	msedgedriver!(No symbol) [0x7ff71dc3cf02]
	msedgedriver!(No symbol) [0x7ff71dc3d552]
	msedgedriver!(No symbol) [0x7ff71dc4f978]
	msedgedriver!(No symbol) [0x7ff71dcd0dc4]
	msedgedriver!(No symbol) [0x7ff71dcb586a]
	msedgedriver!(No symbol) [0x7ff71dc8b9b7]
	msedgedriver!(No symbol) [0x7ff71dcd07e2]
	msedgedriver!(No symbol) [0x7ff71dc8b1fc]
	msedgedriver!(No symbol) [0x7ff71dc8a456]
	msedgedriver!(No symbol) [0x7ff71dc8b023]
	msedgedriver!(No symbol) [0x7ff71dd58b69]
	msedgedriver!(No symbol) [0x7ff71dd55103]
	msedgedriver!(No symbol) [0x7ff71dd64d14]
	msedgedriver!GetHandleVerifier [0x7ff71df3c108+28898]
	msedgedriver!GetHandleVerifier [0x7ff71df448c6+31056]
	msedgedriver!GetHandleVerifier [0x7ff71df289c4+15154]
	msedgedriver!GetHandleVerifier [0x7ff71df28b09+15299]
	msedgedriver!GetHandleVerifier [0x7ff71df15d02+2492]
	KERNEL32!BaseThreadInitThunk [0x7ff83ba5e8d7+17]
	ntdll!RtlUserThreadStart [0x7ff83c00c53c+2c]
Traceback (most recent call last):
  File "C:\autoGeneratedApp\linkedInInformationCollection\scraper.py", line 95, in login
    self.close()
            ~~^^
  File "C:\autoGeneratedApp\linkedInInformationCollection\.venv\Lib\site-packages\selenium\webdriver\remote\webdriver.py", line 466, in get
    self.execute(Command.GET, {"url": url})
    ~~~~~~~~~~~~^^^^^^^^^^^^^^^^^^^^^^^^^^^
  File "C:\autoGeneratedApp\linkedInInformationCollection\.venv\Lib\site-packages\selenium\webdriver\remote\webdriver.py", line 446, in execute
    self.error_handler.check_response(response)
    ~~~~~~~~~~~~~~~~~~~~~~~~~~~~~~~~~^^^^^^^^^^
  File "C:\autoGeneratedApp\linkedInInformationCollection\.venv\Lib\site-packages\selenium\webdriver\remote\errorhandler.py", line 232, in check_response
    raise exception_class(message, screen, stacktrace)
selenium.common.exceptions.WebDriverException: Message: unknown error: net::ERR_CONNECTION_RESET
  (Session info: MicrosoftEdge=146.0.3856.84)
Stacktrace:
	msedgedriver!GetHandleVerifier [0x7ff71df21285+da15]
	msedgedriver!GetHandleVerifier [0x7ff71df212e4+da74]
	msedgedriver!GetHandleVerifier [0x7ff71e28f8dc+37c06c]
	msedgedriver!(No symbol) [0x7ff71dc49d7c]
	msedgedriver!(No symbol) [0x7ff71dc3f1ff]
	msedgedriver!(No symbol) [0x7ff71dc4082c]
	msedgedriver!(No symbol) [0x7ff71dc3f46f]
	msedgedriver!(No symbol) [0x7ff71dc3f070]
	msedgedriver!(No symbol) [0x7ff71dc3edd5]
	msedgedriver!(No symbol) [0x7ff71dc3cf02]
	msedgedriver!(No symbol) [0x7ff71dc3d552]
	msedgedriver!(No symbol) [0x7ff71dc4f978]
	msedgedriver!(No symbol) [0x7ff71dcd0dc4]
	msedgedriver!(No symbol) [0x7ff71dcb586a]
	msedgedriver!(No symbol) [0x7ff71dc8b9b7]
	msedgedriver!(No symbol) [0x7ff71dcd07e2]
	msedgedriver!(No symbol) [0x7ff71dc8b1fc]
	msedgedriver!(No symbol) [0x7ff71dc8a456]
	msedgedriver!(No symbol) [0x7ff71dc8b023]
	msedgedriver!(No symbol) [0x7ff71dd58b69]
	msedgedriver!(No symbol) [0x7ff71dd55103]
	msedgedriver!(No symbol) [0x7ff71dd64d14]
	msedgedriver!GetHandleVerifier [0x7ff71df3c108+28898]
	msedgedriver!GetHandleVerifier [0x7ff71df448c6+31056]
	msedgedriver!GetHandleVerifier [0x7ff71df289c4+15154]
	msedgedriver!GetHandleVerifier [0x7ff71df28b09+15299]
	msedgedriver!GetHandleVerifier [0x7ff71df15d02+2492]
	KERNEL32!BaseThreadInitThunk [0x7ff83ba5e8d7+17]
	ntdll!RtlUserThreadStart [0x7ff83c00c53c+2c]

2026-03-29 08:35:27,761 [ERROR] __main__ - 登录失败，本次检查跳过
2026-03-29 08:35:29,982 [INFO] scraper - 浏览器已关闭
2026-03-29 08:40:29,983 [INFO] __main__ - ▶ 开始检查新动态 …
2026-03-29 08:40:30,859 [INFO] scraper - Edge 浏览器已启动（无头模式: False）
2026-03-29 08:40:30,859 [INFO] scraper - 正在登录 LinkedIn …
2026-03-29 08:40:31,274 [ERROR] scraper - 登录过程发生意外错误: Message: unknown error: net::ERR_CONNECTION_RESET
  (Session info: MicrosoftEdge=146.0.3856.84)
Stacktrace:
	msedgedriver!GetHandleVerifier [0x7ff71df21285+da15]
	msedgedriver!GetHandleVerifier [0x7ff71df212e4+da74]
	msedgedriver!GetHandleVerifier [0x7ff71e28f8dc+37c06c]
	msedgedriver!(No symbol) [0x7ff71dc49d7c]
	msedgedriver!(No symbol) [0x7ff71dc3f1ff]
	msedgedriver!(No symbol) [0x7ff71dc4082c]
	msedgedriver!(No symbol) [0x7ff71dc3f46f]
	msedgedriver!(No symbol) [0x7ff71dc3f070]
	msedgedriver!(No symbol) [0x7ff71dc3edd5]
	msedgedriver!(No symbol) [0x7ff71dc3cf02]
	msedgedriver!(No symbol) [0x7ff71dc3d552]
	msedgedriver!(No symbol) [0x7ff71dc4f978]
	msedgedriver!(No symbol) [0x7ff71dcd0dc4]
	msedgedriver!(No symbol) [0x7ff71dcb586a]
	msedgedriver!(No symbol) [0x7ff71dc8b9b7]
	msedgedriver!(No symbol) [0x7ff71dcd07e2]
	msedgedriver!(No symbol) [0x7ff71dc8b1fc]
	msedgedriver!(No symbol) [0x7ff71dc8a456]
	msedgedriver!(No symbol) [0x7ff71dc8b023]
	msedgedriver!(No symbol) [0x7ff71dd58b69]
	msedgedriver!(No symbol) [0x7ff71dd55103]
	msedgedriver!(No symbol) [0x7ff71dd64d14]
	msedgedriver!GetHandleVerifier [0x7ff71df3c108+28898]
	msedgedriver!GetHandleVerifier [0x7ff71df448c6+31056]
	msedgedriver!GetHandleVerifier [0x7ff71df289c4+15154]
	msedgedriver!GetHandleVerifier [0x7ff71df28b09+15299]
	msedgedriver!GetHandleVerifier [0x7ff71df15d02+2492]
	KERNEL32!BaseThreadInitThunk [0x7ff83ba5e8d7+17]
	ntdll!RtlUserThreadStart [0x7ff83c00c53c+2c]
Traceback (most recent call last):
  File "C:\autoGeneratedApp\linkedInInformationCollection\scraper.py", line 95, in login
    self.close()
            ~~^^
  File "C:\autoGeneratedApp\linkedInInformationCollection\.venv\Lib\site-packages\selenium\webdriver\remote\webdriver.py", line 466, in get
    self.execute(Command.GET, {"url": url})
    ~~~~~~~~~~~~^^^^^^^^^^^^^^^^^^^^^^^^^^^
  File "C:\autoGeneratedApp\linkedInInformationCollection\.venv\Lib\site-packages\selenium\webdriver\remote\webdriver.py", line 446, in execute
    self.error_handler.check_response(response)
    ~~~~~~~~~~~~~~~~~~~~~~~~~~~~~~~~~^^^^^^^^^^
  File "C:\autoGeneratedApp\linkedInInformationCollection\.venv\Lib\site-packages\selenium\webdriver\remote\errorhandler.py", line 232, in check_response
    raise exception_class(message, screen, stacktrace)
selenium.common.exceptions.WebDriverException: Message: unknown error: net::ERR_CONNECTION_RESET
  (Session info: MicrosoftEdge=146.0.3856.84)
Stacktrace:
	msedgedriver!GetHandleVerifier [0x7ff71df21285+da15]
	msedgedriver!GetHandleVerifier [0x7ff71df212e4+da74]
	msedgedriver!GetHandleVerifier [0x7ff71e28f8dc+37c06c]
	msedgedriver!(No symbol) [0x7ff71dc49d7c]
	msedgedriver!(No symbol) [0x7ff71dc3f1ff]
	msedgedriver!(No symbol) [0x7ff71dc4082c]
	msedgedriver!(No symbol) [0x7ff71dc3f46f]
	msedgedriver!(No symbol) [0x7ff71dc3f070]
	msedgedriver!(No symbol) [0x7ff71dc3edd5]
	msedgedriver!(No symbol) [0x7ff71dc3cf02]
	msedgedriver!(No symbol) [0x7ff71dc3d552]
	msedgedriver!(No symbol) [0x7ff71dc4f978]
	msedgedriver!(No symbol) [0x7ff71dcd0dc4]
	msedgedriver!(No symbol) [0x7ff71dcb586a]
	msedgedriver!(No symbol) [0x7ff71dc8b9b7]
	msedgedriver!(No symbol) [0x7ff71dcd07e2]
	msedgedriver!(No symbol) [0x7ff71dc8b1fc]
	msedgedriver!(No symbol) [0x7ff71dc8a456]
	msedgedriver!(No symbol) [0x7ff71dc8b023]
	msedgedriver!(No symbol) [0x7ff71dd58b69]
	msedgedriver!(No symbol) [0x7ff71dd55103]
	msedgedriver!(No symbol) [0x7ff71dd64d14]
	msedgedriver!GetHandleVerifier [0x7ff71df3c108+28898]
	msedgedriver!GetHandleVerifier [0x7ff71df448c6+31056]
	msedgedriver!GetHandleVerifier [0x7ff71df289c4+15154]
	msedgedriver!GetHandleVerifier [0x7ff71df28b09+15299]
	msedgedriver!GetHandleVerifier [0x7ff71df15d02+2492]
	KERNEL32!BaseThreadInitThunk [0x7ff83ba5e8d7+17]
	ntdll!RtlUserThreadStart [0x7ff83c00c53c+2c]

2026-03-29 08:40:31,277 [ERROR] __main__ - 登录失败，本次检查跳过
2026-03-29 08:40:33,517 [INFO] scraper - 浏览器已关闭
2026-03-29 08:45:33,519 [INFO] __main__ - ▶ 开始检查新动态 …
2026-03-29 08:45:34,399 [INFO] scraper - Edge 浏览器已启动（无头模式: False）
2026-03-29 08:45:34,400 [INFO] scraper - 正在登录 LinkedIn …
2026-03-29 08:45:34,798 [ERROR] scraper - 登录过程发生意外错误: Message: unknown error: net::ERR_CONNECTION_RESET
  (Session info: MicrosoftEdge=146.0.3856.84)
Stacktrace:
	msedgedriver!GetHandleVerifier [0x7ff71df21285+da15]
	msedgedriver!GetHandleVerifier [0x7ff71df212e4+da74]
	msedgedriver!GetHandleVerifier [0x7ff71e28f8dc+37c06c]
	msedgedriver!(No symbol) [0x7ff71dc49d7c]
	msedgedriver!(No symbol) [0x7ff71dc3f1ff]
	msedgedriver!(No symbol) [0x7ff71dc4082c]
	msedgedriver!(No symbol) [0x7ff71dc3f46f]
	msedgedriver!(No symbol) [0x7ff71dc3f070]
	msedgedriver!(No symbol) [0x7ff71dc3edd5]
	msedgedriver!(No symbol) [0x7ff71dc3cf02]
	msedgedriver!(No symbol) [0x7ff71dc3d552]
	msedgedriver!(No symbol) [0x7ff71dc4f978]
	msedgedriver!(No symbol) [0x7ff71dcd0dc4]
	msedgedriver!(No symbol) [0x7ff71dcb586a]
	msedgedriver!(No symbol) [0x7ff71dc8b9b7]
	msedgedriver!(No symbol) [0x7ff71dcd07e2]
	msedgedriver!(No symbol) [0x7ff71dc8b1fc]
	msedgedriver!(No symbol) [0x7ff71dc8a456]
	msedgedriver!(No symbol) [0x7ff71dc8b023]
	msedgedriver!(No symbol) [0x7ff71dd58b69]
	msedgedriver!(No symbol) [0x7ff71dd55103]
	msedgedriver!(No symbol) [0x7ff71dd64d14]
	msedgedriver!GetHandleVerifier [0x7ff71df3c108+28898]
	msedgedriver!GetHandleVerifier [0x7ff71df448c6+31056]
	msedgedriver!GetHandleVerifier [0x7ff71df289c4+15154]
	msedgedriver!GetHandleVerifier [0x7ff71df28b09+15299]
	msedgedriver!GetHandleVerifier [0x7ff71df15d02+2492]
	KERNEL32!BaseThreadInitThunk [0x7ff83ba5e8d7+17]
	ntdll!RtlUserThreadStart [0x7ff83c00c53c+2c]
Traceback (most recent call last):
  File "C:\autoGeneratedApp\linkedInInformationCollection\scraper.py", line 95, in login
    self.close()
            ~~^^
  File "C:\autoGeneratedApp\linkedInInformationCollection\.venv\Lib\site-packages\selenium\webdriver\remote\webdriver.py", line 466, in get
    self.execute(Command.GET, {"url": url})
    ~~~~~~~~~~~~^^^^^^^^^^^^^^^^^^^^^^^^^^^
  File "C:\autoGeneratedApp\linkedInInformationCollection\.venv\Lib\site-packages\selenium\webdriver\remote\webdriver.py", line 446, in execute
    self.error_handler.check_response(response)
    ~~~~~~~~~~~~~~~~~~~~~~~~~~~~~~~~~^^^^^^^^^^
  File "C:\autoGeneratedApp\linkedInInformationCollection\.venv\Lib\site-packages\selenium\webdriver\remote\errorhandler.py", line 232, in check_response
    raise exception_class(message, screen, stacktrace)
selenium.common.exceptions.WebDriverException: Message: unknown error: net::ERR_CONNECTION_RESET
  (Session info: MicrosoftEdge=146.0.3856.84)
Stacktrace:
	msedgedriver!GetHandleVerifier [0x7ff71df21285+da15]
	msedgedriver!GetHandleVerifier [0x7ff71df212e4+da74]
	msedgedriver!GetHandleVerifier [0x7ff71e28f8dc+37c06c]
	msedgedriver!(No symbol) [0x7ff71dc49d7c]
	msedgedriver!(No symbol) [0x7ff71dc3f1ff]
	msedgedriver!(No symbol) [0x7ff71dc4082c]
	msedgedriver!(No symbol) [0x7ff71dc3f46f]
	msedgedriver!(No symbol) [0x7ff71dc3f070]
	msedgedriver!(No symbol) [0x7ff71dc3edd5]
	msedgedriver!(No symbol) [0x7ff71dc3cf02]
	msedgedriver!(No symbol) [0x7ff71dc3d552]
	msedgedriver!(No symbol) [0x7ff71dc4f978]
	msedgedriver!(No symbol) [0x7ff71dcd0dc4]
	msedgedriver!(No symbol) [0x7ff71dcb586a]
	msedgedriver!(No symbol) [0x7ff71dc8b9b7]
	msedgedriver!(No symbol) [0x7ff71dcd07e2]
	msedgedriver!(No symbol) [0x7ff71dc8b1fc]
	msedgedriver!(No symbol) [0x7ff71dc8a456]
	msedgedriver!(No symbol) [0x7ff71dc8b023]
	msedgedriver!(No symbol) [0x7ff71dd58b69]
	msedgedriver!(No symbol) [0x7ff71dd55103]
	msedgedriver!(No symbol) [0x7ff71dd64d14]
	msedgedriver!GetHandleVerifier [0x7ff71df3c108+28898]
	msedgedriver!GetHandleVerifier [0x7ff71df448c6+31056]
	msedgedriver!GetHandleVerifier [0x7ff71df289c4+15154]
	msedgedriver!GetHandleVerifier [0x7ff71df28b09+15299]
	msedgedriver!GetHandleVerifier [0x7ff71df15d02+2492]
	KERNEL32!BaseThreadInitThunk [0x7ff83ba5e8d7+17]
	ntdll!RtlUserThreadStart [0x7ff83c00c53c+2c]

2026-03-29 08:45:34,800 [ERROR] __main__ - 登录失败，本次检查跳过
2026-03-29 08:45:37,012 [INFO] scraper - 浏览器已关闭
2026-03-29 08:50:37,014 [INFO] __main__ - ▶ 开始检查新动态 …
2026-03-29 08:50:37,868 [INFO] scraper - Edge 浏览器已启动（无头模式: False）
2026-03-29 08:50:37,869 [INFO] scraper - 正在登录 LinkedIn …
2026-03-29 08:50:53,527 [ERROR] scraper - 登录超时，请检查网络或账号信息
2026-03-29 08:50:53,527 [ERROR] __main__ - 登录失败，本次检查跳过
2026-03-29 08:50:55,822 [INFO] scraper - 浏览器已关闭
2026-03-29 08:55:55,823 [INFO] __main__ - ▶ 开始检查新动态 …
2026-03-29 08:55:56,664 [INFO] scraper - Edge 浏览器已启动（无头模式: False）
2026-03-29 08:55:56,664 [INFO] scraper - 正在登录 LinkedIn …
2026-03-29 08:55:57,011 [ERROR] scraper - 登录过程发生意外错误: Message: unknown error: net::ERR_CONNECTION_RESET
  (Session info: MicrosoftEdge=146.0.3856.84)
Stacktrace:
	msedgedriver!GetHandleVerifier [0x7ff71df21285+da15]
	msedgedriver!GetHandleVerifier [0x7ff71df212e4+da74]
	msedgedriver!GetHandleVerifier [0x7ff71e28f8dc+37c06c]
	msedgedriver!(No symbol) [0x7ff71dc49d7c]
	msedgedriver!(No symbol) [0x7ff71dc3f1ff]
	msedgedriver!(No symbol) [0x7ff71dc4082c]
	msedgedriver!(No symbol) [0x7ff71dc3f46f]
	msedgedriver!(No symbol) [0x7ff71dc3f070]
	msedgedriver!(No symbol) [0x7ff71dc3edd5]
	msedgedriver!(No symbol) [0x7ff71dc3cf02]
	msedgedriver!(No symbol) [0x7ff71dc3d552]
	msedgedriver!(No symbol) [0x7ff71dc4f978]
	msedgedriver!(No symbol) [0x7ff71dcd0dc4]
	msedgedriver!(No symbol) [0x7ff71dcb586a]
	msedgedriver!(No symbol) [0x7ff71dc8b9b7]
	msedgedriver!(No symbol) [0x7ff71dcd07e2]
	msedgedriver!(No symbol) [0x7ff71dc8b1fc]
	msedgedriver!(No symbol) [0x7ff71dc8a456]
	msedgedriver!(No symbol) [0x7ff71dc8b023]
	msedgedriver!(No symbol) [0x7ff71dd58b69]
	msedgedriver!(No symbol) [0x7ff71dd55103]
	msedgedriver!(No symbol) [0x7ff71dd64d14]
	msedgedriver!GetHandleVerifier [0x7ff71df3c108+28898]
	msedgedriver!GetHandleVerifier [0x7ff71df448c6+31056]
	msedgedriver!GetHandleVerifier [0x7ff71df289c4+15154]
	msedgedriver!GetHandleVerifier [0x7ff71df28b09+15299]
	msedgedriver!GetHandleVerifier [0x7ff71df15d02+2492]
	KERNEL32!BaseThreadInitThunk [0x7ff83ba5e8d7+17]
	ntdll!RtlUserThreadStart [0x7ff83c00c53c+2c]
Traceback (most recent call last):
  File "C:\autoGeneratedApp\linkedInInformationCollection\scraper.py", line 95, in login
    self.close()
            ~~^^
  File "C:\autoGeneratedApp\linkedInInformationCollection\.venv\Lib\site-packages\selenium\webdriver\remote\webdriver.py", line 466, in get
    self.execute(Command.GET, {"url": url})
    ~~~~~~~~~~~~^^^^^^^^^^^^^^^^^^^^^^^^^^^
  File "C:\autoGeneratedApp\linkedInInformationCollection\.venv\Lib\site-packages\selenium\webdriver\remote\webdriver.py", line 446, in execute
    self.error_handler.check_response(response)
    ~~~~~~~~~~~~~~~~~~~~~~~~~~~~~~~~~^^^^^^^^^^
  File "C:\autoGeneratedApp\linkedInInformationCollection\.venv\Lib\site-packages\selenium\webdriver\remote\errorhandler.py", line 232, in check_response
    raise exception_class(message, screen, stacktrace)
selenium.common.exceptions.WebDriverException: Message: unknown error: net::ERR_CONNECTION_RESET
  (Session info: MicrosoftEdge=146.0.3856.84)
Stacktrace:
	msedgedriver!GetHandleVerifier [0x7ff71df21285+da15]
	msedgedriver!GetHandleVerifier [0x7ff71df212e4+da74]
	msedgedriver!GetHandleVerifier [0x7ff71e28f8dc+37c06c]
	msedgedriver!(No symbol) [0x7ff71dc49d7c]
	msedgedriver!(No symbol) [0x7ff71dc3f1ff]
	msedgedriver!(No symbol) [0x7ff71dc4082c]
	msedgedriver!(No symbol) [0x7ff71dc3f46f]
	msedgedriver!(No symbol) [0x7ff71dc3f070]
	msedgedriver!(No symbol) [0x7ff71dc3edd5]
	msedgedriver!(No symbol) [0x7ff71dc3cf02]
	msedgedriver!(No symbol) [0x7ff71dc3d552]
	msedgedriver!(No symbol) [0x7ff71dc4f978]
	msedgedriver!(No symbol) [0x7ff71dcd0dc4]
	msedgedriver!(No symbol) [0x7ff71dcb586a]
	msedgedriver!(No symbol) [0x7ff71dc8b9b7]
	msedgedriver!(No symbol) [0x7ff71dcd07e2]
	msedgedriver!(No symbol) [0x7ff71dc8b1fc]
	msedgedriver!(No symbol) [0x7ff71dc8a456]
	msedgedriver!(No symbol) [0x7ff71dc8b023]
	msedgedriver!(No symbol) [0x7ff71dd58b69]
	msedgedriver!(No symbol) [0x7ff71dd55103]
	msedgedriver!(No symbol) [0x7ff71dd64d14]
	msedgedriver!GetHandleVerifier [0x7ff71df3c108+28898]
	msedgedriver!GetHandleVerifier [0x7ff71df448c6+31056]
	msedgedriver!GetHandleVerifier [0x7ff71df289c4+15154]
	msedgedriver!GetHandleVerifier [0x7ff71df28b09+15299]
	msedgedriver!GetHandleVerifier [0x7ff71df15d02+2492]
	KERNEL32!BaseThreadInitThunk [0x7ff83ba5e8d7+17]
	ntdll!RtlUserThreadStart [0x7ff83c00c53c+2c]

2026-03-29 08:55:57,013 [ERROR] __main__ - 登录失败，本次检查跳过
2026-03-29 08:55:59,224 [INFO] scraper - 浏览器已关闭
2026-03-29 09:00:59,225 [INFO] __main__ - ▶ 开始检查新动态 …
2026-03-29 09:01:00,111 [INFO] scraper - Edge 浏览器已启动（无头模式: False）
2026-03-29 09:01:00,112 [INFO] scraper - 正在登录 LinkedIn …
2026-03-29 09:01:00,471 [ERROR] scraper - 登录过程发生意外错误: Message: unknown error: net::ERR_CONNECTION_RESET
  (Session info: MicrosoftEdge=146.0.3856.84)
Stacktrace:
	msedgedriver!GetHandleVerifier [0x7ff71df21285+da15]
	msedgedriver!GetHandleVerifier [0x7ff71df212e4+da74]
	msedgedriver!GetHandleVerifier [0x7ff71e28f8dc+37c06c]
	msedgedriver!(No symbol) [0x7ff71dc49d7c]
	msedgedriver!(No symbol) [0x7ff71dc3f1ff]
	msedgedriver!(No symbol) [0x7ff71dc4082c]
	msedgedriver!(No symbol) [0x7ff71dc3f46f]
	msedgedriver!(No symbol) [0x7ff71dc3f070]
	msedgedriver!(No symbol) [0x7ff71dc3edd5]
	msedgedriver!(No symbol) [0x7ff71dc3cf02]
	msedgedriver!(No symbol) [0x7ff71dc3d552]
	msedgedriver!(No symbol) [0x7ff71dc4f978]
	msedgedriver!(No symbol) [0x7ff71dcd0dc4]
	msedgedriver!(No symbol) [0x7ff71dcb586a]
	msedgedriver!(No symbol) [0x7ff71dc8b9b7]
	msedgedriver!(No symbol) [0x7ff71dcd07e2]
	msedgedriver!(No symbol) [0x7ff71dc8b1fc]
	msedgedriver!(No symbol) [0x7ff71dc8a456]
	msedgedriver!(No symbol) [0x7ff71dc8b023]
	msedgedriver!(No symbol) [0x7ff71dd58b69]
	msedgedriver!(No symbol) [0x7ff71dd55103]
	msedgedriver!(No symbol) [0x7ff71dd64d14]
	msedgedriver!GetHandleVerifier [0x7ff71df3c108+28898]
	msedgedriver!GetHandleVerifier [0x7ff71df448c6+31056]
	msedgedriver!GetHandleVerifier [0x7ff71df289c4+15154]
	msedgedriver!GetHandleVerifier [0x7ff71df28b09+15299]
	msedgedriver!GetHandleVerifier [0x7ff71df15d02+2492]
	KERNEL32!BaseThreadInitThunk [0x7ff83ba5e8d7+17]
	ntdll!RtlUserThreadStart [0x7ff83c00c53c+2c]
Traceback (most recent call last):
  File "C:\autoGeneratedApp\linkedInInformationCollection\scraper.py", line 95, in login
    self.close()
            ~~^^
  File "C:\autoGeneratedApp\linkedInInformationCollection\.venv\Lib\site-packages\selenium\webdriver\remote\webdriver.py", line 466, in get
    self.execute(Command.GET, {"url": url})
    ~~~~~~~~~~~~^^^^^^^^^^^^^^^^^^^^^^^^^^^
  File "C:\autoGeneratedApp\linkedInInformationCollection\.venv\Lib\site-packages\selenium\webdriver\remote\webdriver.py", line 446, in execute
    self.error_handler.check_response(response)
    ~~~~~~~~~~~~~~~~~~~~~~~~~~~~~~~~~^^^^^^^^^^
  File "C:\autoGeneratedApp\linkedInInformationCollection\.venv\Lib\site-packages\selenium\webdriver\remote\errorhandler.py", line 232, in check_response
    raise exception_class(message, screen, stacktrace)
selenium.common.exceptions.WebDriverException: Message: unknown error: net::ERR_CONNECTION_RESET
  (Session info: MicrosoftEdge=146.0.3856.84)
Stacktrace:
	msedgedriver!GetHandleVerifier [0x7ff71df21285+da15]
	msedgedriver!GetHandleVerifier [0x7ff71df212e4+da74]
	msedgedriver!GetHandleVerifier [0x7ff71e28f8dc+37c06c]
	msedgedriver!(No symbol) [0x7ff71dc49d7c]
	msedgedriver!(No symbol) [0x7ff71dc3f1ff]
	msedgedriver!(No symbol) [0x7ff71dc4082c]
	msedgedriver!(No symbol) [0x7ff71dc3f46f]
	msedgedriver!(No symbol) [0x7ff71dc3f070]
	msedgedriver!(No symbol) [0x7ff71dc3edd5]
	msedgedriver!(No symbol) [0x7ff71dc3cf02]
	msedgedriver!(No symbol) [0x7ff71dc3d552]
	msedgedriver!(No symbol) [0x7ff71dc4f978]
	msedgedriver!(No symbol) [0x7ff71dcd0dc4]
	msedgedriver!(No symbol) [0x7ff71dcb586a]
	msedgedriver!(No symbol) [0x7ff71dc8b9b7]
	msedgedriver!(No symbol) [0x7ff71dcd07e2]
	msedgedriver!(No symbol) [0x7ff71dc8b1fc]
	msedgedriver!(No symbol) [0x7ff71dc8a456]
	msedgedriver!(No symbol) [0x7ff71dc8b023]
	msedgedriver!(No symbol) [0x7ff71dd58b69]
	msedgedriver!(No symbol) [0x7ff71dd55103]
	msedgedriver!(No symbol) [0x7ff71dd64d14]
	msedgedriver!GetHandleVerifier [0x7ff71df3c108+28898]
	msedgedriver!GetHandleVerifier [0x7ff71df448c6+31056]
	msedgedriver!GetHandleVerifier [0x7ff71df289c4+15154]
	msedgedriver!GetHandleVerifier [0x7ff71df28b09+15299]
	msedgedriver!GetHandleVerifier [0x7ff71df15d02+2492]
	KERNEL32!BaseThreadInitThunk [0x7ff83ba5e8d7+17]
	ntdll!RtlUserThreadStart [0x7ff83c00c53c+2c]

2026-03-29 09:01:00,473 [ERROR] __main__ - 登录失败，本次检查跳过
2026-03-29 09:01:02,656 [INFO] scraper - 浏览器已关闭
2026-03-29 09:06:02,658 [INFO] __main__ - ▶ 开始检查新动态 …
2026-03-29 09:06:03,525 [INFO] scraper - Edge 浏览器已启动（无头模式: False）
2026-03-29 09:06:03,525 [INFO] scraper - 正在登录 LinkedIn …
2026-03-29 09:06:19,091 [ERROR] scraper - 登录超时，请检查网络或账号信息
2026-03-29 09:06:19,091 [ERROR] __main__ - 登录失败，本次检查跳过
2026-03-29 09:06:21,361 [INFO] scraper - 浏览器已关闭
2026-03-29 09:11:21,363 [INFO] __main__ - ▶ 开始检查新动态 …
2026-03-29 09:11:22,209 [INFO] scraper - Edge 浏览器已启动（无头模式: False）
2026-03-29 09:11:22,210 [INFO] scraper - 正在登录 LinkedIn …
2026-03-29 09:11:37,753 [ERROR] scraper - 登录超时，请检查网络或账号信息
2026-03-29 09:11:37,753 [ERROR] __main__ - 登录失败，本次检查跳过
2026-03-29 09:11:39,941 [INFO] scraper - 浏览器已关闭
2026-03-29 09:16:39,942 [INFO] __main__ - ▶ 开始检查新动态 …
2026-03-29 09:16:40,828 [INFO] scraper - Edge 浏览器已启动（无头模式: False）
2026-03-29 09:16:40,828 [INFO] scraper - 正在登录 LinkedIn …
2026-03-29 09:16:41,249 [ERROR] scraper - 登录过程发生意外错误: Message: unknown error: net::ERR_CONNECTION_RESET
  (Session info: MicrosoftEdge=146.0.3856.84)
Stacktrace:
	msedgedriver!GetHandleVerifier [0x7ff71df21285+da15]
	msedgedriver!GetHandleVerifier [0x7ff71df212e4+da74]
	msedgedriver!GetHandleVerifier [0x7ff71e28f8dc+37c06c]
	msedgedriver!(No symbol) [0x7ff71dc49d7c]
	msedgedriver!(No symbol) [0x7ff71dc3f1ff]
	msedgedriver!(No symbol) [0x7ff71dc4082c]
	msedgedriver!(No symbol) [0x7ff71dc3f46f]
	msedgedriver!(No symbol) [0x7ff71dc3f070]
	msedgedriver!(No symbol) [0x7ff71dc3edd5]
	msedgedriver!(No symbol) [0x7ff71dc3cf02]
	msedgedriver!(No symbol) [0x7ff71dc3d552]
	msedgedriver!(No symbol) [0x7ff71dc4f978]
	msedgedriver!(No symbol) [0x7ff71dcd0dc4]
	msedgedriver!(No symbol) [0x7ff71dcb586a]
	msedgedriver!(No symbol) [0x7ff71dc8b9b7]
	msedgedriver!(No symbol) [0x7ff71dcd07e2]
	msedgedriver!(No symbol) [0x7ff71dc8b1fc]
	msedgedriver!(No symbol) [0x7ff71dc8a456]
	msedgedriver!(No symbol) [0x7ff71dc8b023]
	msedgedriver!(No symbol) [0x7ff71dd58b69]
	msedgedriver!(No symbol) [0x7ff71dd55103]
	msedgedriver!(No symbol) [0x7ff71dd64d14]
	msedgedriver!GetHandleVerifier [0x7ff71df3c108+28898]
	msedgedriver!GetHandleVerifier [0x7ff71df448c6+31056]
	msedgedriver!GetHandleVerifier [0x7ff71df289c4+15154]
	msedgedriver!GetHandleVerifier [0x7ff71df28b09+15299]
	msedgedriver!GetHandleVerifier [0x7ff71df15d02+2492]
	KERNEL32!BaseThreadInitThunk [0x7ff83ba5e8d7+17]
	ntdll!RtlUserThreadStart [0x7ff83c00c53c+2c]
Traceback (most recent call last):
  File "C:\autoGeneratedApp\linkedInInformationCollection\scraper.py", line 95, in login
    self.close()
            ~~^^
  File "C:\autoGeneratedApp\linkedInInformationCollection\.venv\Lib\site-packages\selenium\webdriver\remote\webdriver.py", line 466, in get
    self.execute(Command.GET, {"url": url})
    ~~~~~~~~~~~~^^^^^^^^^^^^^^^^^^^^^^^^^^^
  File "C:\autoGeneratedApp\linkedInInformationCollection\.venv\Lib\site-packages\selenium\webdriver\remote\webdriver.py", line 446, in execute
    self.error_handler.check_response(response)
    ~~~~~~~~~~~~~~~~~~~~~~~~~~~~~~~~~^^^^^^^^^^
  File "C:\autoGeneratedApp\linkedInInformationCollection\.venv\Lib\site-packages\selenium\webdriver\remote\errorhandler.py", line 232, in check_response
    raise exception_class(message, screen, stacktrace)
selenium.common.exceptions.WebDriverException: Message: unknown error: net::ERR_CONNECTION_RESET
  (Session info: MicrosoftEdge=146.0.3856.84)
Stacktrace:
	msedgedriver!GetHandleVerifier [0x7ff71df21285+da15]
	msedgedriver!GetHandleVerifier [0x7ff71df212e4+da74]
	msedgedriver!GetHandleVerifier [0x7ff71e28f8dc+37c06c]
	msedgedriver!(No symbol) [0x7ff71dc49d7c]
	msedgedriver!(No symbol) [0x7ff71dc3f1ff]
	msedgedriver!(No symbol) [0x7ff71dc4082c]
	msedgedriver!(No symbol) [0x7ff71dc3f46f]
	msedgedriver!(No symbol) [0x7ff71dc3f070]
	msedgedriver!(No symbol) [0x7ff71dc3edd5]
	msedgedriver!(No symbol) [0x7ff71dc3cf02]
	msedgedriver!(No symbol) [0x7ff71dc3d552]
	msedgedriver!(No symbol) [0x7ff71dc4f978]
	msedgedriver!(No symbol) [0x7ff71dcd0dc4]
	msedgedriver!(No symbol) [0x7ff71dcb586a]
	msedgedriver!(No symbol) [0x7ff71dc8b9b7]
	msedgedriver!(No symbol) [0x7ff71dcd07e2]
	msedgedriver!(No symbol) [0x7ff71dc8b1fc]
	msedgedriver!(No symbol) [0x7ff71dc8a456]
	msedgedriver!(No symbol) [0x7ff71dc8b023]
	msedgedriver!(No symbol) [0x7ff71dd58b69]
	msedgedriver!(No symbol) [0x7ff71dd55103]
	msedgedriver!(No symbol) [0x7ff71dd64d14]
	msedgedriver!GetHandleVerifier [0x7ff71df3c108+28898]
	msedgedriver!GetHandleVerifier [0x7ff71df448c6+31056]
	msedgedriver!GetHandleVerifier [0x7ff71df289c4+15154]
	msedgedriver!GetHandleVerifier [0x7ff71df28b09+15299]
	msedgedriver!GetHandleVerifier [0x7ff71df15d02+2492]
	KERNEL32!BaseThreadInitThunk [0x7ff83ba5e8d7+17]
	ntdll!RtlUserThreadStart [0x7ff83c00c53c+2c]

2026-03-29 09:16:41,251 [ERROR] __main__ - 登录失败，本次检查跳过
2026-03-29 09:16:43,482 [INFO] scraper - 浏览器已关闭
2026-03-29 09:21:43,484 [INFO] __main__ - ▶ 开始检查新动态 …
2026-03-29 09:21:44,316 [INFO] scraper - Edge 浏览器已启动（无头模式: False）
2026-03-29 09:21:44,316 [INFO] scraper - 正在登录 LinkedIn …
2026-03-29 09:21:44,658 [ERROR] scraper - 登录过程发生意外错误: Message: unknown error: net::ERR_CONNECTION_RESET
  (Session info: MicrosoftEdge=146.0.3856.84)
Stacktrace:
	msedgedriver!GetHandleVerifier [0x7ff71df21285+da15]
	msedgedriver!GetHandleVerifier [0x7ff71df212e4+da74]
	msedgedriver!GetHandleVerifier [0x7ff71e28f8dc+37c06c]
	msedgedriver!(No symbol) [0x7ff71dc49d7c]
	msedgedriver!(No symbol) [0x7ff71dc3f1ff]
	msedgedriver!(No symbol) [0x7ff71dc4082c]
	msedgedriver!(No symbol) [0x7ff71dc3f46f]
	msedgedriver!(No symbol) [0x7ff71dc3f070]
	msedgedriver!(No symbol) [0x7ff71dc3edd5]
	msedgedriver!(No symbol) [0x7ff71dc3cf02]
	msedgedriver!(No symbol) [0x7ff71dc3d552]
	msedgedriver!(No symbol) [0x7ff71dc4f978]
	msedgedriver!(No symbol) [0x7ff71dcd0dc4]
	msedgedriver!(No symbol) [0x7ff71dcb586a]
	msedgedriver!(No symbol) [0x7ff71dc8b9b7]
	msedgedriver!(No symbol) [0x7ff71dcd07e2]
	msedgedriver!(No symbol) [0x7ff71dc8b1fc]
	msedgedriver!(No symbol) [0x7ff71dc8a456]
	msedgedriver!(No symbol) [0x7ff71dc8b023]
	msedgedriver!(No symbol) [0x7ff71dd58b69]
	msedgedriver!(No symbol) [0x7ff71dd55103]
	msedgedriver!(No symbol) [0x7ff71dd64d14]
	msedgedriver!GetHandleVerifier [0x7ff71df3c108+28898]
	msedgedriver!GetHandleVerifier [0x7ff71df448c6+31056]
	msedgedriver!GetHandleVerifier [0x7ff71df289c4+15154]
	msedgedriver!GetHandleVerifier [0x7ff71df28b09+15299]
	msedgedriver!GetHandleVerifier [0x7ff71df15d02+2492]
	KERNEL32!BaseThreadInitThunk [0x7ff83ba5e8d7+17]
	ntdll!RtlUserThreadStart [0x7ff83c00c53c+2c]
Traceback (most recent call last):
  File "C:\autoGeneratedApp\linkedInInformationCollection\scraper.py", line 95, in login
    self.close()
            ~~^^
  File "C:\autoGeneratedApp\linkedInInformationCollection\.venv\Lib\site-packages\selenium\webdriver\remote\webdriver.py", line 466, in get
    self.execute(Command.GET, {"url": url})
    ~~~~~~~~~~~~^^^^^^^^^^^^^^^^^^^^^^^^^^^
  File "C:\autoGeneratedApp\linkedInInformationCollection\.venv\Lib\site-packages\selenium\webdriver\remote\webdriver.py", line 446, in execute
    self.error_handler.check_response(response)
    ~~~~~~~~~~~~~~~~~~~~~~~~~~~~~~~~~^^^^^^^^^^
  File "C:\autoGeneratedApp\linkedInInformationCollection\.venv\Lib\site-packages\selenium\webdriver\remote\errorhandler.py", line 232, in check_response
    raise exception_class(message, screen, stacktrace)
selenium.common.exceptions.WebDriverException: Message: unknown error: net::ERR_CONNECTION_RESET
  (Session info: MicrosoftEdge=146.0.3856.84)
Stacktrace:
	msedgedriver!GetHandleVerifier [0x7ff71df21285+da15]
	msedgedriver!GetHandleVerifier [0x7ff71df212e4+da74]
	msedgedriver!GetHandleVerifier [0x7ff71e28f8dc+37c06c]
	msedgedriver!(No symbol) [0x7ff71dc49d7c]
	msedgedriver!(No symbol) [0x7ff71dc3f1ff]
	msedgedriver!(No symbol) [0x7ff71dc4082c]
	msedgedriver!(No symbol) [0x7ff71dc3f46f]
	msedgedriver!(No symbol) [0x7ff71dc3f070]
	msedgedriver!(No symbol) [0x7ff71dc3edd5]
	msedgedriver!(No symbol) [0x7ff71dc3cf02]
	msedgedriver!(No symbol) [0x7ff71dc3d552]
	msedgedriver!(No symbol) [0x7ff71dc4f978]
	msedgedriver!(No symbol) [0x7ff71dcd0dc4]
	msedgedriver!(No symbol) [0x7ff71dcb586a]
	msedgedriver!(No symbol) [0x7ff71dc8b9b7]
	msedgedriver!(No symbol) [0x7ff71dcd07e2]
	msedgedriver!(No symbol) [0x7ff71dc8b1fc]
	msedgedriver!(No symbol) [0x7ff71dc8a456]
	msedgedriver!(No symbol) [0x7ff71dc8b023]
	msedgedriver!(No symbol) [0x7ff71dd58b69]
	msedgedriver!(No symbol) [0x7ff71dd55103]
	msedgedriver!(No symbol) [0x7ff71dd64d14]
	msedgedriver!GetHandleVerifier [0x7ff71df3c108+28898]
	msedgedriver!GetHandleVerifier [0x7ff71df448c6+31056]
	msedgedriver!GetHandleVerifier [0x7ff71df289c4+15154]
	msedgedriver!GetHandleVerifier [0x7ff71df28b09+15299]
	msedgedriver!GetHandleVerifier [0x7ff71df15d02+2492]
	KERNEL32!BaseThreadInitThunk [0x7ff83ba5e8d7+17]
	ntdll!RtlUserThreadStart [0x7ff83c00c53c+2c]

2026-03-29 09:21:44,660 [ERROR] __main__ - 登录失败，本次检查跳过
2026-03-29 09:21:46,867 [INFO] scraper - 浏览器已关闭
2026-03-29 09:26:46,868 [INFO] __main__ - ▶ 开始检查新动态 …
2026-03-29 09:26:48,200 [INFO] scraper - Edge 浏览器已启动（无头模式: False）
2026-03-29 09:26:48,200 [INFO] scraper - 正在登录 LinkedIn …
2026-03-29 09:26:48,573 [ERROR] scraper - 登录过程发生意外错误: Message: unknown error: net::ERR_CONNECTION_RESET
  (Session info: MicrosoftEdge=146.0.3856.84)
Stacktrace:
	msedgedriver!GetHandleVerifier [0x7ff71df21285+da15]
	msedgedriver!GetHandleVerifier [0x7ff71df212e4+da74]
	msedgedriver!GetHandleVerifier [0x7ff71e28f8dc+37c06c]
	msedgedriver!(No symbol) [0x7ff71dc49d7c]
	msedgedriver!(No symbol) [0x7ff71dc3f1ff]
	msedgedriver!(No symbol) [0x7ff71dc4082c]
	msedgedriver!(No symbol) [0x7ff71dc3f46f]
	msedgedriver!(No symbol) [0x7ff71dc3f070]
	msedgedriver!(No symbol) [0x7ff71dc3edd5]
	msedgedriver!(No symbol) [0x7ff71dc3cf02]
	msedgedriver!(No symbol) [0x7ff71dc3d552]
	msedgedriver!(No symbol) [0x7ff71dc4f978]
	msedgedriver!(No symbol) [0x7ff71dcd0dc4]
	msedgedriver!(No symbol) [0x7ff71dcb586a]
	msedgedriver!(No symbol) [0x7ff71dc8b9b7]
	msedgedriver!(No symbol) [0x7ff71dcd07e2]
	msedgedriver!(No symbol) [0x7ff71dc8b1fc]
	msedgedriver!(No symbol) [0x7ff71dc8a456]
	msedgedriver!(No symbol) [0x7ff71dc8b023]
	msedgedriver!(No symbol) [0x7ff71dd58b69]
	msedgedriver!(No symbol) [0x7ff71dd55103]
	msedgedriver!(No symbol) [0x7ff71dd64d14]
	msedgedriver!GetHandleVerifier [0x7ff71df3c108+28898]
	msedgedriver!GetHandleVerifier [0x7ff71df448c6+31056]
	msedgedriver!GetHandleVerifier [0x7ff71df289c4+15154]
	msedgedriver!GetHandleVerifier [0x7ff71df28b09+15299]
	msedgedriver!GetHandleVerifier [0x7ff71df15d02+2492]
	KERNEL32!BaseThreadInitThunk [0x7ff83ba5e8d7+17]
	ntdll!RtlUserThreadStart [0x7ff83c00c53c+2c]
Traceback (most recent call last):
  File "C:\autoGeneratedApp\linkedInInformationCollection\scraper.py", line 95, in login
    self.close()
            ~~^^
  File "C:\autoGeneratedApp\linkedInInformationCollection\.venv\Lib\site-packages\selenium\webdriver\remote\webdriver.py", line 466, in get
    self.execute(Command.GET, {"url": url})
    ~~~~~~~~~~~~^^^^^^^^^^^^^^^^^^^^^^^^^^^
  File "C:\autoGeneratedApp\linkedInInformationCollection\.venv\Lib\site-packages\selenium\webdriver\remote\webdriver.py", line 446, in execute
    self.error_handler.check_response(response)
    ~~~~~~~~~~~~~~~~~~~~~~~~~~~~~~~~~^^^^^^^^^^
  File "C:\autoGeneratedApp\linkedInInformationCollection\.venv\Lib\site-packages\selenium\webdriver\remote\errorhandler.py", line 232, in check_response
    raise exception_class(message, screen, stacktrace)
selenium.common.exceptions.WebDriverException: Message: unknown error: net::ERR_CONNECTION_RESET
  (Session info: MicrosoftEdge=146.0.3856.84)
Stacktrace:
	msedgedriver!GetHandleVerifier [0x7ff71df21285+da15]
	msedgedriver!GetHandleVerifier [0x7ff71df212e4+da74]
	msedgedriver!GetHandleVerifier [0x7ff71e28f8dc+37c06c]
	msedgedriver!(No symbol) [0x7ff71dc49d7c]
	msedgedriver!(No symbol) [0x7ff71dc3f1ff]
	msedgedriver!(No symbol) [0x7ff71dc4082c]
	msedgedriver!(No symbol) [0x7ff71dc3f46f]
	msedgedriver!(No symbol) [0x7ff71dc3f070]
	msedgedriver!(No symbol) [0x7ff71dc3edd5]
	msedgedriver!(No symbol) [0x7ff71dc3cf02]
	msedgedriver!(No symbol) [0x7ff71dc3d552]
	msedgedriver!(No symbol) [0x7ff71dc4f978]
	msedgedriver!(No symbol) [0x7ff71dcd0dc4]
	msedgedriver!(No symbol) [0x7ff71dcb586a]
	msedgedriver!(No symbol) [0x7ff71dc8b9b7]
	msedgedriver!(No symbol) [0x7ff71dcd07e2]
	msedgedriver!(No symbol) [0x7ff71dc8b1fc]
	msedgedriver!(No symbol) [0x7ff71dc8a456]
	msedgedriver!(No symbol) [0x7ff71dc8b023]
	msedgedriver!(No symbol) [0x7ff71dd58b69]
	msedgedriver!(No symbol) [0x7ff71dd55103]
	msedgedriver!(No symbol) [0x7ff71dd64d14]
	msedgedriver!GetHandleVerifier [0x7ff71df3c108+28898]
	msedgedriver!GetHandleVerifier [0x7ff71df448c6+31056]
	msedgedriver!GetHandleVerifier [0x7ff71df289c4+15154]
	msedgedriver!GetHandleVerifier [0x7ff71df28b09+15299]
	msedgedriver!GetHandleVerifier [0x7ff71df15d02+2492]
	KERNEL32!BaseThreadInitThunk [0x7ff83ba5e8d7+17]
	ntdll!RtlUserThreadStart [0x7ff83c00c53c+2c]

2026-03-29 09:26:48,575 [ERROR] __main__ - 登录失败，本次检查跳过
2026-03-29 09:26:50,794 [INFO] scraper - 浏览器已关闭
2026-03-29 09:30:29,030 [INFO] __main__ - ▶ 开始检查新动态 …
2026-03-29 09:30:29,083 [INFO] scraper - 访问用户动态页: https://www.linkedin.com/in/jianshu-dong-1191b9129/recent-activity/all/
2026-03-29 09:30:37,436 [INFO] scraper - 共抓取到 5 条帖子
2026-03-29 09:30:37,436 [INFO] __main__ - ✔ 无新动态
2026-03-29 09:31:50,795 [INFO] __main__ - ▶ 开始检查新动态 …
2026-03-29 09:31:51,647 [INFO] scraper - Edge 浏览器已启动（无头模式: False）
2026-03-29 09:31:51,647 [INFO] scraper - 正在登录 LinkedIn …
2026-03-29 09:32:07,228 [ERROR] scraper - 登录超时，请检查网络或账号信息
2026-03-29 09:32:07,228 [ERROR] __main__ - 登录失败，本次检查跳过
2026-03-29 09:32:09,420 [INFO] scraper - 浏览器已关闭
2026-03-29 09:37:09,422 [INFO] __main__ - ▶ 开始检查新动态 …
2026-03-29 09:37:10,285 [INFO] scraper - Edge 浏览器已启动（无头模式: False）
2026-03-29 09:37:10,285 [INFO] scraper - 正在登录 LinkedIn …
2026-03-29 09:37:10,634 [ERROR] scraper - 登录过程发生意外错误: Message: unknown error: net::ERR_CONNECTION_RESET
  (Session info: MicrosoftEdge=146.0.3856.84)
Stacktrace:
	msedgedriver!GetHandleVerifier [0x7ff71df21285+da15]
	msedgedriver!GetHandleVerifier [0x7ff71df212e4+da74]
	msedgedriver!GetHandleVerifier [0x7ff71e28f8dc+37c06c]
	msedgedriver!(No symbol) [0x7ff71dc49d7c]
	msedgedriver!(No symbol) [0x7ff71dc3f1ff]
	msedgedriver!(No symbol) [0x7ff71dc4082c]
	msedgedriver!(No symbol) [0x7ff71dc3f46f]
	msedgedriver!(No symbol) [0x7ff71dc3f070]
	msedgedriver!(No symbol) [0x7ff71dc3edd5]
	msedgedriver!(No symbol) [0x7ff71dc3cf02]
	msedgedriver!(No symbol) [0x7ff71dc3d552]
	msedgedriver!(No symbol) [0x7ff71dc4f978]
	msedgedriver!(No symbol) [0x7ff71dcd0dc4]
	msedgedriver!(No symbol) [0x7ff71dcb586a]
	msedgedriver!(No symbol) [0x7ff71dc8b9b7]
	msedgedriver!(No symbol) [0x7ff71dcd07e2]
	msedgedriver!(No symbol) [0x7ff71dc8b1fc]
	msedgedriver!(No symbol) [0x7ff71dc8a456]
	msedgedriver!(No symbol) [0x7ff71dc8b023]
	msedgedriver!(No symbol) [0x7ff71dd58b69]
	msedgedriver!(No symbol) [0x7ff71dd55103]
	msedgedriver!(No symbol) [0x7ff71dd64d14]
	msedgedriver!GetHandleVerifier [0x7ff71df3c108+28898]
	msedgedriver!GetHandleVerifier [0x7ff71df448c6+31056]
	msedgedriver!GetHandleVerifier [0x7ff71df289c4+15154]
	msedgedriver!GetHandleVerifier [0x7ff71df28b09+15299]
	msedgedriver!GetHandleVerifier [0x7ff71df15d02+2492]
	KERNEL32!BaseThreadInitThunk [0x7ff83ba5e8d7+17]
	ntdll!RtlUserThreadStart [0x7ff83c00c53c+2c]
Traceback (most recent call last):
  File "C:\autoGeneratedApp\linkedInInformationCollection\scraper.py", line 95, in login
    self.close()
            ~~^^
  File "C:\autoGeneratedApp\linkedInInformationCollection\.venv\Lib\site-packages\selenium\webdriver\remote\webdriver.py", line 466, in get
    self.execute(Command.GET, {"url": url})
    ~~~~~~~~~~~~^^^^^^^^^^^^^^^^^^^^^^^^^^^
  File "C:\autoGeneratedApp\linkedInInformationCollection\.venv\Lib\site-packages\selenium\webdriver\remote\webdriver.py", line 446, in execute
    self.error_handler.check_response(response)
    ~~~~~~~~~~~~~~~~~~~~~~~~~~~~~~~~~^^^^^^^^^^
  File "C:\autoGeneratedApp\linkedInInformationCollection\.venv\Lib\site-packages\selenium\webdriver\remote\errorhandler.py", line 232, in check_response
    raise exception_class(message, screen, stacktrace)
selenium.common.exceptions.WebDriverException: Message: unknown error: net::ERR_CONNECTION_RESET
  (Session info: MicrosoftEdge=146.0.3856.84)
Stacktrace:
	msedgedriver!GetHandleVerifier [0x7ff71df21285+da15]
	msedgedriver!GetHandleVerifier [0x7ff71df212e4+da74]
	msedgedriver!GetHandleVerifier [0x7ff71e28f8dc+37c06c]
	msedgedriver!(No symbol) [0x7ff71dc49d7c]
	msedgedriver!(No symbol) [0x7ff71dc3f1ff]
	msedgedriver!(No symbol) [0x7ff71dc4082c]
	msedgedriver!(No symbol) [0x7ff71dc3f46f]
	msedgedriver!(No symbol) [0x7ff71dc3f070]
	msedgedriver!(No symbol) [0x7ff71dc3edd5]
	msedgedriver!(No symbol) [0x7ff71dc3cf02]
	msedgedriver!(No symbol) [0x7ff71dc3d552]
	msedgedriver!(No symbol) [0x7ff71dc4f978]
	msedgedriver!(No symbol) [0x7ff71dcd0dc4]
	msedgedriver!(No symbol) [0x7ff71dcb586a]
	msedgedriver!(No symbol) [0x7ff71dc8b9b7]
	msedgedriver!(No symbol) [0x7ff71dcd07e2]
	msedgedriver!(No symbol) [0x7ff71dc8b1fc]
	msedgedriver!(No symbol) [0x7ff71dc8a456]
	msedgedriver!(No symbol) [0x7ff71dc8b023]
	msedgedriver!(No symbol) [0x7ff71dd58b69]
	msedgedriver!(No symbol) [0x7ff71dd55103]
	msedgedriver!(No symbol) [0x7ff71dd64d14]
	msedgedriver!GetHandleVerifier [0x7ff71df3c108+28898]
	msedgedriver!GetHandleVerifier [0x7ff71df448c6+31056]
	msedgedriver!GetHandleVerifier [0x7ff71df289c4+15154]
	msedgedriver!GetHandleVerifier [0x7ff71df28b09+15299]
	msedgedriver!GetHandleVerifier [0x7ff71df15d02+2492]
	KERNEL32!BaseThreadInitThunk [0x7ff83ba5e8d7+17]
	ntdll!RtlUserThreadStart [0x7ff83c00c53c+2c]

2026-03-29 09:37:10,636 [ERROR] __main__ - 登录失败，本次检查跳过
2026-03-29 09:37:12,835 [INFO] scraper - 浏览器已关闭
2026-03-29 09:42:12,836 [INFO] __main__ - ▶ 开始检查新动态 …
2026-03-29 09:42:13,700 [INFO] scraper - Edge 浏览器已启动（无头模式: False）
2026-03-29 09:42:13,700 [INFO] scraper - 正在登录 LinkedIn …
2026-03-29 09:42:29,173 [ERROR] scraper - 登录超时，请检查网络或账号信息
2026-03-29 09:42:29,173 [ERROR] __main__ - 登录失败，本次检查跳过
2026-03-29 09:42:31,374 [INFO] scraper - 浏览器已关闭
2026-03-29 09:47:31,377 [INFO] __main__ - ▶ 开始检查新动态 …
2026-03-29 09:47:32,231 [INFO] scraper - Edge 浏览器已启动（无头模式: False）
2026-03-29 09:47:32,231 [INFO] scraper - 正在登录 LinkedIn …
2026-03-29 09:47:32,634 [ERROR] scraper - 登录过程发生意外错误: Message: unknown error: net::ERR_CONNECTION_RESET
  (Session info: MicrosoftEdge=146.0.3856.84)
Stacktrace:
	msedgedriver!GetHandleVerifier [0x7ff71df21285+da15]
	msedgedriver!GetHandleVerifier [0x7ff71df212e4+da74]
	msedgedriver!GetHandleVerifier [0x7ff71e28f8dc+37c06c]
	msedgedriver!(No symbol) [0x7ff71dc49d7c]
	msedgedriver!(No symbol) [0x7ff71dc3f1ff]
	msedgedriver!(No symbol) [0x7ff71dc4082c]
	msedgedriver!(No symbol) [0x7ff71dc3f46f]
	msedgedriver!(No symbol) [0x7ff71dc3f070]
	msedgedriver!(No symbol) [0x7ff71dc3edd5]
	msedgedriver!(No symbol) [0x7ff71dc3cf02]
	msedgedriver!(No symbol) [0x7ff71dc3d552]
	msedgedriver!(No symbol) [0x7ff71dc4f978]
	msedgedriver!(No symbol) [0x7ff71dcd0dc4]
	msedgedriver!(No symbol) [0x7ff71dcb586a]
	msedgedriver!(No symbol) [0x7ff71dc8b9b7]
	msedgedriver!(No symbol) [0x7ff71dcd07e2]
	msedgedriver!(No symbol) [0x7ff71dc8b1fc]
	msedgedriver!(No symbol) [0x7ff71dc8a456]
	msedgedriver!(No symbol) [0x7ff71dc8b023]
	msedgedriver!(No symbol) [0x7ff71dd58b69]
	msedgedriver!(No symbol) [0x7ff71dd55103]
	msedgedriver!(No symbol) [0x7ff71dd64d14]
	msedgedriver!GetHandleVerifier [0x7ff71df3c108+28898]
	msedgedriver!GetHandleVerifier [0x7ff71df448c6+31056]
	msedgedriver!GetHandleVerifier [0x7ff71df289c4+15154]
	msedgedriver!GetHandleVerifier [0x7ff71df28b09+15299]
	msedgedriver!GetHandleVerifier [0x7ff71df15d02+2492]
	KERNEL32!BaseThreadInitThunk [0x7ff83ba5e8d7+17]
	ntdll!RtlUserThreadStart [0x7ff83c00c53c+2c]
Traceback (most recent call last):
  File "C:\autoGeneratedApp\linkedInInformationCollection\scraper.py", line 95, in login
    self.close()
            ~~^^
  File "C:\autoGeneratedApp\linkedInInformationCollection\.venv\Lib\site-packages\selenium\webdriver\remote\webdriver.py", line 466, in get
    self.execute(Command.GET, {"url": url})
    ~~~~~~~~~~~~^^^^^^^^^^^^^^^^^^^^^^^^^^^
  File "C:\autoGeneratedApp\linkedInInformationCollection\.venv\Lib\site-packages\selenium\webdriver\remote\webdriver.py", line 446, in execute
    self.error_handler.check_response(response)
    ~~~~~~~~~~~~~~~~~~~~~~~~~~~~~~~~~^^^^^^^^^^
  File "C:\autoGeneratedApp\linkedInInformationCollection\.venv\Lib\site-packages\selenium\webdriver\remote\errorhandler.py", line 232, in check_response
    raise exception_class(message, screen, stacktrace)
selenium.common.exceptions.WebDriverException: Message: unknown error: net::ERR_CONNECTION_RESET
  (Session info: MicrosoftEdge=146.0.3856.84)
Stacktrace:
	msedgedriver!GetHandleVerifier [0x7ff71df21285+da15]
	msedgedriver!GetHandleVerifier [0x7ff71df212e4+da74]
	msedgedriver!GetHandleVerifier [0x7ff71e28f8dc+37c06c]
	msedgedriver!(No symbol) [0x7ff71dc49d7c]
	msedgedriver!(No symbol) [0x7ff71dc3f1ff]
	msedgedriver!(No symbol) [0x7ff71dc4082c]
	msedgedriver!(No symbol) [0x7ff71dc3f46f]
	msedgedriver!(No symbol) [0x7ff71dc3f070]
	msedgedriver!(No symbol) [0x7ff71dc3edd5]
	msedgedriver!(No symbol) [0x7ff71dc3cf02]
	msedgedriver!(No symbol) [0x7ff71dc3d552]
	msedgedriver!(No symbol) [0x7ff71dc4f978]
	msedgedriver!(No symbol) [0x7ff71dcd0dc4]
	msedgedriver!(No symbol) [0x7ff71dcb586a]
	msedgedriver!(No symbol) [0x7ff71dc8b9b7]
	msedgedriver!(No symbol) [0x7ff71dcd07e2]
	msedgedriver!(No symbol) [0x7ff71dc8b1fc]
	msedgedriver!(No symbol) [0x7ff71dc8a456]
	msedgedriver!(No symbol) [0x7ff71dc8b023]
	msedgedriver!(No symbol) [0x7ff71dd58b69]
	msedgedriver!(No symbol) [0x7ff71dd55103]
	msedgedriver!(No symbol) [0x7ff71dd64d14]
	msedgedriver!GetHandleVerifier [0x7ff71df3c108+28898]
	msedgedriver!GetHandleVerifier [0x7ff71df448c6+31056]
	msedgedriver!GetHandleVerifier [0x7ff71df289c4+15154]
	msedgedriver!GetHandleVerifier [0x7ff71df28b09+15299]
	msedgedriver!GetHandleVerifier [0x7ff71df15d02+2492]
	KERNEL32!BaseThreadInitThunk [0x7ff83ba5e8d7+17]
	ntdll!RtlUserThreadStart [0x7ff83c00c53c+2c]

2026-03-29 09:47:32,637 [ERROR] __main__ - 登录失败，本次检查跳过
2026-03-29 09:47:34,824 [INFO] scraper - 浏览器已关闭
2026-03-29 09:52:34,826 [INFO] __main__ - ▶ 开始检查新动态 …
2026-03-29 09:52:35,729 [INFO] scraper - Edge 浏览器已启动（无头模式: False）
2026-03-29 09:52:35,729 [INFO] scraper - 正在登录 LinkedIn …
2026-03-29 09:52:36,128 [ERROR] scraper - 登录过程发生意外错误: Message: unknown error: net::ERR_CONNECTION_RESET
  (Session info: MicrosoftEdge=146.0.3856.84)
Stacktrace:
	msedgedriver!GetHandleVerifier [0x7ff71df21285+da15]
	msedgedriver!GetHandleVerifier [0x7ff71df212e4+da74]
	msedgedriver!GetHandleVerifier [0x7ff71e28f8dc+37c06c]
	msedgedriver!(No symbol) [0x7ff71dc49d7c]
	msedgedriver!(No symbol) [0x7ff71dc3f1ff]
	msedgedriver!(No symbol) [0x7ff71dc4082c]
	msedgedriver!(No symbol) [0x7ff71dc3f46f]
	msedgedriver!(No symbol) [0x7ff71dc3f070]
	msedgedriver!(No symbol) [0x7ff71dc3edd5]
	msedgedriver!(No symbol) [0x7ff71dc3cf02]
	msedgedriver!(No symbol) [0x7ff71dc3d552]
	msedgedriver!(No symbol) [0x7ff71dc4f978]
	msedgedriver!(No symbol) [0x7ff71dcd0dc4]
	msedgedriver!(No symbol) [0x7ff71dcb586a]
	msedgedriver!(No symbol) [0x7ff71dc8b9b7]
	msedgedriver!(No symbol) [0x7ff71dcd07e2]
	msedgedriver!(No symbol) [0x7ff71dc8b1fc]
	msedgedriver!(No symbol) [0x7ff71dc8a456]
	msedgedriver!(No symbol) [0x7ff71dc8b023]
	msedgedriver!(No symbol) [0x7ff71dd58b69]
	msedgedriver!(No symbol) [0x7ff71dd55103]
	msedgedriver!(No symbol) [0x7ff71dd64d14]
	msedgedriver!GetHandleVerifier [0x7ff71df3c108+28898]
	msedgedriver!GetHandleVerifier [0x7ff71df448c6+31056]
	msedgedriver!GetHandleVerifier [0x7ff71df289c4+15154]
	msedgedriver!GetHandleVerifier [0x7ff71df28b09+15299]
	msedgedriver!GetHandleVerifier [0x7ff71df15d02+2492]
	KERNEL32!BaseThreadInitThunk [0x7ff83ba5e8d7+17]
	ntdll!RtlUserThreadStart [0x7ff83c00c53c+2c]
Traceback (most recent call last):
  File "C:\autoGeneratedApp\linkedInInformationCollection\scraper.py", line 95, in login
    self.close()
            ~~^^
  File "C:\autoGeneratedApp\linkedInInformationCollection\.venv\Lib\site-packages\selenium\webdriver\remote\webdriver.py", line 466, in get
    self.execute(Command.GET, {"url": url})
    ~~~~~~~~~~~~^^^^^^^^^^^^^^^^^^^^^^^^^^^
  File "C:\autoGeneratedApp\linkedInInformationCollection\.venv\Lib\site-packages\selenium\webdriver\remote\webdriver.py", line 446, in execute
    self.error_handler.check_response(response)
    ~~~~~~~~~~~~~~~~~~~~~~~~~~~~~~~~~^^^^^^^^^^
  File "C:\autoGeneratedApp\linkedInInformationCollection\.venv\Lib\site-packages\selenium\webdriver\remote\errorhandler.py", line 232, in check_response
    raise exception_class(message, screen, stacktrace)
selenium.common.exceptions.WebDriverException: Message: unknown error: net::ERR_CONNECTION_RESET
  (Session info: MicrosoftEdge=146.0.3856.84)
Stacktrace:
	msedgedriver!GetHandleVerifier [0x7ff71df21285+da15]
	msedgedriver!GetHandleVerifier [0x7ff71df212e4+da74]
	msedgedriver!GetHandleVerifier [0x7ff71e28f8dc+37c06c]
	msedgedriver!(No symbol) [0x7ff71dc49d7c]
	msedgedriver!(No symbol) [0x7ff71dc3f1ff]
	msedgedriver!(No symbol) [0x7ff71dc4082c]
	msedgedriver!(No symbol) [0x7ff71dc3f46f]
	msedgedriver!(No symbol) [0x7ff71dc3f070]
	msedgedriver!(No symbol) [0x7ff71dc3edd5]
	msedgedriver!(No symbol) [0x7ff71dc3cf02]
	msedgedriver!(No symbol) [0x7ff71dc3d552]
	msedgedriver!(No symbol) [0x7ff71dc4f978]
	msedgedriver!(No symbol) [0x7ff71dcd0dc4]
	msedgedriver!(No symbol) [0x7ff71dcb586a]
	msedgedriver!(No symbol) [0x7ff71dc8b9b7]
	msedgedriver!(No symbol) [0x7ff71dcd07e2]
	msedgedriver!(No symbol) [0x7ff71dc8b1fc]
	msedgedriver!(No symbol) [0x7ff71dc8a456]
	msedgedriver!(No symbol) [0x7ff71dc8b023]
	msedgedriver!(No symbol) [0x7ff71dd58b69]
	msedgedriver!(No symbol) [0x7ff71dd55103]
	msedgedriver!(No symbol) [0x7ff71dd64d14]
	msedgedriver!GetHandleVerifier [0x7ff71df3c108+28898]
	msedgedriver!GetHandleVerifier [0x7ff71df448c6+31056]
	msedgedriver!GetHandleVerifier [0x7ff71df289c4+15154]
	msedgedriver!GetHandleVerifier [0x7ff71df28b09+15299]
	msedgedriver!GetHandleVerifier [0x7ff71df15d02+2492]
	KERNEL32!BaseThreadInitThunk [0x7ff83ba5e8d7+17]
	ntdll!RtlUserThreadStart [0x7ff83c00c53c+2c]

2026-03-29 09:52:36,130 [ERROR] __main__ - 登录失败，本次检查跳过
2026-03-29 09:52:38,336 [INFO] scraper - 浏览器已关闭
2026-03-29 09:57:38,338 [INFO] __main__ - ▶ 开始检查新动态 …
2026-03-29 09:57:39,189 [INFO] scraper - Edge 浏览器已启动（无头模式: False）
2026-03-29 09:57:39,190 [INFO] scraper - 正在登录 LinkedIn …
2026-03-29 09:57:39,580 [ERROR] scraper - 登录过程发生意外错误: Message: unknown error: net::ERR_CONNECTION_RESET
  (Session info: MicrosoftEdge=146.0.3856.84)
Stacktrace:
	msedgedriver!GetHandleVerifier [0x7ff71df21285+da15]
	msedgedriver!GetHandleVerifier [0x7ff71df212e4+da74]
	msedgedriver!GetHandleVerifier [0x7ff71e28f8dc+37c06c]
	msedgedriver!(No symbol) [0x7ff71dc49d7c]
	msedgedriver!(No symbol) [0x7ff71dc3f1ff]
	msedgedriver!(No symbol) [0x7ff71dc4082c]
	msedgedriver!(No symbol) [0x7ff71dc3f46f]
	msedgedriver!(No symbol) [0x7ff71dc3f070]
	msedgedriver!(No symbol) [0x7ff71dc3edd5]
	msedgedriver!(No symbol) [0x7ff71dc3cf02]
	msedgedriver!(No symbol) [0x7ff71dc3d552]
	msedgedriver!(No symbol) [0x7ff71dc4f978]
	msedgedriver!(No symbol) [0x7ff71dcd0dc4]
	msedgedriver!(No symbol) [0x7ff71dcb586a]
	msedgedriver!(No symbol) [0x7ff71dc8b9b7]
	msedgedriver!(No symbol) [0x7ff71dcd07e2]
	msedgedriver!(No symbol) [0x7ff71dc8b1fc]
	msedgedriver!(No symbol) [0x7ff71dc8a456]
	msedgedriver!(No symbol) [0x7ff71dc8b023]
	msedgedriver!(No symbol) [0x7ff71dd58b69]
	msedgedriver!(No symbol) [0x7ff71dd55103]
	msedgedriver!(No symbol) [0x7ff71dd64d14]
	msedgedriver!GetHandleVerifier [0x7ff71df3c108+28898]
	msedgedriver!GetHandleVerifier [0x7ff71df448c6+31056]
	msedgedriver!GetHandleVerifier [0x7ff71df289c4+15154]
	msedgedriver!GetHandleVerifier [0x7ff71df28b09+15299]
	msedgedriver!GetHandleVerifier [0x7ff71df15d02+2492]
	KERNEL32!BaseThreadInitThunk [0x7ff83ba5e8d7+17]
	ntdll!RtlUserThreadStart [0x7ff83c00c53c+2c]
Traceback (most recent call last):
  File "C:\autoGeneratedApp\linkedInInformationCollection\scraper.py", line 95, in login
    self.close()
            ~~^^
  File "C:\autoGeneratedApp\linkedInInformationCollection\.venv\Lib\site-packages\selenium\webdriver\remote\webdriver.py", line 466, in get
    self.execute(Command.GET, {"url": url})
    ~~~~~~~~~~~~^^^^^^^^^^^^^^^^^^^^^^^^^^^
  File "C:\autoGeneratedApp\linkedInInformationCollection\.venv\Lib\site-packages\selenium\webdriver\remote\webdriver.py", line 446, in execute
    self.error_handler.check_response(response)
    ~~~~~~~~~~~~~~~~~~~~~~~~~~~~~~~~~^^^^^^^^^^
  File "C:\autoGeneratedApp\linkedInInformationCollection\.venv\Lib\site-packages\selenium\webdriver\remote\errorhandler.py", line 232, in check_response
    raise exception_class(message, screen, stacktrace)
selenium.common.exceptions.WebDriverException: Message: unknown error: net::ERR_CONNECTION_RESET
  (Session info: MicrosoftEdge=146.0.3856.84)
Stacktrace:
	msedgedriver!GetHandleVerifier [0x7ff71df21285+da15]
	msedgedriver!GetHandleVerifier [0x7ff71df212e4+da74]
	msedgedriver!GetHandleVerifier [0x7ff71e28f8dc+37c06c]
	msedgedriver!(No symbol) [0x7ff71dc49d7c]
	msedgedriver!(No symbol) [0x7ff71dc3f1ff]
	msedgedriver!(No symbol) [0x7ff71dc4082c]
	msedgedriver!(No symbol) [0x7ff71dc3f46f]
	msedgedriver!(No symbol) [0x7ff71dc3f070]
	msedgedriver!(No symbol) [0x7ff71dc3edd5]
	msedgedriver!(No symbol) [0x7ff71dc3cf02]
	msedgedriver!(No symbol) [0x7ff71dc3d552]
	msedgedriver!(No symbol) [0x7ff71dc4f978]
	msedgedriver!(No symbol) [0x7ff71dcd0dc4]
	msedgedriver!(No symbol) [0x7ff71dcb586a]
	msedgedriver!(No symbol) [0x7ff71dc8b9b7]
	msedgedriver!(No symbol) [0x7ff71dcd07e2]
	msedgedriver!(No symbol) [0x7ff71dc8b1fc]
	msedgedriver!(No symbol) [0x7ff71dc8a456]
	msedgedriver!(No symbol) [0x7ff71dc8b023]
	msedgedriver!(No symbol) [0x7ff71dd58b69]
	msedgedriver!(No symbol) [0x7ff71dd55103]
	msedgedriver!(No symbol) [0x7ff71dd64d14]
	msedgedriver!GetHandleVerifier [0x7ff71df3c108+28898]
	msedgedriver!GetHandleVerifier [0x7ff71df448c6+31056]
	msedgedriver!GetHandleVerifier [0x7ff71df289c4+15154]
	msedgedriver!GetHandleVerifier [0x7ff71df28b09+15299]
	msedgedriver!GetHandleVerifier [0x7ff71df15d02+2492]
	KERNEL32!BaseThreadInitThunk [0x7ff83ba5e8d7+17]
	ntdll!RtlUserThreadStart [0x7ff83c00c53c+2c]

2026-03-29 09:57:39,582 [ERROR] __main__ - 登录失败，本次检查跳过
2026-03-29 09:57:41,785 [INFO] scraper - 浏览器已关闭
2026-03-29 10:02:41,786 [INFO] __main__ - ▶ 开始检查新动态 …
2026-03-29 10:02:42,663 [INFO] scraper - Edge 浏览器已启动（无头模式: False）
2026-03-29 10:02:42,663 [INFO] scraper - 正在登录 LinkedIn …
2026-03-29 10:02:43,064 [ERROR] scraper - 登录过程发生意外错误: Message: unknown error: net::ERR_CONNECTION_RESET
  (Session info: MicrosoftEdge=146.0.3856.84)
Stacktrace:
	msedgedriver!GetHandleVerifier [0x7ff71df21285+da15]
	msedgedriver!GetHandleVerifier [0x7ff71df212e4+da74]
	msedgedriver!GetHandleVerifier [0x7ff71e28f8dc+37c06c]
	msedgedriver!(No symbol) [0x7ff71dc49d7c]
	msedgedriver!(No symbol) [0x7ff71dc3f1ff]
	msedgedriver!(No symbol) [0x7ff71dc4082c]
	msedgedriver!(No symbol) [0x7ff71dc3f46f]
	msedgedriver!(No symbol) [0x7ff71dc3f070]
	msedgedriver!(No symbol) [0x7ff71dc3edd5]
	msedgedriver!(No symbol) [0x7ff71dc3cf02]
	msedgedriver!(No symbol) [0x7ff71dc3d552]
	msedgedriver!(No symbol) [0x7ff71dc4f978]
	msedgedriver!(No symbol) [0x7ff71dcd0dc4]
	msedgedriver!(No symbol) [0x7ff71dcb586a]
	msedgedriver!(No symbol) [0x7ff71dc8b9b7]
	msedgedriver!(No symbol) [0x7ff71dcd07e2]
	msedgedriver!(No symbol) [0x7ff71dc8b1fc]
	msedgedriver!(No symbol) [0x7ff71dc8a456]
	msedgedriver!(No symbol) [0x7ff71dc8b023]
	msedgedriver!(No symbol) [0x7ff71dd58b69]
	msedgedriver!(No symbol) [0x7ff71dd55103]
	msedgedriver!(No symbol) [0x7ff71dd64d14]
	msedgedriver!GetHandleVerifier [0x7ff71df3c108+28898]
	msedgedriver!GetHandleVerifier [0x7ff71df448c6+31056]
	msedgedriver!GetHandleVerifier [0x7ff71df289c4+15154]
	msedgedriver!GetHandleVerifier [0x7ff71df28b09+15299]
	msedgedriver!GetHandleVerifier [0x7ff71df15d02+2492]
	KERNEL32!BaseThreadInitThunk [0x7ff83ba5e8d7+17]
	ntdll!RtlUserThreadStart [0x7ff83c00c53c+2c]
Traceback (most recent call last):
  File "C:\autoGeneratedApp\linkedInInformationCollection\scraper.py", line 95, in login
    self.close()
            ~~^^
  File "C:\autoGeneratedApp\linkedInInformationCollection\.venv\Lib\site-packages\selenium\webdriver\remote\webdriver.py", line 466, in get
    self.execute(Command.GET, {"url": url})
    ~~~~~~~~~~~~^^^^^^^^^^^^^^^^^^^^^^^^^^^
  File "C:\autoGeneratedApp\linkedInInformationCollection\.venv\Lib\site-packages\selenium\webdriver\remote\webdriver.py", line 446, in execute
    self.error_handler.check_response(response)
    ~~~~~~~~~~~~~~~~~~~~~~~~~~~~~~~~~^^^^^^^^^^
  File "C:\autoGeneratedApp\linkedInInformationCollection\.venv\Lib\site-packages\selenium\webdriver\remote\errorhandler.py", line 232, in check_response
    raise exception_class(message, screen, stacktrace)
selenium.common.exceptions.WebDriverException: Message: unknown error: net::ERR_CONNECTION_RESET
  (Session info: MicrosoftEdge=146.0.3856.84)
Stacktrace:
	msedgedriver!GetHandleVerifier [0x7ff71df21285+da15]
	msedgedriver!GetHandleVerifier [0x7ff71df212e4+da74]
	msedgedriver!GetHandleVerifier [0x7ff71e28f8dc+37c06c]
	msedgedriver!(No symbol) [0x7ff71dc49d7c]
	msedgedriver!(No symbol) [0x7ff71dc3f1ff]
	msedgedriver!(No symbol) [0x7ff71dc4082c]
	msedgedriver!(No symbol) [0x7ff71dc3f46f]
	msedgedriver!(No symbol) [0x7ff71dc3f070]
	msedgedriver!(No symbol) [0x7ff71dc3edd5]
	msedgedriver!(No symbol) [0x7ff71dc3cf02]
	msedgedriver!(No symbol) [0x7ff71dc3d552]
	msedgedriver!(No symbol) [0x7ff71dc4f978]
	msedgedriver!(No symbol) [0x7ff71dcd0dc4]
	msedgedriver!(No symbol) [0x7ff71dcb586a]
	msedgedriver!(No symbol) [0x7ff71dc8b9b7]
	msedgedriver!(No symbol) [0x7ff71dcd07e2]
	msedgedriver!(No symbol) [0x7ff71dc8b1fc]
	msedgedriver!(No symbol) [0x7ff71dc8a456]
	msedgedriver!(No symbol) [0x7ff71dc8b023]
	msedgedriver!(No symbol) [0x7ff71dd58b69]
	msedgedriver!(No symbol) [0x7ff71dd55103]
	msedgedriver!(No symbol) [0x7ff71dd64d14]
	msedgedriver!GetHandleVerifier [0x7ff71df3c108+28898]
	msedgedriver!GetHandleVerifier [0x7ff71df448c6+31056]
	msedgedriver!GetHandleVerifier [0x7ff71df289c4+15154]
	msedgedriver!GetHandleVerifier [0x7ff71df28b09+15299]
	msedgedriver!GetHandleVerifier [0x7ff71df15d02+2492]
	KERNEL32!BaseThreadInitThunk [0x7ff83ba5e8d7+17]
	ntdll!RtlUserThreadStart [0x7ff83c00c53c+2c]

2026-03-29 10:02:43,067 [ERROR] __main__ - 登录失败，本次检查跳过
2026-03-29 10:02:45,272 [INFO] scraper - 浏览器已关闭
2026-03-29 10:07:45,273 [INFO] __main__ - ▶ 开始检查新动态 …
2026-03-29 10:07:46,135 [INFO] scraper - Edge 浏览器已启动（无头模式: False）
2026-03-29 10:07:46,136 [INFO] scraper - 正在登录 LinkedIn …
2026-03-29 10:07:46,512 [ERROR] scraper - 登录过程发生意外错误: Message: unknown error: net::ERR_CONNECTION_RESET
  (Session info: MicrosoftEdge=146.0.3856.84)
Stacktrace:
	msedgedriver!GetHandleVerifier [0x7ff71df21285+da15]
	msedgedriver!GetHandleVerifier [0x7ff71df212e4+da74]
	msedgedriver!GetHandleVerifier [0x7ff71e28f8dc+37c06c]
	msedgedriver!(No symbol) [0x7ff71dc49d7c]
	msedgedriver!(No symbol) [0x7ff71dc3f1ff]
	msedgedriver!(No symbol) [0x7ff71dc4082c]
	msedgedriver!(No symbol) [0x7ff71dc3f46f]
	msedgedriver!(No symbol) [0x7ff71dc3f070]
	msedgedriver!(No symbol) [0x7ff71dc3edd5]
	msedgedriver!(No symbol) [0x7ff71dc3cf02]
	msedgedriver!(No symbol) [0x7ff71dc3d552]
	msedgedriver!(No symbol) [0x7ff71dc4f978]
	msedgedriver!(No symbol) [0x7ff71dcd0dc4]
	msedgedriver!(No symbol) [0x7ff71dcb586a]
	msedgedriver!(No symbol) [0x7ff71dc8b9b7]
	msedgedriver!(No symbol) [0x7ff71dcd07e2]
	msedgedriver!(No symbol) [0x7ff71dc8b1fc]
	msedgedriver!(No symbol) [0x7ff71dc8a456]
	msedgedriver!(No symbol) [0x7ff71dc8b023]
	msedgedriver!(No symbol) [0x7ff71dd58b69]
	msedgedriver!(No symbol) [0x7ff71dd55103]
	msedgedriver!(No symbol) [0x7ff71dd64d14]
	msedgedriver!GetHandleVerifier [0x7ff71df3c108+28898]
	msedgedriver!GetHandleVerifier [0x7ff71df448c6+31056]
	msedgedriver!GetHandleVerifier [0x7ff71df289c4+15154]
	msedgedriver!GetHandleVerifier [0x7ff71df28b09+15299]
	msedgedriver!GetHandleVerifier [0x7ff71df15d02+2492]
	KERNEL32!BaseThreadInitThunk [0x7ff83ba5e8d7+17]
	ntdll!RtlUserThreadStart [0x7ff83c00c53c+2c]
Traceback (most recent call last):
  File "C:\autoGeneratedApp\linkedInInformationCollection\scraper.py", line 95, in login
    self.close()
            ~~^^
  File "C:\autoGeneratedApp\linkedInInformationCollection\.venv\Lib\site-packages\selenium\webdriver\remote\webdriver.py", line 466, in get
    self.execute(Command.GET, {"url": url})
    ~~~~~~~~~~~~^^^^^^^^^^^^^^^^^^^^^^^^^^^
  File "C:\autoGeneratedApp\linkedInInformationCollection\.venv\Lib\site-packages\selenium\webdriver\remote\webdriver.py", line 446, in execute
    self.error_handler.check_response(response)
    ~~~~~~~~~~~~~~~~~~~~~~~~~~~~~~~~~^^^^^^^^^^
  File "C:\autoGeneratedApp\linkedInInformationCollection\.venv\Lib\site-packages\selenium\webdriver\remote\errorhandler.py", line 232, in check_response
    raise exception_class(message, screen, stacktrace)
selenium.common.exceptions.WebDriverException: Message: unknown error: net::ERR_CONNECTION_RESET
  (Session info: MicrosoftEdge=146.0.3856.84)
Stacktrace:
	msedgedriver!GetHandleVerifier [0x7ff71df21285+da15]
	msedgedriver!GetHandleVerifier [0x7ff71df212e4+da74]
	msedgedriver!GetHandleVerifier [0x7ff71e28f8dc+37c06c]
	msedgedriver!(No symbol) [0x7ff71dc49d7c]
	msedgedriver!(No symbol) [0x7ff71dc3f1ff]
	msedgedriver!(No symbol) [0x7ff71dc4082c]
	msedgedriver!(No symbol) [0x7ff71dc3f46f]
	msedgedriver!(No symbol) [0x7ff71dc3f070]
	msedgedriver!(No symbol) [0x7ff71dc3edd5]
	msedgedriver!(No symbol) [0x7ff71dc3cf02]
	msedgedriver!(No symbol) [0x7ff71dc3d552]
	msedgedriver!(No symbol) [0x7ff71dc4f978]
	msedgedriver!(No symbol) [0x7ff71dcd0dc4]
	msedgedriver!(No symbol) [0x7ff71dcb586a]
	msedgedriver!(No symbol) [0x7ff71dc8b9b7]
	msedgedriver!(No symbol) [0x7ff71dcd07e2]
	msedgedriver!(No symbol) [0x7ff71dc8b1fc]
	msedgedriver!(No symbol) [0x7ff71dc8a456]
	msedgedriver!(No symbol) [0x7ff71dc8b023]
	msedgedriver!(No symbol) [0x7ff71dd58b69]
	msedgedriver!(No symbol) [0x7ff71dd55103]
	msedgedriver!(No symbol) [0x7ff71dd64d14]
	msedgedriver!GetHandleVerifier [0x7ff71df3c108+28898]
	msedgedriver!GetHandleVerifier [0x7ff71df448c6+31056]
	msedgedriver!GetHandleVerifier [0x7ff71df289c4+15154]
	msedgedriver!GetHandleVerifier [0x7ff71df28b09+15299]
	msedgedriver!GetHandleVerifier [0x7ff71df15d02+2492]
	KERNEL32!BaseThreadInitThunk [0x7ff83ba5e8d7+17]
	ntdll!RtlUserThreadStart [0x7ff83c00c53c+2c]

2026-03-29 10:07:46,514 [ERROR] __main__ - 登录失败，本次检查跳过
2026-03-29 10:07:48,717 [INFO] scraper - 浏览器已关闭
2026-03-29 10:12:48,719 [INFO] __main__ - ▶ 开始检查新动态 …
2026-03-29 10:12:49,937 [INFO] scraper - Edge 浏览器已启动（无头模式: False）
2026-03-29 10:12:49,938 [INFO] scraper - 正在登录 LinkedIn …
2026-03-29 10:12:52,520 [ERROR] scraper - 登录过程发生意外错误: Message: invalid session id: session deleted as the browser has closed the connection
from disconnected: not connected to DevTools
  (Session info: MicrosoftEdge=146.0.3856.84); For documentation on this error, please visit: https://www.selenium.dev/documentation/webdriver/troubleshooting/errors#invalidsessionidexception
Stacktrace:
	msedgedriver!GetHandleVerifier [0x7ff71df21285+da15]
	msedgedriver!GetHandleVerifier [0x7ff71df212e4+da74]
	msedgedriver!GetHandleVerifier [0x7ff71e28f8dc+37c06c]
	msedgedriver!(No symbol) [0x7ff71dc3dc92]
	msedgedriver!(No symbol) [0x7ff71dc59583]
	msedgedriver!(No symbol) [0x7ff71dcba571]
	msedgedriver!(No symbol) [0x7ff71dcd00ef]
	msedgedriver!(No symbol) [0x7ff71dc8b1fc]
	msedgedriver!(No symbol) [0x7ff71dc8a456]
	msedgedriver!(No symbol) [0x7ff71dc8b023]
	msedgedriver!(No symbol) [0x7ff71dd58b69]
	msedgedriver!(No symbol) [0x7ff71dd55103]
	msedgedriver!(No symbol) [0x7ff71dd64d14]
	msedgedriver!GetHandleVerifier [0x7ff71df3c108+28898]
	msedgedriver!GetHandleVerifier [0x7ff71df448c6+31056]
	msedgedriver!GetHandleVerifier [0x7ff71df289c4+15154]
	msedgedriver!GetHandleVerifier [0x7ff71df28b09+15299]
	msedgedriver!GetHandleVerifier [0x7ff71df15d02+2492]
	KERNEL32!BaseThreadInitThunk [0x7ff83ba5e8d7+17]
	ntdll!RtlUserThreadStart [0x7ff83c00c53c+2c]
Traceback (most recent call last):
  File "C:\autoGeneratedApp\linkedInInformationCollection\scraper.py", line 98, in login
    # Public API
    # ------------------------------------------------------------------ #
    
  File "C:\autoGeneratedApp\linkedInInformationCollection\.venv\Lib\site-packages\selenium\webdriver\support\wait.py", line 112, in until
    value = method(self._driver)
  File "C:\autoGeneratedApp\linkedInInformationCollection\.venv\Lib\site-packages\selenium\webdriver\support\expected_conditions.py", line 92, in _predicate
    return driver.find_element(*locator)
           ~~~~~~~~~~~~~~~~~~~^^^^^^^^^^
  File "C:\autoGeneratedApp\linkedInInformationCollection\.venv\Lib\site-packages\selenium\webdriver\remote\webdriver.py", line 816, in find_element
    return self.execute(Command.FIND_ELEMENT, {"using": by, "value": value})["value"]
           ~~~~~~~~~~~~^^^^^^^^^^^^^^^^^^^^^^^^^^^^^^^^^^^^^^^^^^^^^^^^^^^^^
  File "C:\autoGeneratedApp\linkedInInformationCollection\.venv\Lib\site-packages\selenium\webdriver\remote\webdriver.py", line 446, in execute
    self.error_handler.check_response(response)
    ~~~~~~~~~~~~~~~~~~~~~~~~~~~~~~~~~^^^^^^^^^^
  File "C:\autoGeneratedApp\linkedInInformationCollection\.venv\Lib\site-packages\selenium\webdriver\remote\errorhandler.py", line 232, in check_response
    raise exception_class(message, screen, stacktrace)
selenium.common.exceptions.InvalidSessionIdException: Message: invalid session id: session deleted as the browser has closed the connection
from disconnected: not connected to DevTools
  (Session info: MicrosoftEdge=146.0.3856.84); For documentation on this error, please visit: https://www.selenium.dev/documentation/webdriver/troubleshooting/errors#invalidsessionidexception
Stacktrace:
	msedgedriver!GetHandleVerifier [0x7ff71df21285+da15]
	msedgedriver!GetHandleVerifier [0x7ff71df212e4+da74]
	msedgedriver!GetHandleVerifier [0x7ff71e28f8dc+37c06c]
	msedgedriver!(No symbol) [0x7ff71dc3dc92]
	msedgedriver!(No symbol) [0x7ff71dc59583]
	msedgedriver!(No symbol) [0x7ff71dcba571]
	msedgedriver!(No symbol) [0x7ff71dcd00ef]
	msedgedriver!(No symbol) [0x7ff71dc8b1fc]
	msedgedriver!(No symbol) [0x7ff71dc8a456]
	msedgedriver!(No symbol) [0x7ff71dc8b023]
	msedgedriver!(No symbol) [0x7ff71dd58b69]
	msedgedriver!(No symbol) [0x7ff71dd55103]
	msedgedriver!(No symbol) [0x7ff71dd64d14]
	msedgedriver!GetHandleVerifier [0x7ff71df3c108+28898]
	msedgedriver!GetHandleVerifier [0x7ff71df448c6+31056]
	msedgedriver!GetHandleVerifier [0x7ff71df289c4+15154]
	msedgedriver!GetHandleVerifier [0x7ff71df28b09+15299]
	msedgedriver!GetHandleVerifier [0x7ff71df15d02+2492]
	KERNEL32!BaseThreadInitThunk [0x7ff83ba5e8d7+17]
	ntdll!RtlUserThreadStart [0x7ff83c00c53c+2c]

2026-03-29 10:12:52,575 [ERROR] __main__ - 登录失败，本次检查跳过
2026-03-29 10:12:54,683 [INFO] scraper - 浏览器已关闭
2026-03-29 10:15:31,402 [INFO] __main__ - ============================================================
2026-03-29 10:15:31,403 [INFO] __main__ - LinkedIn 动态追踪器已启动
2026-03-29 10:15:31,403 [INFO] __main__ - 监控目标: https://www.linkedin.com/in/jianshu-dong-1191b9129/
2026-03-29 10:15:31,403 [INFO] __main__ - 检查间隔: 60 分钟
2026-03-29 10:15:31,403 [INFO] __main__ - 通知邮箱: 360142420@qq.com
2026-03-29 10:15:31,403 [INFO] __main__ - ============================================================
2026-03-29 10:16:17,903 [INFO] __main__ - ============================================================
2026-03-29 10:16:17,903 [INFO] __main__ - LinkedIn 动态追踪器已启动
2026-03-29 10:16:17,904 [INFO] __main__ - 监控目标: https://www.linkedin.com/in/jianshu-dong-1191b9129/
2026-03-29 10:16:17,904 [INFO] __main__ - 检查间隔: 60 分钟
2026-03-29 10:16:17,904 [INFO] __main__ - 通知邮箱: 360142420@qq.com
2026-03-29 10:16:17,904 [INFO] __main__ - ============================================================
2026-03-29 10:16:19,212 [INFO] scraper - Edge 浏览器已启动（无头模式: False，会话目录: C:\autoGeneratedApp\linkedInInformationCollection\.edge_profile）
2026-03-29 10:16:19,215 [INFO] scraper - 正在登录 LinkedIn …
2026-03-29 10:16:19,895 [ERROR] scraper - 登录过程发生意外错误: Message: unknown error: net::ERR_CONNECTION_RESET
  (Session info: MicrosoftEdge=146.0.3856.84)
Stacktrace:
	msedgedriver!GetHandleVerifier [0x7ff71df21285+da15]
	msedgedriver!GetHandleVerifier [0x7ff71df212e4+da74]
	msedgedriver!GetHandleVerifier [0x7ff71e28f8dc+37c06c]
	msedgedriver!(No symbol) [0x7ff71dc49d7c]
	msedgedriver!(No symbol) [0x7ff71dc3f1ff]
	msedgedriver!(No symbol) [0x7ff71dc4082c]
	msedgedriver!(No symbol) [0x7ff71dc3f46f]
	msedgedriver!(No symbol) [0x7ff71dc3f070]
	msedgedriver!(No symbol) [0x7ff71dc3edd5]
	msedgedriver!(No symbol) [0x7ff71dc3cf02]
	msedgedriver!(No symbol) [0x7ff71dc3d552]
	msedgedriver!(No symbol) [0x7ff71dc4f978]
	msedgedriver!(No symbol) [0x7ff71dcd0dc4]
	msedgedriver!(No symbol) [0x7ff71dcb586a]
	msedgedriver!(No symbol) [0x7ff71dc8b9b7]
	msedgedriver!(No symbol) [0x7ff71dcd07e2]
	msedgedriver!(No symbol) [0x7ff71dc8b1fc]
	msedgedriver!(No symbol) [0x7ff71dc8a456]
	msedgedriver!(No symbol) [0x7ff71dc8b023]
	msedgedriver!(No symbol) [0x7ff71dd58b69]
	msedgedriver!(No symbol) [0x7ff71dd55103]
	msedgedriver!(No symbol) [0x7ff71dd64d14]
	msedgedriver!GetHandleVerifier [0x7ff71df3c108+28898]
	msedgedriver!GetHandleVerifier [0x7ff71df448c6+31056]
	msedgedriver!GetHandleVerifier [0x7ff71df289c4+15154]
	msedgedriver!GetHandleVerifier [0x7ff71df28b09+15299]
	msedgedriver!GetHandleVerifier [0x7ff71df15d02+2492]
	KERNEL32!BaseThreadInitThunk [0x7ff83ba5e8d7+17]
	ntdll!RtlUserThreadStart [0x7ff83c00c53c+2c]
Traceback (most recent call last):
  File "C:\autoGeneratedApp\linkedInInformationCollection\scraper.py", line 106, in login
    self._driver.get(self._LOGIN_URL)
    ~~~~~~~~~~~~~~~~^^^^^^^^^^^^^^^^^
  File "C:\autoGeneratedApp\linkedInInformationCollection\.venv\Lib\site-packages\selenium\webdriver\remote\webdriver.py", line 466, in get
    self.execute(Command.GET, {"url": url})
    ~~~~~~~~~~~~^^^^^^^^^^^^^^^^^^^^^^^^^^^
  File "C:\autoGeneratedApp\linkedInInformationCollection\.venv\Lib\site-packages\selenium\webdriver\remote\webdriver.py", line 446, in execute
    self.error_handler.check_response(response)
    ~~~~~~~~~~~~~~~~~~~~~~~~~~~~~~~~~^^^^^^^^^^
  File "C:\autoGeneratedApp\linkedInInformationCollection\.venv\Lib\site-packages\selenium\webdriver\remote\errorhandler.py", line 232, in check_response
    raise exception_class(message, screen, stacktrace)
selenium.common.exceptions.WebDriverException: Message: unknown error: net::ERR_CONNECTION_RESET
  (Session info: MicrosoftEdge=146.0.3856.84)
Stacktrace:
	msedgedriver!GetHandleVerifier [0x7ff71df21285+da15]
	msedgedriver!GetHandleVerifier [0x7ff71df212e4+da74]
	msedgedriver!GetHandleVerifier [0x7ff71e28f8dc+37c06c]
	msedgedriver!(No symbol) [0x7ff71dc49d7c]
	msedgedriver!(No symbol) [0x7ff71dc3f1ff]
	msedgedriver!(No symbol) [0x7ff71dc4082c]
	msedgedriver!(No symbol) [0x7ff71dc3f46f]
	msedgedriver!(No symbol) [0x7ff71dc3f070]
	msedgedriver!(No symbol) [0x7ff71dc3edd5]
	msedgedriver!(No symbol) [0x7ff71dc3cf02]
	msedgedriver!(No symbol) [0x7ff71dc3d552]
	msedgedriver!(No symbol) [0x7ff71dc4f978]
	msedgedriver!(No symbol) [0x7ff71dcd0dc4]
	msedgedriver!(No symbol) [0x7ff71dcb586a]
	msedgedriver!(No symbol) [0x7ff71dc8b9b7]
	msedgedriver!(No symbol) [0x7ff71dcd07e2]
	msedgedriver!(No symbol) [0x7ff71dc8b1fc]
	msedgedriver!(No symbol) [0x7ff71dc8a456]
	msedgedriver!(No symbol) [0x7ff71dc8b023]
	msedgedriver!(No symbol) [0x7ff71dd58b69]
	msedgedriver!(No symbol) [0x7ff71dd55103]
	msedgedriver!(No symbol) [0x7ff71dd64d14]
	msedgedriver!GetHandleVerifier [0x7ff71df3c108+28898]
	msedgedriver!GetHandleVerifier [0x7ff71df448c6+31056]
	msedgedriver!GetHandleVerifier [0x7ff71df289c4+15154]
	msedgedriver!GetHandleVerifier [0x7ff71df28b09+15299]
	msedgedriver!GetHandleVerifier [0x7ff71df15d02+2492]
	KERNEL32!BaseThreadInitThunk [0x7ff83ba5e8d7+17]
	ntdll!RtlUserThreadStart [0x7ff83c00c53c+2c]

2026-03-29 10:16:32,035 [INFO] scraper - 浏览器已关闭
2026-03-29 10:16:32,035 [ERROR] __main__ - 启动登录失败，程序退出。请检查账号或手动完成验证后重新运行。
2026-03-29 10:19:10,086 [INFO] __main__ - ============================================================
2026-03-29 10:19:10,086 [INFO] __main__ - LinkedIn 动态追踪器已启动
2026-03-29 10:19:10,086 [INFO] __main__ - 监控目标: https://www.linkedin.com/in/jianshu-dong-1191b9129/
2026-03-29 10:19:10,086 [INFO] __main__ - 检查间隔: 60 分钟
2026-03-29 10:19:10,087 [INFO] __main__ - 通知邮箱: 360142420@qq.com
2026-03-29 10:19:10,087 [INFO] __main__ - ============================================================
2026-03-29 10:19:11,272 [INFO] scraper - Edge 浏览器已启动（无头模式: False，会话目录: C:\autoGeneratedApp\linkedInInformationCollection\.edge_profile）
2026-03-29 10:19:11,274 [INFO] scraper - 正在登录 LinkedIn …
2026-03-29 10:19:21,264 [INFO] scraper - 检测到已存在登录会话，跳过账号密码输入
2026-03-29 10:19:21,265 [INFO] __main__ - 登录成功，浏览器将持续保持，不再重复登录
2026-03-29 10:19:21,265 [INFO] __main__ - ▶ 开始检查新动态 …
2026-03-29 10:19:21,271 [INFO] scraper - 访问用户动态页: https://www.linkedin.com/in/jianshu-dong-1191b9129/recent-activity/all/
2026-03-29 10:19:36,563 [INFO] scraper - 共抓取到 5 条帖子
2026-03-29 10:19:36,563 [INFO] __main__ - ✔ 无新动态
2026-03-29 10:19:36,563 [INFO] __main__ - 定时任务已设置，按 Ctrl+C 停止程序
2026-03-29 11:19:36,587 [INFO] __main__ - ▶ 开始检查新动态 …
2026-03-29 11:19:36,657 [INFO] scraper - 访问用户动态页: https://www.linkedin.com/in/jianshu-dong-1191b9129/recent-activity/all/
2026-03-29 11:19:54,365 [INFO] scraper - 共抓取到 5 条帖子
2026-03-29 11:19:54,365 [INFO] __main__ - ✔ 无新动态
2026-03-29 12:19:54,395 [INFO] __main__ - ▶ 开始检查新动态 …
2026-03-29 12:19:54,456 [INFO] scraper - 访问用户动态页: https://www.linkedin.com/in/jianshu-dong-1191b9129/recent-activity/all/
2026-03-29 12:20:18,186 [INFO] scraper - 共抓取到 5 条帖子
2026-03-29 12:20:18,186 [INFO] __main__ - ✔ 无新动态
2026-03-29 13:20:18,216 [INFO] __main__ - ▶ 开始检查新动态 …
2026-03-29 13:20:18,276 [INFO] scraper - 访问用户动态页: https://www.linkedin.com/in/jianshu-dong-1191b9129/recent-activity/all/
2026-03-29 13:20:34,971 [INFO] scraper - 共抓取到 5 条帖子
2026-03-29 13:20:34,971 [INFO] __main__ - ✔ 无新动态
2026-03-29 14:20:35,010 [INFO] __main__ - ▶ 开始检查新动态 …
2026-03-29 14:20:35,065 [INFO] scraper - 访问用户动态页: https://www.linkedin.com/in/jianshu-dong-1191b9129/recent-activity/all/
2026-03-29 14:20:51,640 [INFO] scraper - 共抓取到 5 条帖子
2026-03-29 14:20:51,641 [INFO] __main__ - ✔ 无新动态
2026-03-29 15:21:21,410 [INFO] __main__ - ▶ 开始检查新动态 …
2026-03-29 15:21:21,512 [INFO] scraper - 访问用户动态页: https://www.linkedin.com/in/jianshu-dong-1191b9129/recent-activity/all/
2026-03-29 15:21:37,554 [INFO] scraper - 共抓取到 5 条帖子
2026-03-29 15:21:37,555 [INFO] __main__ - ✔ 无新动态
2026-03-29 16:22:07,475 [INFO] __main__ - ▶ 开始检查新动态 …
2026-03-29 16:22:07,543 [INFO] scraper - 访问用户动态页: https://www.linkedin.com/in/jianshu-dong-1191b9129/recent-activity/all/
2026-03-29 16:22:15,921 [INFO] scraper - 共抓取到 5 条帖子
2026-03-29 16:22:15,922 [INFO] __main__ - ✔ 无新动态
2026-03-29 17:22:15,938 [INFO] __main__ - ▶ 开始检查新动态 …
2026-03-29 17:22:16,002 [INFO] scraper - 访问用户动态页: https://www.linkedin.com/in/jianshu-dong-1191b9129/recent-activity/all/
2026-03-29 17:22:32,690 [INFO] scraper - 共抓取到 5 条帖子
2026-03-29 17:22:32,690 [INFO] __main__ - ✔ 无新动态
2026-03-29 18:23:02,668 [INFO] __main__ - ▶ 开始检查新动态 …
2026-03-29 18:23:02,729 [INFO] scraper - 访问用户动态页: https://www.linkedin.com/in/jianshu-dong-1191b9129/recent-activity/all/
2026-03-29 18:23:29,820 [INFO] scraper - 共抓取到 5 条帖子
2026-03-29 18:23:29,820 [INFO] __main__ - ✔ 无新动态
2026-03-29 19:23:29,831 [INFO] __main__ - ▶ 开始检查新动态 …
2026-03-29 19:23:29,887 [INFO] scraper - 访问用户动态页: https://www.linkedin.com/in/jianshu-dong-1191b9129/recent-activity/all/
2026-03-29 19:23:48,200 [INFO] scraper - 共抓取到 5 条帖子
2026-03-29 19:23:48,200 [INFO] __main__ - ✔ 无新动态
2026-03-29 20:23:48,219 [INFO] __main__ - ▶ 开始检查新动态 …
2026-03-29 20:23:48,273 [INFO] scraper - 访问用户动态页: https://www.linkedin.com/in/jianshu-dong-1191b9129/recent-activity/all/
2026-03-29 20:24:03,939 [INFO] scraper - 共抓取到 5 条帖子
2026-03-29 20:24:03,939 [INFO] __main__ - ✔ 无新动态
2026-03-29 21:24:03,951 [INFO] __main__ - ▶ 开始检查新动态 …
2026-03-29 21:24:04,018 [INFO] scraper - 访问用户动态页: https://www.linkedin.com/in/jianshu-dong-1191b9129/recent-activity/all/
2026-03-29 21:24:20,696 [INFO] scraper - 共抓取到 5 条帖子
2026-03-29 21:24:20,697 [INFO] __main__ - ✔ 无新动态
2026-03-29 22:24:20,723 [INFO] __main__ - ▶ 开始检查新动态 …
2026-03-29 22:24:20,778 [INFO] scraper - 访问用户动态页: https://www.linkedin.com/in/jianshu-dong-1191b9129/recent-activity/all/
2026-03-29 22:24:37,343 [INFO] scraper - 共抓取到 5 条帖子
2026-03-29 22:24:37,343 [INFO] __main__ - ✔ 无新动态
2026-03-30 13:09:46,485 [INFO] __main__ - ============================================================
2026-03-30 13:09:46,486 [INFO] __main__ - LinkedIn 动态追踪器已启动
2026-03-30 13:09:46,487 [INFO] __main__ - 监控目标: https://www.linkedin.com/in/jianshu-dong-1191b9129/
2026-03-30 13:09:46,487 [INFO] __main__ - 检查间隔: 60 分钟
2026-03-30 13:09:46,488 [INFO] __main__ - 通知邮箱: 360142420@qq.com
2026-03-30 13:09:46,488 [INFO] __main__ - ============================================================
2026-03-30 13:09:53,150 [INFO] scraper - Edge 浏览器已启动（无头模式: False，会话目录: C:\autoGeneratedApp\linkedInInformationCollection\.edge_profile）
2026-03-30 13:09:53,153 [INFO] scraper - 正在登录 LinkedIn …
2026-03-30 13:10:41,729 [ERROR] scraper - 登录过程发生意外错误: Message: target frame detached
  (failed to check if window was closed: disconnected: Unable to receive message from renderer)
  (Session info: MicrosoftEdge=146.0.3856.84)
Stacktrace:
	msedgedriver!GetHandleVerifier [0x7ff692d41285+da15]
	msedgedriver!GetHandleVerifier [0x7ff692d412e4+da74]
	msedgedriver!(No symbol) [0x7ff692a6c3ce]
	msedgedriver!(No symbol) [0x7ff692a5ed68]
	msedgedriver!(No symbol) [0x7ff692a5de65]
	msedgedriver!(No symbol) [0x7ff692a79583]
	msedgedriver!(No symbol) [0x7ff692ada571]
	msedgedriver!(No symbol) [0x7ff692af00ef]
	msedgedriver!(No symbol) [0x7ff692aab1fc]
	msedgedriver!(No symbol) [0x7ff692aaa456]
	msedgedriver!(No symbol) [0x7ff692aab023]
	msedgedriver!(No symbol) [0x7ff692b78b69]
	msedgedriver!(No symbol) [0x7ff692b75103]
	msedgedriver!(No symbol) [0x7ff692b84d14]
	msedgedriver!GetHandleVerifier [0x7ff692d5c108+28898]
	msedgedriver!GetHandleVerifier [0x7ff692d648c6+31056]
	msedgedriver!GetHandleVerifier [0x7ff692d489c4+15154]
	msedgedriver!GetHandleVerifier [0x7ff692d48b09+15299]
	msedgedriver!GetHandleVerifier [0x7ff692d35d02+2492]
	KERNEL32!BaseThreadInitThunk [0x7ffeeb6fe8d7+17]
	ntdll!RtlUserThreadStart [0x7ffeec9cc53c+2c]
Traceback (most recent call last):
  File "C:\autoGeneratedApp\linkedInInformationCollection\scraper.py", line 115, in login
    email_field = wait.until(
        EC.presence_of_element_located((By.ID, "username"))
    )
  File "C:\autoGeneratedApp\linkedInInformationCollection\.venv\Lib\site-packages\selenium\webdriver\support\wait.py", line 112, in until
    value = method(self._driver)
  File "C:\autoGeneratedApp\linkedInInformationCollection\.venv\Lib\site-packages\selenium\webdriver\support\expected_conditions.py", line 92, in _predicate
    return driver.find_element(*locator)
           ~~~~~~~~~~~~~~~~~~~^^^^^^^^^^
  File "C:\autoGeneratedApp\linkedInInformationCollection\.venv\Lib\site-packages\selenium\webdriver\remote\webdriver.py", line 816, in find_element
    return self.execute(Command.FIND_ELEMENT, {"using": by, "value": value})["value"]
           ~~~~~~~~~~~~^^^^^^^^^^^^^^^^^^^^^^^^^^^^^^^^^^^^^^^^^^^^^^^^^^^^^
  File "C:\autoGeneratedApp\linkedInInformationCollection\.venv\Lib\site-packages\selenium\webdriver\remote\webdriver.py", line 446, in execute
    self.error_handler.check_response(response)
    ~~~~~~~~~~~~~~~~~~~~~~~~~~~~~~~~~^^^^^^^^^^
  File "C:\autoGeneratedApp\linkedInInformationCollection\.venv\Lib\site-packages\selenium\webdriver\remote\errorhandler.py", line 232, in check_response
    raise exception_class(message, screen, stacktrace)
selenium.common.exceptions.WebDriverException: Message: target frame detached
  (failed to check if window was closed: disconnected: Unable to receive message from renderer)
  (Session info: MicrosoftEdge=146.0.3856.84)
Stacktrace:
	msedgedriver!GetHandleVerifier [0x7ff692d41285+da15]
	msedgedriver!GetHandleVerifier [0x7ff692d412e4+da74]
	msedgedriver!(No symbol) [0x7ff692a6c3ce]
	msedgedriver!(No symbol) [0x7ff692a5ed68]
	msedgedriver!(No symbol) [0x7ff692a5de65]
	msedgedriver!(No symbol) [0x7ff692a79583]
	msedgedriver!(No symbol) [0x7ff692ada571]
	msedgedriver!(No symbol) [0x7ff692af00ef]
	msedgedriver!(No symbol) [0x7ff692aab1fc]
	msedgedriver!(No symbol) [0x7ff692aaa456]
	msedgedriver!(No symbol) [0x7ff692aab023]
	msedgedriver!(No symbol) [0x7ff692b78b69]
	msedgedriver!(No symbol) [0x7ff692b75103]
	msedgedriver!(No symbol) [0x7ff692b84d14]
	msedgedriver!GetHandleVerifier [0x7ff692d5c108+28898]
	msedgedriver!GetHandleVerifier [0x7ff692d648c6+31056]
	msedgedriver!GetHandleVerifier [0x7ff692d489c4+15154]
	msedgedriver!GetHandleVerifier [0x7ff692d48b09+15299]
	msedgedriver!GetHandleVerifier [0x7ff692d35d02+2492]
	KERNEL32!BaseThreadInitThunk [0x7ffeeb6fe8d7+17]
	ntdll!RtlUserThreadStart [0x7ffeec9cc53c+2c]

2026-03-30 13:10:44,352 [INFO] scraper - 浏览器已关闭
2026-03-30 13:10:44,353 [ERROR] __main__ - 启动登录失败，程序退出。请检查账号或手动完成验证后重新运行。
2026-03-30 14:32:22,470 [INFO] __main__ - ============================================================
2026-03-30 14:32:22,471 [INFO] __main__ - LinkedIn 动态追踪器已启动
2026-03-30 14:32:22,471 [INFO] __main__ - 监控目标: https://www.linkedin.com/in/jianshu-dong-1191b9129/
2026-03-30 14:32:22,471 [INFO] __main__ - 检查间隔: 60 分钟
2026-03-30 14:32:22,471 [INFO] __main__ - 通知邮箱: 360142420@qq.com
2026-03-30 14:32:22,472 [INFO] __main__ - ============================================================
2026-03-30 14:32:45,601 [INFO] scraper - Edge 浏览器已启动（无头模式: False，会话目录: C:\autoGeneratedApp\linkedInInformationCollection\.edge_profile）
2026-03-30 14:32:45,601 [INFO] scraper - 正在登录 LinkedIn …
